ticker,date,month,time,minute,expiry_mode,action,score,pred_call_return,pred_put_return,call_return,put_return,realized_return,deploy_config,test_month,source_variant,source_priority,config_selector_mode,selected_variants,selected_max_day,selected_cooldown,selected_daily_order
SPY,20260102,202601,10:00,600,zero_dte,CALL,-0.4473322576007165,-0.4473322576007165,-0.4725766541153081,-0.6,5.0,-0.6,thr-999.000_maxday3,202601,d25,0,NO_HISTORY,d25,1,0,time_asc
SPY,20260105,202601,10:00,600,zero_dte,PUT,-0.2928156341426419,-0.3844548563163757,-0.2928156341426419,1.1730769936149668,-0.6,-0.6,thr-999.000_maxday3,202601,d25,0,NO_HISTORY,d25,1,0,time_asc
SPY,20260106,202601,10:00,600,zero_dte,PUT,-0.2423045643072063,-0.4399293083763786,-0.2423045643072063,0.3499999403953562,0.3425925557996034,0.3425925557996034,thr-999.000_maxday3,202601,d25,0,NO_HISTORY,d25,1,0,time_asc
SPY,20260107,202601,10:00,600,zero_dte,CALL,-0.2301431773352988,-0.2301431773352988,-0.2425463439478251,-0.6,0.326271268630367,-0.6,thr-999.000_maxday3,202601,d25,0,NO_HISTORY,d25,1,0,time_asc
SPY,20260108,202601,10:00,600,zero_dte,CALL,0.0365143697777826,0.0365143697777826,-0.2011198984432095,1.0909090385703015,-0.6,1.0909090385703015,thr-999.000_maxday3,202601,d25,0,NO_HISTORY,d25,1,0,time_asc
SPY,20260109,202601,10:05,605,zero_dte,CALL,-0.0375614352519793,-0.0375614352519793,-0.3279406844186537,2.3175676633529707,-0.6,2.3175676633529707,thr-999.000_maxday3,202601,d25,0,NO_HISTORY,d25,1,0,time_asc
SPY,20260112,202601,10:00,600,zero_dte,PUT,-0.4039847797510408,-0.4974477977312307,-0.4039847797510408,-0.1944444996339281,-0.6,-0.6,thr-999.000_maxday3,202601,d25,0,NO_HISTORY,d25,1,0,time_asc
SPY,20260113,202601,10:10,610,zero_dte,PUT,-0.394493095054385,-0.4760851994730847,-0.394493095054385,-0.6,0.5227272173097308,0.5227272173097308,thr-999.000_maxday3,202601,d25,0,NO_HISTORY,d25,1,0,time_asc
SPY,20260114,202601,10:00,600,zero_dte,CALL,0.1401345708416669,0.1401345708416669,-0.0595034701865532,-0.6,-0.6,-0.6,thr-999.000_maxday3,202601,d25,0,NO_HISTORY,d25,1,0,time_asc
SPY,20260115,202601,10:00,600,zero_dte,PUT,-0.0635268155322694,-0.4959562895378325,-0.0635268155322694,0.2754237562101223,-0.6,-0.6,thr-999.000_maxday3,202601,d25,0,NO_HISTORY,d25,1,0,time_asc
SPY,20260116,202601,10:00,600,zero_dte,PUT,-0.2373753194186789,-0.5242687036798666,-0.2373753194186789,-0.6,0.3418366453241495,0.3418366453241495,thr-999.000_maxday3,202601,d25,0,NO_HISTORY,d25,1,0,time_asc
SPY,20260120,202601,10:00,600,zero_dte,CALL,0.4538204080588065,0.4538204080588065,-0.3413620341517106,-0.6,-0.6,-0.6,thr-999.000_maxday3,202601,d25,0,NO_HISTORY,d25,1,0,time_asc
SPY,20260121,202601,10:00,600,zero_dte,CALL,-0.1766639016263281,-0.1766639016263281,-0.2845185773022486,0.3970588029049668,-0.6,0.3970588029049668,thr-999.000_maxday3,202601,d25,0,NO_HISTORY,d25,1,0,time_asc
SPY,20260122,202601,10:00,600,zero_dte,PUT,-0.179995685841368,-0.2515674499961429,-0.179995685841368,0.3362069709689403,-0.6,-0.6,thr-999.000_maxday3,202601,d25,0,NO_HISTORY,d25,1,0,time_asc
SPY,20260123,202601,10:00,600,zero_dte,PUT,-0.0933734455191756,-0.5838795189681033,-0.0933734455191756,0.4166666666666667,-0.6,-0.6,thr-999.000_maxday3,202601,d25,0,NO_HISTORY,d25,1,0,time_asc
SPY,20260126,202601,10:00,600,zero_dte,CALL,0.0660114813587413,0.0660114813587413,-0.1027523719177903,0.7857142515024362,-0.6,0.7857142515024362,thr-999.000_maxday3,202601,d25,0,NO_HISTORY,d25,1,0,time_asc
SPY,20260127,202601,10:00,600,zero_dte,CALL,-0.2600981266886533,-0.2600981266886533,-0.4786743380347511,0.3815789803903853,-0.6,0.3815789803903853,thr-999.000_maxday3,202601,d25,0,NO_HISTORY,d25,1,0,time_asc
SPY,20260128,202601,10:00,600,zero_dte,CALL,0.0478812777435473,0.0478812777435473,-0.3778189224670875,-0.6,0.25,-0.6,thr-999.000_maxday3,202601,d25,0,NO_HISTORY,d25,1,0,time_asc
SPY,20260129,202601,10:10,610,zero_dte,CALL,0.1500988802413399,0.1500988802413399,-0.162179932918467,-0.6,1.083333167764882,-0.6,thr-999.000_maxday3,202601,d25,0,NO_HISTORY,d25,1,0,time_asc
SPY,20260130,202601,10:00,600,zero_dte,PUT,-0.0658830553349729,-0.2026758331929459,-0.0658830553349729,0.75,-0.6,-0.6,thr-999.000_maxday3,202601,d25,0,NO_HISTORY,d25,1,0,time_asc
SPY,20260202,202602,10:10,610,zero_dte,PUT,0.5237102631530429,-0.4071991494402027,0.5237102631530429,0.7055555967637062,-0.6,-0.6,thr-0.200_maxday3,202602,d25,0,NO_HISTORY,d25,1,0,time_asc
SPY,20260203,202602,10:15,615,zero_dte,PUT,0.4041060947568473,-0.1632577197139149,0.4041060947568473,-0.6,0.3729507972463046,0.3729507972463046,thr-0.200_maxday3,202602,d25,0,NO_HISTORY,d25,1,0,time_asc
SPY,20260204,202602,10:00,600,zero_dte,PUT,0.4975996342586757,0.0046752884146236,0.4975996342586757,1.1370967865982609,-0.6,-0.6,thr-0.200_maxday3,202602,d25,0,NO_HISTORY,d25,1,0,time_asc
SPY,20260205,202602,10:15,615,zero_dte,PUT,0.4883394682601244,0.1457629624423265,0.4883394682601244,0.3552632156831743,-0.6,-0.6,thr-0.200_maxday3,202602,d25,0,NO_HISTORY,d25,1,0,time_asc
SPY,20260206,202602,10:25,625,zero_dte,PUT,0.5058706651643552,-0.1724502340123823,0.5058706651643552,0.2976190391716771,-0.6,-0.6,thr-0.200_maxday3,202602,d25,0,NO_HISTORY,d25,1,0,time_asc
SPY,20260209,202602,10:10,610,zero_dte,PUT,0.5765002479622354,-0.4440105530838208,0.5765002479622354,1.0833334515965212,-0.6,-0.6,thr-0.200_maxday3,202602,d25,0,NO_HISTORY,d25,1,0,time_asc
SPY,20260210,202602,10:00,600,zero_dte,PUT,0.4320234969492507,-0.318824647238512,0.4320234969492507,0.3306451798973915,-0.6,-0.6,thr-0.200_maxday3,202602,d25,0,NO_HISTORY,d25,1,0,time_asc
SPY,20260211,202602,10:20,620,zero_dte,PUT,0.4408624758962195,-0.0296435068125099,0.4408624758962195,0.3010203585134163,-0.6,-0.6,thr-0.200_maxday3,202602,d25,0,NO_HISTORY,d25,1,0,time_asc
SPY,20260212,202602,10:00,600,zero_dte,PUT,0.535863780229878,-0.2139577363457807,0.535863780229878,0.3152174251066033,0.3603896626655694,0.3603896626655694,thr-0.200_maxday3,202602,d25,0,NO_HISTORY,d25,1,0,time_asc
SPY,20260213,202602,10:10,610,zero_dte,PUT,0.6492218628768167,0.1328899089522502,0.6492218628768167,-0.6,-0.6,-0.6,thr-0.200_maxday3,202602,d25,0,NO_HISTORY,d25,1,0,time_asc
SPY,20260217,202602,10:00,600,zero_dte,PUT,0.5301121342914932,-0.4474919209762123,0.5301121342914932,0.7253086655955001,-0.6,-0.6,thr-0.200_maxday3,202602,d25,0,NO_HISTORY,d25,1,0,time_asc
SPY,20260218,202602,10:05,605,zero_dte,PUT,0.5542259922462845,-0.0477769933268329,0.5542259922462845,-0.6,-0.6,-0.6,thr-0.200_maxday3,202602,d25,0,NO_HISTORY,d25,1,0,time_asc
SPY,20260219,202602,10:05,605,zero_dte,PUT,0.5942280962879043,-0.1306095712769586,0.5942280962879043,-0.6,0.2474226829463128,0.2474226829463128,thr-0.200_maxday3,202602,d25,0,NO_HISTORY,d25,1,0,time_asc
SPY,20260220,202602,10:55,655,zero_dte,PUT,0.5186759230442246,-0.4919225818164737,0.5186759230442246,-0.6,0.9500000000000002,0.9500000000000002,thr-0.200_maxday3,202602,d25,0,NO_HISTORY,d25,1,0,time_asc
SPY,20260223,202602,10:05,605,zero_dte,PUT,0.4135146259427809,-0.0611492986435216,0.4135146259427809,-0.6,0.7000000476837158,0.7000000476837158,thr-0.200_maxday3,202602,d25,0,NO_HISTORY,d25,1,0,time_asc
SPY,20260224,202602,10:25,625,zero_dte,PUT,0.4835338060742415,-0.0754298237235773,0.4835338060742415,0.3999999503294646,-0.6,-0.6,thr-0.200_maxday3,202602,d25,0,NO_HISTORY,d25,1,0,time_asc
SPY,20260225,202602,10:00,600,zero_dte,PUT,0.9018438592788404,-0.636687288102139,0.9018438592788404,0.1799999475479126,-0.6,-0.6,thr-0.200_maxday3,202602,d25,0,NO_HISTORY,d25,1,0,time_asc
SPY,20260226,202602,10:20,620,zero_dte,PUT,0.5844739631118994,-0.2072508041826109,0.5844739631118994,-0.6,-0.6,-0.6,thr-0.200_maxday3,202602,d25,0,NO_HISTORY,d25,1,0,time_asc
SPY,20260227,202602,10:05,605,zero_dte,PUT,0.4557035364348819,-0.080650129143807,0.4557035364348819,-0.6,-0.6,-0.6,thr-0.200_maxday3,202602,d25,0,NO_HISTORY,d25,1,0,time_asc
SPY,20260302,202603,10:05,605,zero_dte,PUT,0.0578366189249753,-0.0083007434599488,0.0578366189249753,-0.6,0.3265765562584608,0.3265765562584608,thr0.050_maxday3,202603,d35,1,SELECTED,"d35,d65",2,30,time_asc
SPY,20260302,202603,11:05,665,zero_dte,CALL,0.0934031684714507,0.0934031684714507,0.0237442745302185,0.3591953660745983,0.5851647351159837,0.3591953660745983,thr0.050_maxday3,202603,d35,1,SELECTED,"d35,d65",2,30,time_asc
SPY,20260303,202603,10:20,620,zero_dte,CALL,0.0851636412742035,0.0851636412742035,0.049571783263768,0.2784552569745187,-0.6,0.2784552569745187,thr0.050_maxday3,202603,d35,1,SELECTED,"d35,d65",2,30,time_asc
SPY,20260303,202603,10:50,650,zero_dte,PUT,0.1095031461526986,0.0082377476647437,0.1095031461526986,1.9344660800952196,-0.6,-0.6,thr0.050_maxday3,202603,d35,1,SELECTED,"d35,d65",2,30,time_asc
SPY,20260304,202603,10:25,625,zero_dte,CALL,0.1749390046863127,0.1749390046863127,0.0480147104613941,-0.5243902571991326,-0.6,-0.5243902571991326,thr0.050_maxday3,202603,d35,1,SELECTED,"d35,d65",2,30,time_asc
SPY,20260304,202603,10:55,655,zero_dte,PUT,0.3149524331842674,-0.1766073643708861,0.3149524331842674,0.2905405550534803,-0.6,-0.6,thr0.050_maxday3,202603,d35,1,SELECTED,"d35,d65",2,30,time_asc
SPY,20260305,202603,10:25,625,zero_dte,CALL,0.1293065618535561,0.1293065618535561,0.1227793177451617,-0.6,0.4139343637575627,-0.6,thr0.050_maxday3,202603,d35,1,SELECTED,"d35,d65",2,30,time_asc
SPY,20260305,202603,11:05,665,zero_dte,CALL,0.1073000970975732,0.1073000970975732,-0.0752210355334073,-0.6,0.5740740280828376,-0.6,thr0.050_maxday3,202603,d35,1,SELECTED,"d35,d65",2,30,time_asc
SPY,20260306,202603,10:10,610,zero_dte,CALL,0.1765657693039092,0.1765657693039092,-0.0904027113056506,0.8380502286456619,-0.6,0.8380502286456619,thr0.050_maxday3,202603,d35,1,SELECTED,"d35,d65",2,30,time_asc
SPY,20260306,202603,10:40,640,zero_dte,CALL,0.1611463040144384,0.1611463040144384,-0.525770464349626,-0.6,0.6838235932186394,-0.6,thr0.050_maxday3,202603,d35,1,SELECTED,"d35,d65",2,30,time_asc
SPY,20260309,202603,10:10,610,zero_dte,CALL,0.2040050182683008,0.2040050182683008,0.0867909303198115,0.4846938113512218,-0.6,0.4846938113512218,thr0.050_maxday3,202603,d35,1,SELECTED,"d35,d65",2,30,time_asc
SPY,20260309,202603,10:45,645,zero_dte,CALL,0.2921400312881024,0.2921400312881024,-0.4433720315956087,0.5545112916738408,-0.6,0.5545112916738408,thr0.050_maxday3,202603,d35,1,SELECTED,"d35,d65",2,30,time_asc
SPY,20260310,202603,10:10,610,zero_dte,PUT,0.125290401006838,-0.1802900380507213,0.125290401006838,1.302447712761288,-0.6,-0.6,thr0.050_maxday3,202603,d35,1,SELECTED,"d35,d65",2,30,time_asc
SPY,20260310,202603,10:45,645,zero_dte,CALL,0.0747449926173629,0.0747449926173629,0.0577714311086496,0.5999999962747098,-0.6,0.5999999962747098,thr0.050_maxday3,202603,d35,1,SELECTED,"d35,d65",2,30,time_asc
SPY,20260311,202603,10:00,600,zero_dte,PUT,0.2318427695078042,-0.2009991434849551,0.2318427695078042,-0.6,1.6847826072872247,1.6847826072872247,thr0.050_maxday3,202603,d35,1,SELECTED,"d35,d65",2,30,time_asc
SPY,20260311,202603,10:30,630,zero_dte,PUT,0.3442188549421233,-0.0111706041064438,0.3442188549421233,-0.6,-0.6,-0.6,thr0.050_maxday3,202603,d35,1,SELECTED,"d35,d65",2,30,time_asc
SPY,20260312,202603,10:20,620,zero_dte,CALL,0.1595772347987797,0.1595772347987797,-0.2285154244145353,-0.3929539363682144,0.2527026678716471,-0.3929539363682144,thr0.050_maxday1,202603,d65,3,SELECTED,"d35,d65",2,30,time_asc
SPY,20260312,202603,11:00,660,zero_dte,CALL,0.0944534944861977,0.0944534944861977,0.061226803266774,0.3112244302160996,-0.6,0.3112244302160996,thr0.050_maxday3,202603,d35,1,SELECTED,"d35,d65",2,30,time_asc
SPY,20260313,202603,10:00,600,zero_dte,PUT,0.1986463449506418,0.0040570842146246,0.1986463449506418,-0.6,1.013636323243134,1.013636323243134,thr0.050_maxday3,202603,d35,1,SELECTED,"d35,d65",2,30,time_asc
SPY,20260313,202603,10:35,635,zero_dte,PUT,0.122115394377442,0.0883351788902984,0.122115394377442,-0.6,1.1477902153538937,1.1477902153538937,thr0.050_maxday3,202603,d35,1,SELECTED,"d35,d65",2,30,time_asc
SPY,20260316,202603,10:00,600,zero_dte,CALL,0.1323601664662538,0.1323601664662538,-0.1416930410827779,-0.6,0.335271423850582,-0.6,thr0.050_maxday1,202603,d65,3,SELECTED,"d35,d65",2,30,time_asc
SPY,20260316,202603,10:40,640,zero_dte,PUT,0.1999820130676049,-0.1095375490198745,0.1999820130676049,0.2788462420187085,-0.6,-0.6,thr0.050_maxday3,202603,d35,1,SELECTED,"d35,d65",2,30,time_asc
SPY,20260317,202603,10:00,600,zero_dte,CALL,0.1521818002855264,0.1521818002855264,-0.1033837561923173,-0.6,0.3397436602816335,-0.6,thr0.050_maxday1,202603,d65,3,SELECTED,"d35,d65",2,30,time_asc
SPY,20260317,202603,10:55,655,zero_dte,CALL,0.177260863563107,0.177260863563107,-0.132778135338569,-0.6,0.7766666412353516,-0.6,thr0.050_maxday3,202603,d35,1,SELECTED,"d35,d65",2,30,time_asc
SPY,20260318,202603,10:00,600,zero_dte,CALL,0.3165810085254552,0.3165810085254552,-0.0921473312299773,-0.6,0.659677502714511,-0.6,thr0.050_maxday3,202603,d35,1,SELECTED,"d35,d65",2,30,time_asc
SPY,20260318,202603,10:35,635,zero_dte,PUT,0.0856227936478017,0.076049192033274,0.0856227936478017,-0.2720588241739257,-0.3664121988054318,-0.3664121988054318,thr0.050_maxday3,202603,d35,1,SELECTED,"d35,d65",2,30,time_asc
SPY,20260319,202603,10:00,600,zero_dte,CALL,0.105160955328561,0.105160955328561,-0.2809643708246543,-0.6,0.4752395840030128,-0.6,thr0.050_maxday1,202603,d65,3,SELECTED,"d35,d65",2,30,time_asc
SPY,20260319,202603,11:05,665,zero_dte,PUT,0.054651204094631,0.0520622061431889,0.054651204094631,-0.6,0.9605262431411524,0.9605262431411524,thr0.050_maxday3,202603,d35,1,SELECTED,"d35,d65",2,30,time_asc
SPY,20260320,202603,10:20,620,zero_dte,CALL,0.0638948483784345,0.0638948483784345,-0.3680378578354423,0.3531746001710938,-0.6,0.3531746001710938,thr0.050_maxday3,202603,d35,1,SELECTED,"d35,d65",2,30,time_asc
SPY,20260320,202603,10:50,650,zero_dte,CALL,0.3798792308418274,0.3798792308418274,-0.5393915876433766,0.563953391663639,-0.6,0.563953391663639,thr0.050_maxday3,202603,d35,1,SELECTED,"d35,d65",2,30,time_asc
SPY,20260323,202603,10:20,620,zero_dte,CALL,0.0638605771132935,0.0638605771132935,-0.2199154932809769,-0.6,0.4531250902218764,-0.6,thr0.050_maxday3,202603,d35,1,SELECTED,"d35,d65",2,30,time_asc
SPY,20260323,202603,11:00,660,zero_dte,CALL,0.0547950454289266,0.0547950454289266,-0.1228516996166868,0.3749999492005866,0.3230337063601907,0.3749999492005866,thr0.050_maxday3,202603,d35,1,SELECTED,"d35,d65",2,30,time_asc
SPY,20260324,202603,10:10,610,zero_dte,PUT,0.199676585733879,0.172452453289899,0.199676585733879,0.4508547713927446,0.2827868532090065,0.2827868532090065,thr0.050_maxday3,202603,d35,1,SELECTED,"d35,d65",2,30,time_asc
SPY,20260324,202603,10:40,640,zero_dte,CALL,0.2006254835262604,0.2006254835262604,0.0721651054871773,1.172413813479591,-0.6,1.172413813479591,thr0.050_maxday3,202603,d35,1,SELECTED,"d35,d65",2,30,time_asc
SPY,20260325,202603,10:00,600,zero_dte,PUT,0.1899361159955689,-0.1372114729666282,0.1899361159955689,0.3252212202663811,-0.6,-0.6,thr0.050_maxday3,202603,d35,1,SELECTED,"d35,d65",2,30,time_asc
SPY,20260325,202603,12:10,730,zero_dte,CALL,0.063812334076685,0.063812334076685,-0.4729541941730248,0.7759740018466603,-0.6,0.7759740018466603,thr0.050_maxday3,202603,d35,1,SELECTED,"d35,d65",2,30,time_asc
SPY,20260326,202603,10:00,600,zero_dte,CALL,0.0662310009969989,0.0662310009969989,-0.2556911673856863,-0.6,0.4300000508626302,-0.6,thr0.050_maxday1,202603,d65,3,SELECTED,"d35,d65",2,30,time_asc
SPY,20260326,202603,11:25,685,zero_dte,PUT,0.245261723600923,-0.0647959878034395,0.245261723600923,-0.6,0.5483193294147204,0.5483193294147204,thr0.050_maxday3,202603,d35,1,SELECTED,"d35,d65",2,30,time_asc
SPY,20260327,202603,10:05,605,zero_dte,CALL,0.163223293097308,0.163223293097308,-0.3212900466129483,0.25,-0.6,0.25,thr0.050_maxday3,202603,d35,1,SELECTED,"d35,d65",2,30,time_asc
SPY,20260327,202603,10:35,635,zero_dte,CALL,0.1285771915013709,0.1285771915013709,-0.4077250277945815,0.310747546934756,-0.6,0.310747546934756,thr0.050_maxday3,202603,d35,1,SELECTED,"d35,d65",2,30,time_asc
SPY,20260330,202603,10:00,600,zero_dte,PUT,0.173514372095015,-0.1155753125642594,0.173514372095015,0.4970587913552791,-0.6,-0.6,thr0.050_maxday3,202603,d35,1,SELECTED,"d35,d65",2,30,time_asc
SPY,20260330,202603,10:35,635,zero_dte,CALL,0.1453232968962367,0.1453232968962367,-0.1042744032941207,0.8772726031374365,-0.6,0.8772726031374365,thr0.050_maxday3,202603,d35,1,SELECTED,"d35,d65",2,30,time_asc
SPY,20260331,202603,10:00,600,zero_dte,PUT,0.1664132730051338,-0.1124038508848635,0.1664132730051338,-0.6,0.393410812597077,0.393410812597077,thr0.050_maxday3,202603,d35,1,SELECTED,"d35,d65",2,30,time_asc
SPY,20260331,202603,10:30,630,zero_dte,PUT,0.0788382885526272,-0.1961823797049329,0.0788382885526272,-0.6,1.2903226380169572,1.2903226380169572,thr0.050_maxday3,202603,d35,1,SELECTED,"d35,d65",2,30,time_asc
SPY,20260402,202604,10:15,615,zero_dte,CALL,0.3194903512858453,0.3194903512858453,-0.2697371238731142,5.0,-0.6,5.0,thr-0.200_maxday3,202604,d25,0,SELECTED,"d25,d35,d80",999,0,score_desc
SPY,20260402,202604,11:15,675,zero_dte,CALL,0.0603257301098093,0.0603257301098093,-0.2507716972888828,-0.6,0.3231706989088061,-0.6,thr-0.200_maxday3,202604,d25,0,SELECTED,"d25,d35,d80",999,0,score_desc
SPY,20260402,202604,10:45,645,zero_dte,PUT,0.0252599455911563,-0.3770033780985888,0.0252599455911563,-0.6,0.3214286598955789,0.3214286598955789,thr-0.100_maxday3,202604,d35,1,SELECTED,"d25,d35,d80",999,0,score_desc
SPY,20260402,202604,11:15,675,zero_dte,PUT,-0.0133961329730042,-0.1640900169052906,-0.0133961329730042,-0.6,0.2775591231152259,0.2775591231152259,thr-0.100_maxday3,202604,d35,1,SELECTED,"d25,d35,d80",999,0,score_desc
SPY,20260406,202604,10:00,600,zero_dte,PUT,0.0917449587899137,-0.0973363730940037,0.0917449587899137,-0.6,0.75,0.75,thr-0.100_maxday3,202604,d35,1,SELECTED,"d25,d35,d80",999,0,score_desc
SPY,20260406,202604,11:25,685,zero_dte,CALL,0.0095231833214403,0.0095231833214403,-0.029685037857232,-0.6,-0.6,-0.6,thr-0.100_maxday3,202604,d35,1,SELECTED,"d25,d35,d80",999,0,score_desc
SPY,20260406,202604,11:25,685,zero_dte,PUT,-0.006824016495849,-0.2393280280490801,-0.006824016495849,-0.6,-0.6,-0.6,thr-0.200_maxday3,202604,d25,0,SELECTED,"d25,d35,d80",999,0,score_desc
SPY,20260406,202604,10:30,630,zero_dte,CALL,-0.0528139246446339,-0.0528139246446339,-0.3828719291557584,-0.6,1.0131578562112171,-0.6,thr-0.200_maxday3,202604,d25,0,SELECTED,"d25,d35,d80",999,0,score_desc
SPY,20260407,202604,12:45,765,zero_dte,PUT,0.1136165515347688,-0.4775467248185188,0.1136165515347688,0.5961539872299337,-0.6,-0.6,thr-0.200_maxday3,202604,d25,0,SELECTED,"d25,d35,d80",999,0,score_desc
SPY,20260407,202604,12:45,765,zero_dte,CALL,0.0868786240184749,0.0868786240184749,-0.0727993540639672,0.5760868663823915,-0.6,0.5760868663823915,thr-0.100_maxday3,202604,d35,1,SELECTED,"d25,d35,d80",999,0,score_desc
SPY,20260407,202604,11:30,690,zero_dte,CALL,0.0209108173626496,0.0209108173626496,-0.2979623879469311,0.3541666627861559,-0.6,0.3541666627861559,thr-0.100_maxday3,202604,d35,1,SELECTED,"d25,d35,d80",999,0,score_desc
SPY,20260407,202604,11:00,660,zero_dte,CALL,-0.001670972003017,-0.001670972003017,-0.4240570435677308,0.5814606982369481,-0.6,0.5814606982369481,thr-0.100_maxday3,202604,d35,1,SELECTED,"d25,d35,d80",999,0,score_desc
SPY,20260408,202604,11:00,660,zero_dte,PUT,0.526746133938985,-0.5847542020110129,0.526746133938985,0.5735294066085947,-0.6,-0.6,thr-0.200_maxday3,202604,d25,0,SELECTED,"d25,d35,d80",999,0,score_desc
SPY,20260408,202604,10:40,640,zero_dte,PUT,0.4270874013879667,-0.4538148109889465,0.4270874013879667,0.4691011190805723,0.7136363991035894,0.7136363991035894,thr-0.100_maxday3,202604,d35,1,SELECTED,"d25,d35,d80",999,0,score_desc
SPY,20260408,202604,11:10,670,zero_dte,PUT,0.2803030133625215,-0.2809758055210021,0.2803030133625215,0.4494219245312869,-0.6,-0.6,thr0.245_maxday2,202604,d80,4,SELECTED,"d25,d35,d80",999,0,score_desc
SPY,20260408,202604,11:40,700,zero_dte,PUT,0.2645360185997096,-0.472288338903309,0.2645360185997096,0.3604650784015919,-0.6,-0.6,thr0.245_maxday2,202604,d80,4,SELECTED,"d25,d35,d80",999,0,score_desc
SPY,20260408,202604,10:00,600,zero_dte,PUT,0.2422966230704762,-0.2648920182717699,0.2422966230704762,-0.6,0.336666742960612,0.336666742960612,thr-0.200_maxday3,202604,d25,0,SELECTED,"d25,d35,d80",999,0,score_desc
SPY,20260408,202604,10:30,630,zero_dte,PUT,0.2371818527230604,-0.5093961684761679,0.2371818527230604,-0.6,1.1666665838824413,1.1666665838824413,thr-0.200_maxday3,202604,d25,0,SELECTED,"d25,d35,d80",999,0,score_desc
SPY,20260410,202604,10:30,630,zero_dte,PUT,0.3296233531824003,0.2895962464009416,0.3296233531824003,-0.6,0.6323529343016556,0.6323529343016556,thr-0.100_maxday3,202604,d35,1,SELECTED,"d25,d35,d80",999,0,score_desc
SPY,20260410,202604,10:45,645,zero_dte,PUT,0.3010607626435569,-0.3226660171296165,0.3010607626435569,-0.6,0.5131579084959939,0.5131579084959939,thr0.245_maxday2,202604,d80,4,SELECTED,"d25,d35,d80",999,0,score_desc
SPY,20260410,202604,12:05,725,zero_dte,PUT,0.2541962650418553,-0.2314037641492525,0.2541962650418553,-0.0185676216437525,-0.1713286809474954,-0.1713286809474954,thr0.245_maxday2,202604,d80,4,SELECTED,"d25,d35,d80",999,0,score_desc
SPY,20260410,202604,11:00,660,zero_dte,PUT,0.1913215891249074,-0.0838483131240006,0.1913215891249074,0.30384619616898,0.4166666365633118,0.4166666365633118,thr-0.100_maxday3,202604,d35,1,SELECTED,"d25,d35,d80",999,0,score_desc
SPY,20260410,202604,10:30,630,zero_dte,CALL,0.155700117417575,0.155700117417575,0.0764976009421032,-0.6,0.607142820650217,-0.6,thr-0.200_maxday3,202604,d25,0,SELECTED,"d25,d35,d80",999,0,score_desc
SPY,20260410,202604,10:00,600,zero_dte,PUT,0.0526586905236681,-0.2914035704167585,0.0526586905236681,0.5863635792219948,-0.6,-0.6,thr-0.100_maxday3,202604,d35,1,SELECTED,"d25,d35,d80",999,0,score_desc
SPY,20260413,202604,10:30,630,zero_dte,PUT,0.3379332901799602,-0.4497211547973862,0.3379332901799602,0.3382353405226468,-0.6,-0.6,thr-0.200_maxday3,202604,d25,0,SELECTED,"d25,d35,d80",999,0,score_desc
SPY,20260413,202604,11:00,660,zero_dte,PUT,0.2854082063873143,-0.2374750456163321,0.2854082063873143,-0.6,-0.6,-0.6,thr-0.200_maxday3,202604,d25,0,SELECTED,"d25,d35,d80",999,0,score_desc
SPY,20260413,202604,10:35,635,zero_dte,PUT,0.2841172651240993,-0.4718531765714688,0.2841172651240993,0.3534483343327388,-0.6,-0.6,thr-0.100_maxday3,202604,d35,1,SELECTED,"d25,d35,d80",999,0,score_desc
SPY,20260413,202604,10:00,600,zero_dte,PUT,0.2800093964345431,-0.3977376256637089,0.2800093964345431,0.462585041369139,-0.539007083004498,-0.539007083004498,thr0.245_maxday2,202604,d80,4,SELECTED,"d25,d35,d80",999,0,score_desc
SPY,20260413,202604,11:05,665,zero_dte,PUT,0.2766112133297657,-0.5719769135192643,0.2766112133297657,0.3362069709689403,-0.6,-0.6,thr-0.100_maxday3,202604,d35,1,SELECTED,"d25,d35,d80",999,0,score_desc
SPY,20260413,202604,10:05,605,zero_dte,PUT,0.1819008675270635,-0.4974097748484363,0.1819008675270635,0.7798507170572031,-0.6,-0.6,thr-0.100_maxday3,202604,d35,1,SELECTED,"d25,d35,d80",999,0,score_desc
SPY,20260414,202604,11:55,715,zero_dte,PUT,0.3274430646458383,-0.5244095349974452,0.3274430646458383,-0.6,-0.6,-0.6,thr-0.200_maxday3,202604,d25,0,SELECTED,"d25,d35,d80",999,0,score_desc
SPY,20260414,202604,12:45,765,zero_dte,PUT,0.2544550054828072,-0.2679069406345419,0.2544550054828072,0.137362567904262,-0.1603375980190401,-0.1603375980190401,thr0.245_maxday2,202604,d80,4,SELECTED,"d25,d35,d80",999,0,score_desc
SPY,20260414,202604,10:05,605,zero_dte,CALL,0.090234011265846,0.090234011265846,-0.5280939797828258,0.7338709832478263,-0.6,0.7338709832478263,thr-0.100_maxday3,202604,d35,1,SELECTED,"d25,d35,d80",999,0,score_desc
SPY,20260414,202604,11:05,665,zero_dte,PUT,0.0654768981163635,-0.4111724392901069,0.0654768981163635,1.1184211241791684,-0.6,-0.6,thr-0.100_maxday3,202604,d35,1,SELECTED,"d25,d35,d80",999,0,score_desc
SPY,20260414,202604,10:35,635,zero_dte,PUT,0.0397096353168183,-0.4523611101659539,0.0397096353168183,0.6514085417488154,-0.6,-0.6,thr-0.100_maxday3,202604,d35,1,SELECTED,"d25,d35,d80",999,0,score_desc
SPY,20260414,202604,10:55,655,zero_dte,PUT,-0.128959349912992,-0.493046504033697,-0.128959349912992,0.2999999888241293,-0.6,-0.6,thr-0.200_maxday3,202604,d25,0,SELECTED,"d25,d35,d80",999,0,score_desc
SPY,20260414,202604,11:25,685,zero_dte,CALL,-0.1486419315580409,-0.1486419315580409,-0.2661149212737871,0.9100000858306884,-0.6,0.9100000858306884,thr-0.200_maxday3,202604,d25,0,SELECTED,"d25,d35,d80",999,0,score_desc
SPY,20260416,202604,10:30,630,zero_dte,PUT,0.4232939703078845,-0.3326896234285494,0.4232939703078845,0.399122823528526,-0.6,-0.6,thr-0.200_maxday3,202604,d25,0,SELECTED,"d25,d35,d80",999,0,score_desc
SPY,20260416,202604,10:25,625,zero_dte,PUT,0.2625237929761184,-0.1151411422041639,0.2625237929761184,0.5021613468519643,-0.6,-0.6,thr0.245_maxday2,202604,d80,4,SELECTED,"d25,d35,d80",999,0,score_desc
SPY,20260416,202604,10:00,600,zero_dte,PUT,0.1403000309106064,-0.4489312685263699,0.1403000309106064,0.3181818212605705,-0.6,-0.6,thr-0.200_maxday3,202604,d25,0,SELECTED,"d25,d35,d80",999,0,score_desc
SPY,20260416,202604,11:00,660,zero_dte,PUT,0.0040916462980781,-0.3522199820280574,0.0040916462980781,0.9249999795109036,-0.6,-0.6,thr-0.100_maxday3,202604,d35,1,SELECTED,"d25,d35,d80",999,0,score_desc
SPY,20260417,202604,10:00,600,zero_dte,PUT,0.2622414614897687,-0.496897984320961,0.2622414614897687,0.4999999441206464,-0.6,-0.6,thr-0.100_maxday3,202604,d35,1,SELECTED,"d25,d35,d80",999,0,score_desc
SPY,20260417,202604,10:10,610,zero_dte,PUT,0.2621341823919228,-0.2946559457465325,0.2621341823919228,0.4529178007359482,-0.6,-0.6,thr0.245_maxday2,202604,d80,4,SELECTED,"d25,d35,d80",999,0,score_desc
SPY,20260417,202604,11:50,710,zero_dte,PUT,0.2560054900245623,-0.2642436235418384,0.2560054900245623,-0.4306358361587542,0.6244393688728831,0.6244393688728831,thr0.245_maxday2,202604,d80,4,SELECTED,"d25,d35,d80",999,0,score_desc
SPY,20260417,202604,10:10,610,zero_dte,CALL,0.1525818023995045,0.1525818023995045,-0.2461774186291466,0.4117646813908253,-0.6,0.4117646813908253,thr-0.200_maxday3,202604,d25,0,SELECTED,"d25,d35,d80",999,0,score_desc
SPY,20260417,202604,10:30,630,zero_dte,PUT,0.1133318696382904,-0.3815854228757001,0.1133318696382904,1.2499999038634768,-0.6,-0.6,thr-0.100_maxday3,202604,d35,1,SELECTED,"d25,d35,d80",999,0,score_desc
SPY,20260417,202604,11:15,675,zero_dte,CALL,0.0203155331537686,0.0203155331537686,-0.5754493707905237,-0.6,-0.6,-0.6,thr-0.200_maxday3,202604,d25,0,SELECTED,"d25,d35,d80",999,0,score_desc
SPY,20260417,202604,10:40,640,zero_dte,CALL,-0.0446168116166203,-0.0446168116166203,-0.5708502468875728,0.3906249621650195,-0.6,0.3906249621650195,thr-0.200_maxday3,202604,d25,0,SELECTED,"d25,d35,d80",999,0,score_desc
SPY,20260417,202604,11:00,660,zero_dte,PUT,-0.082518919070529,-0.3140329699535016,-0.082518919070529,0.3529412086962824,-0.6,-0.6,thr-0.100_maxday3,202604,d35,1,SELECTED,"d25,d35,d80",999,0,score_desc
SPY,20260420,202604,11:00,660,zero_dte,PUT,0.2713663038416195,-0.1372796519685257,0.2713663038416195,0.3184210823513467,0.2833333686546053,0.2833333686546053,thr-0.100_maxday3,202604,d35,1,SELECTED,"d25,d35,d80",999,0,score_desc
SPY,20260420,202604,10:30,630,zero_dte,PUT,0.2619020797108922,0.0032325107336029,0.2619020797108922,-0.6,1.2500001552204325,1.2500001552204325,thr-0.100_maxday3,202604,d35,1,SELECTED,"d25,d35,d80",999,0,score_desc
SPY,20260420,202604,10:00,600,zero_dte,PUT,0.0512130073035515,-0.2386157890106586,0.0512130073035515,-0.6,0.2772726464862682,0.2772726464862682,thr-0.200_maxday3,202604,d25,0,SELECTED,"d25,d35,d80",999,0,score_desc
SPY,20260421,202604,11:00,660,zero_dte,PUT,0.2629123937471943,-0.0610320827874178,0.2629123937471943,-0.6,-0.6,-0.6,thr-0.200_maxday3,202604,d25,0,SELECTED,"d25,d35,d80",999,0,score_desc
SPY,20260421,202604,10:30,630,zero_dte,PUT,0.1219879674921179,-0.1082089009343593,0.1219879674921179,-0.6,2.204545273925326,2.204545273925326,thr-0.100_maxday3,202604,d35,1,SELECTED,"d25,d35,d80",999,0,score_desc
SPY,20260421,202604,10:00,600,zero_dte,CALL,-0.0075302395322652,-0.0075302395322652,-0.2342300318572933,-0.6,0.3040540018074706,-0.6,thr-0.100_maxday3,202604,d35,1,SELECTED,"d25,d35,d80",999,0,score_desc
SPY,20260421,202604,10:30,630,zero_dte,CALL,-0.0724141255647916,-0.0724141255647916,-0.2737420946151529,-0.6,2.5722223870548246,-0.6,thr-0.200_maxday3,202604,d25,0,SELECTED,"d25,d35,d80",999,0,score_desc
SPY,20260422,202604,11:00,660,zero_dte,PUT,0.4061666971796651,-0.5092400485948884,0.4061666971796651,-0.6,-0.6,-0.6,thr-0.100_maxday3,202604,d35,1,SELECTED,"d25,d35,d80",999,0,score_desc
SPY,20260422,202604,10:30,630,zero_dte,PUT,0.3626544883510885,-0.3449229045562492,0.3626544883510885,-0.6,-0.5348837217361364,-0.5348837217361364,thr-0.100_maxday3,202604,d35,1,SELECTED,"d25,d35,d80",999,0,score_desc
SPY,20260422,202604,10:00,600,zero_dte,PUT,0.2290085872526817,-0.1146245957839365,0.2290085872526817,-0.6,-0.3292682722946632,-0.3292682722946632,thr-0.100_maxday3,202604,d35,1,SELECTED,"d25,d35,d80",999,0,score_desc
SPY,20260423,202604,11:00,660,zero_dte,CALL,0.2275250226200598,0.2275250226200598,0.0668257140768581,-0.6,0.3277777718908992,-0.6,thr-0.200_maxday3,202604,d25,0,SELECTED,"d25,d35,d80",999,0,score_desc
SPY,20260423,202604,10:30,630,zero_dte,PUT,0.1574312486924969,-0.107645850915376,0.1574312486924969,0.612069093089612,-0.6,-0.6,thr-0.100_maxday3,202604,d35,1,SELECTED,"d25,d35,d80",999,0,score_desc
SPY,20260423,202604,11:00,660,zero_dte,PUT,0.111305139660661,-0.0768742730439965,0.111305139660661,-0.6,0.307142931344559,0.307142931344559,thr-0.100_maxday3,202604,d35,1,SELECTED,"d25,d35,d80",999,0,score_desc
SPY,20260423,202604,10:00,600,zero_dte,CALL,-0.0607760117665132,-0.0607760117665132,-0.1211057932426838,0.3069620071705139,-0.6,0.3069620071705139,thr-0.100_maxday3,202604,d35,1,SELECTED,"d25,d35,d80",999,0,score_desc
SPY,20260424,202604,11:00,660,zero_dte,PUT,0.4658911649468104,-0.0665063117812107,0.4658911649468104,1.709183713189267,-0.6,-0.6,thr-0.100_maxday3,202604,d35,1,SELECTED,"d25,d35,d80",999,0,score_desc
SPY,20260424,202604,10:30,630,zero_dte,PUT,0.3639609295514677,-0.1375319063559537,0.3639609295514677,0.5230496373952156,-0.6,-0.6,thr0.245_maxday2,202604,d80,4,SELECTED,"d25,d35,d80",999,0,score_desc
SPY,20260424,202604,10:00,600,zero_dte,PUT,0.3588656631032634,-0.2508325035103376,0.3588656631032634,0.5882353284917219,-0.6,-0.6,thr0.245_maxday2,202604,d80,4,SELECTED,"d25,d35,d80",999,0,score_desc
SPY,20260427,202604,10:30,630,zero_dte,PUT,0.2646945689501576,-0.3231155239281392,0.2646945689501576,0.3646409429257518,-0.5098039124022075,-0.5098039124022075,thr0.245_maxday2,202604,d80,4,SELECTED,"d25,d35,d80",999,0,score_desc
SPY,20260427,202604,11:00,660,zero_dte,CALL,0.2518935710375919,0.2518935710375919,0.1909331339153498,0.2833333686546053,0.8776595798646123,0.2833333686546053,thr-0.200_maxday3,202604,d25,0,SELECTED,"d25,d35,d80",999,0,score_desc
SPY,20260427,202604,10:00,600,zero_dte,CALL,0.1104278552919254,0.1104278552919254,-0.0095348140611354,-0.6,0.4166666004392862,-0.6,thr-0.200_maxday3,202604,d25,0,SELECTED,"d25,d35,d80",999,0,score_desc
SPY,20260427,202604,11:00,660,zero_dte,PUT,0.0906944935615504,-0.0696720970358807,0.0906944935615504,0.2833333686546053,0.8055555003660717,0.8055555003660717,thr-0.100_maxday3,202604,d35,1,SELECTED,"d25,d35,d80",999,0,score_desc
SPY,20260428,202604,10:05,605,zero_dte,PUT,0.2496298374559579,-0.3699000392191188,0.2496298374559579,-0.5196078248044149,0.3709385566913767,0.3709385566913767,thr0.245_maxday2,202604,d80,4,SELECTED,"d25,d35,d80",999,0,score_desc
SPY,20260428,202604,10:30,630,zero_dte,PUT,0.1643397488103346,-0.2054631101945926,0.1643397488103346,-0.6,1.1839623235646188,1.1839623235646188,thr-0.200_maxday3,202604,d25,0,SELECTED,"d25,d35,d80",999,0,score_desc
SPY,20260428,202604,11:05,665,zero_dte,PUT,0.0906109991629817,-0.2617756467773518,0.0906109991629817,-0.6,-0.6,-0.6,thr-0.100_maxday3,202604,d35,1,SELECTED,"d25,d35,d80",999,0,score_desc
SPY,20260428,202604,10:35,635,zero_dte,PUT,0.0867205917563991,0.0047428613967231,0.0867205917563991,-0.6,0.4074073062266872,0.4074073062266872,thr-0.100_maxday3,202604,d35,1,SELECTED,"d25,d35,d80",999,0,score_desc
SPY,20260428,202604,11:00,660,zero_dte,PUT,0.0369322569701633,-0.3961396493705767,0.0369322569701633,-0.6,0.4329268381327551,0.4329268381327551,thr-0.200_maxday3,202604,d25,0,SELECTED,"d25,d35,d80",999,0,score_desc
SPY,20260428,202604,10:00,600,zero_dte,PUT,-0.0446484278156442,-0.1991094042629821,-0.0446484278156442,-0.6,0.5403225899486959,0.5403225899486959,thr-0.200_maxday3,202604,d25,0,SELECTED,"d25,d35,d80",999,0,score_desc
SPY,20260429,202604,10:00,600,zero_dte,PUT,0.369803406033955,-0.0589615420261178,0.369803406033955,-0.1400965990684092,0.0865385197323476,0.0865385197323476,thr0.245_maxday2,202604,d80,4,SELECTED,"d25,d35,d80",999,0,score_desc
SPY,20260429,202604,10:40,640,zero_dte,PUT,0.2790370985651133,-0.30303750038502,0.2790370985651133,-0.2867513786737662,0.2919254388580234,0.2919254388580234,thr0.245_maxday2,202604,d80,4,SELECTED,"d25,d35,d80",999,0,score_desc
SPY,20260429,202604,11:00,660,zero_dte,PUT,0.1635882777594834,-0.2161643373105856,0.1635882777594834,-0.5064935004616651,0.2743902571991325,0.2743902571991325,thr-0.200_maxday3,202604,d25,0,SELECTED,"d25,d35,d80",999,0,score_desc
SPY,20260429,202604,10:30,630,zero_dte,PUT,0.1408379374936341,-0.2516001293294298,0.1408379374936341,-0.4342105098048073,0.2560241266680594,0.2560241266680594,thr-0.200_maxday3,202604,d25,0,SELECTED,"d25,d35,d80",999,0,score_desc
SPY,20260430,202604,13:00,780,zero_dte,PUT,0.289088984057954,-0.0726444287481005,0.289088984057954,1.1658729851170802,-0.6,-0.6,thr0.245_maxday2,202604,d80,4,SELECTED,"d25,d35,d80",999,0,score_desc
SPY,20260430,202604,10:00,600,zero_dte,PUT,0.2069612561569299,-0.0954087221709318,0.2069612561569299,0.5744276406860778,-0.6,-0.6,thr-0.100_maxday3,202604,d35,1,SELECTED,"d25,d35,d80",999,0,score_desc
SPY,20260430,202604,10:40,640,zero_dte,PUT,0.182548151877546,-0.1352934380459674,0.182548151877546,0.826923210161604,-0.6,-0.6,thr-0.100_maxday3,202604,d35,1,SELECTED,"d25,d35,d80",999,0,score_desc
SPY,20260430,202604,11:10,670,zero_dte,PUT,0.0625791751050076,-0.1366127704006007,0.0625791751050076,0.6418918352914265,-0.6,-0.6,thr-0.100_maxday3,202604,d35,1,SELECTED,"d25,d35,d80",999,0,score_desc
SPY,20260501,202605,12:25,745,zero_dte,CALL,0.4247730367341508,0.4247730367341508,-0.4019689169108877,-0.6,-0.6,-0.6,thr0.100_maxday3,202605,d65,3,SELECTED,"d35,d65",3,30,score_desc
SPY,20260501,202605,13:00,780,zero_dte,PUT,0.2872432793675636,-0.2126213246682591,0.2872432793675636,0.2611111670364583,-0.6,-0.6,thr0.100_maxday3,202605,d35,1,SELECTED,"d35,d65",3,30,score_desc
SPY,20260501,202605,10:10,610,zero_dte,CALL,0.1548725397599852,0.1548725397599852,-0.3348626310579475,-0.6,1.0102738808860812,-0.6,thr0.100_maxday3,202605,d35,1,SELECTED,"d35,d65",3,30,score_desc
SPY,20260504,202605,11:25,685,zero_dte,PUT,0.3558145733281987,-0.4812012038638953,0.3558145733281987,-0.6,0.4900000095367431,0.4900000095367431,thr0.100_maxday3,202605,d35,1,SELECTED,"d35,d65",3,30,score_desc
SPY,20260504,202605,10:10,610,zero_dte,PUT,0.1780905736724502,-0.346042171825162,0.1780905736724502,0.75,-0.6,-0.6,thr0.100_maxday3,202605,d35,1,SELECTED,"d35,d65",3,30,score_desc
SPY,20260504,202605,10:55,655,zero_dte,PUT,0.1290705070915671,-0.2377478172244609,0.1290705070915671,-0.6,4.9435482010260845,4.9435482010260845,thr0.100_maxday3,202605,d35,1,SELECTED,"d35,d65",3,30,score_desc
SPY,20260505,202605,10:35,635,zero_dte,PUT,0.3873325110281839,-0.1844097063004872,0.3873325110281839,0.1494252810564518,-0.6,-0.6,thr0.100_maxday3,202605,d65,3,SELECTED,"d35,d65",3,30,score_desc
SPY,20260505,202605,11:05,665,zero_dte,PUT,0.3041320442640477,-0.1062272315637647,0.3041320442640477,0.1299999952316284,-0.6,-0.6,thr0.100_maxday3,202605,d65,3,SELECTED,"d35,d65",3,30,score_desc
SPY,20260505,202605,10:05,605,zero_dte,PUT,0.3000905390458621,-0.0732913237022844,0.3000905390458621,0.1346154140062361,-0.5132275007128905,-0.5132275007128905,thr0.100_maxday3,202605,d65,3,SELECTED,"d35,d65",3,30,score_desc
SPY,20260506,202605,10:15,615,zero_dte,PUT,0.1115558942015688,-0.3196616893335938,0.1115558942015688,1.0067566696791177,-0.6,-0.6,thr0.100_maxday3,202605,d35,1,SELECTED,"d35,d65",3,30,score_desc
SPY,20260507,202605,11:10,670,zero_dte,PUT,0.4814410207487138,-0.3026262237297678,0.4814410207487138,-0.6,0.6842105882319724,0.6842105882319724,thr0.100_maxday3,202605,d35,1,SELECTED,"d35,d65",3,30,score_desc
SPY,20260507,202605,10:40,640,zero_dte,PUT,0.3362061292735732,-0.256481584749856,0.3362061292735732,0.3676470768699182,0.3629032134017389,0.3629032134017389,thr0.100_maxday3,202605,d35,1,SELECTED,"d35,d65",3,30,score_desc
SPY,20260507,202605,10:10,610,zero_dte,PUT,0.2387319731424771,-0.3407970688365457,0.2387319731424771,0.5532786853209006,0.499999850988394,0.499999850988394,thr0.100_maxday3,202605,d35,1,SELECTED,"d35,d65",3,30,score_desc
SPY,20260508,202605,11:05,665,zero_dte,PUT,0.3503113326962585,-0.154961601792311,0.3503113326962585,-0.6,0.2694805013849952,0.2694805013849952,thr0.100_maxday3,202605,d35,1,SELECTED,"d35,d65",3,30,score_desc
SPY,20260508,202605,10:05,605,zero_dte,PUT,0.2717510182505168,-0.4826874379282467,0.2717510182505168,-0.2388060033440874,-0.6,-0.6,thr0.100_maxday3,202605,d35,1,SELECTED,"d35,d65",3,30,score_desc
SPY,20260508,202605,10:35,635,zero_dte,PUT,0.1187066406571622,-0.4687552342012084,0.1187066406571622,0.4438774839931121,-0.6,-0.6,thr0.100_maxday3,202605,d35,1,SELECTED,"d35,d65",3,30,score_desc
SPY,20260511,202605,10:45,645,zero_dte,PUT,0.3351747666202572,-0.2420084942978957,0.3351747666202572,0.4846938924459751,-0.6,-0.6,thr0.100_maxday3,202605,d35,1,SELECTED,"d35,d65",3,30,score_desc
SPY,20260511,202605,10:10,610,zero_dte,PUT,0.2800277609669535,-0.2346966373408735,0.2800277609669535,0.4230769171987527,0.2902299149818534,0.2902299149818534,thr0.100_maxday3,202605,d65,3,SELECTED,"d35,d65",3,30,score_desc
SPY,20260511,202605,11:15,675,zero_dte,PUT,0.2504625544695337,-0.167344720394552,0.2504625544695337,0.3512269341908407,-0.6,-0.6,thr0.100_maxday3,202605,d65,3,SELECTED,"d35,d65",3,30,score_desc
SPY,20260512,202605,11:25,685,zero_dte,PUT,0.559668562462647,-0.31735631364515,0.559668562462647,0.5572289520016713,-0.6,-0.6,thr0.100_maxday3,202605,d35,1,SELECTED,"d35,d65",3,30,score_desc
SPY,20260512,202605,10:55,655,zero_dte,PUT,0.3295107710586,-0.4319329811737178,0.3295107710586,-0.6,0.9852940268995054,0.9852940268995054,thr0.100_maxday3,202605,d35,1,SELECTED,"d35,d65",3,30,score_desc
SPY,20260512,202605,10:00,600,zero_dte,PUT,0.1698643108719267,-0.2546316493713889,0.1698643108719267,-0.6,0.6376811797642403,0.6376811797642403,thr0.100_maxday3,202605,d65,3,SELECTED,"d35,d65",3,30,score_desc
SPY,20260513,202605,11:40,700,zero_dte,PUT,0.2482154334799609,-0.0011867896488185,0.2482154334799609,0.7261904981536396,-0.6,-0.6,thr0.100_maxday3,202605,d35,1,SELECTED,"d35,d65",3,30,score_desc
SPY,20260513,202605,10:35,635,zero_dte,PUT,0.1663300982837184,-0.0437319983571698,0.1663300982837184,0.9254386405205136,-0.6,-0.6,thr0.100_maxday3,202605,d65,3,SELECTED,"d35,d65",3,30,score_desc
SPY,20260513,202605,12:50,770,zero_dte,CALL,0.1485698759637015,0.1485698759637015,-0.3316949402079676,0.5204918321118941,-0.6,0.5204918321118941,thr0.100_maxday3,202605,d65,3,SELECTED,"d35,d65",3,30,score_desc
SPY,20260514,202605,10:05,605,zero_dte,PUT,0.4185437805973283,-0.3184893907444684,0.4185437805973283,0.6107594793451427,-0.6,-0.6,thr0.100_maxday3,202605,d35,1,SELECTED,"d35,d65",3,30,score_desc
SPY,20260514,202605,10:35,635,zero_dte,PUT,0.1291391614100445,0.008107013811968,0.1291391614100445,1.3005618173175204,-0.6,-0.6,thr0.100_maxday3,202605,d35,1,SELECTED,"d35,d65",3,30,score_desc
SPY,20260514,202605,11:05,665,zero_dte,CALL,0.1274724909975257,0.1274724909975257,-0.3482442615075979,0.3940679181824178,-0.6,0.3940679181824178,thr0.100_maxday3,202605,d35,1,SELECTED,"d35,d65",3,30,score_desc
SPY,20260515,202605,12:45,765,zero_dte,PUT,0.3694604651084988,-0.3025752610737573,0.3694604651084988,0.3675114594732378,-0.6,-0.6,thr0.100_maxday3,202605,d65,3,SELECTED,"d35,d65",3,30,score_desc
SPY,20260515,202605,10:45,645,zero_dte,PUT,0.3067111101206992,-0.2700581049889945,0.3067111101206992,0.0148148004246675,0.348746022931532,0.348746022931532,thr0.100_maxday3,202605,d65,3,SELECTED,"d35,d65",3,30,score_desc
SPY,20260515,202605,10:00,600,zero_dte,PUT,0.1552923287711267,-0.4926161037086268,0.1552923287711267,0.9670542478059944,-0.6,-0.6,thr0.100_maxday3,202605,d35,1,SELECTED,"d35,d65",3,30,score_desc
SPY,20260518,202605,10:10,610,zero_dte,PUT,0.2838722717220439,-0.2877379520625763,0.2838722717220439,-0.6,2.150000095367432,2.150000095367432,thr0.100_maxday3,202605,d35,1,SELECTED,"d35,d65",3,30,score_desc
SPY,20260518,202605,10:40,640,zero_dte,PUT,0.2282271559528451,-0.0888566738637649,0.2282271559528451,-0.6,0.3382352057271747,0.3382352057271747,thr0.100_maxday3,202605,d35,1,SELECTED,"d35,d65",3,30,score_desc
SPY,20260518,202605,11:35,695,zero_dte,PUT,0.1165139672520261,-0.2527571286193086,0.1165139672520261,-0.6,0.4197247676321196,0.4197247676321196,thr0.100_maxday3,202605,d65,3,SELECTED,"d35,d65",3,30,score_desc
SPY,20260519,202605,11:55,715,zero_dte,PUT,0.2697557764272029,-0.126097098150333,0.2697557764272029,0.5051020358513416,-0.6,-0.6,thr0.100_maxday3,202605,d65,3,SELECTED,"d35,d65",3,30,score_desc
SPY,20260519,202605,11:20,680,zero_dte,PUT,0.259947227372112,-0.419135605984041,0.259947227372112,0.2730769936149668,-0.6,-0.6,thr0.100_maxday3,202605,d35,1,SELECTED,"d35,d65",3,30,score_desc
SPY,20260519,202605,10:30,630,zero_dte,PUT,0.1608310358164927,-0.2780494100456654,0.1608310358164927,0.3420000076293945,-0.6,-0.6,thr0.100_maxday3,202605,d35,1,SELECTED,"d35,d65",3,30,score_desc
SPY,20260520,202605,11:05,665,zero_dte,PUT,0.543212322136463,-0.4968398802051184,0.543212322136463,1.2236841411801906,-0.6,-0.6,thr0.100_maxday3,202605,d35,1,SELECTED,"d35,d65",3,30,score_desc
SPY,20260520,202605,10:35,635,zero_dte,PUT,0.473396779698745,-0.4023953625614377,0.473396779698745,0.2839806667989157,-0.6,-0.6,thr0.100_maxday3,202605,d35,1,SELECTED,"d35,d65",3,30,score_desc
SPY,20260520,202605,10:05,605,zero_dte,PUT,0.4563141413719361,-0.4227720410432816,0.4563141413719361,0.7034161198650135,-0.6,-0.6,thr0.100_maxday3,202605,d65,3,SELECTED,"d35,d65",3,30,score_desc
SPY,20260521,202605,10:00,600,zero_dte,PUT,0.4269089372988666,-0.3986633706962205,0.4269089372988666,-0.6,0.5859374665305943,0.5859374665305943,thr0.100_maxday3,202605,d35,1,SELECTED,"d35,d65",3,30,score_desc
SPY,20260521,202605,11:10,670,zero_dte,PUT,0.3851355104124518,-0.4534143219840137,0.3851355104124518,0.3466385586535723,-0.6,-0.6,thr0.100_maxday3,202605,d35,1,SELECTED,"d35,d65",3,30,score_desc
SPY,20260521,202605,10:35,635,zero_dte,PUT,0.1896475637951163,-0.4240958828656484,0.1896475637951163,0.5479451585026269,-0.6,-0.6,thr0.100_maxday3,202605,d65,3,SELECTED,"d35,d65",3,30,score_desc
SPY,20260522,202605,10:15,615,zero_dte,PUT,0.3244740368595832,-0.3890383376894765,0.3244740368595832,0.1129032134017389,0.3156565024091113,0.3156565024091113,thr0.100_maxday3,202605,d35,1,SELECTED,"d35,d65",3,30,score_desc
SPY,20260522,202605,11:05,665,zero_dte,PUT,0.2627042270073034,-0.2117960775211685,0.2627042270073034,-0.0486891800472765,-0.6,-0.6,thr0.100_maxday3,202605,d65,3,SELECTED,"d35,d65",3,30,score_desc
SPY,20260522,202605,11:35,695,zero_dte,CALL,0.1175940231999341,0.1175940231999341,-0.3400031682007253,-0.6,-0.6,-0.6,thr0.100_maxday3,202605,d35,1,SELECTED,"d35,d65",3,30,score_desc
SPY,20260526,202605,10:00,600,zero_dte,PUT,0.2527705674933994,-0.3105932305665178,0.2527705674933994,0.25,0.3124999767169361,0.3124999767169361,thr0.100_maxday3,202605,d35,1,SELECTED,"d35,d65",3,30,score_desc
SPY,20260526,202605,11:50,710,zero_dte,PUT,0.1895422214284804,-0.443029700707049,0.1895422214284804,-0.6,-0.6,-0.6,thr0.100_maxday3,202605,d35,1,SELECTED,"d35,d65",3,30,score_desc
SPY,20260526,202605,11:15,675,zero_dte,PUT,0.1316424550784666,-0.1611719958319604,0.1316424550784666,-0.6,0.528301973791049,0.528301973791049,thr0.100_maxday3,202605,d65,3,SELECTED,"d35,d65",3,30,score_desc
SPY,20260527,202605,10:00,600,zero_dte,PUT,0.3118320209864914,-0.0532650197884395,0.3118320209864914,-0.6,0.393678091620971,0.393678091620971,thr0.100_maxday3,202605,d35,1,SELECTED,"d35,d65",3,30,score_desc
SPY,20260527,202605,10:30,630,zero_dte,PUT,0.2344819317373696,-0.1483350374571571,0.2344819317373696,-0.6,0.3388888726999726,0.3388888726999726,thr0.100_maxday3,202605,d35,1,SELECTED,"d35,d65",3,30,score_desc
SPY,20260527,202605,11:00,660,zero_dte,PUT,0.2081458138449347,-0.1053317993891466,0.2081458138449347,-0.6,-0.6,-0.6,thr0.100_maxday3,202605,d35,1,SELECTED,"d35,d65",3,30,score_desc
SPY,20260528,202605,11:50,710,zero_dte,CALL,0.2047111344244914,0.2047111344244914,-0.4138203408370016,-0.0833333333333333,-0.6,-0.0833333333333333,thr0.100_maxday3,202605,d65,3,SELECTED,"d35,d65",3,30,score_desc
SPY,20260528,202605,10:40,640,zero_dte,PUT,0.1594545618630606,-0.1935974260883311,0.1594545618630606,0.5302197341541219,-0.6,-0.6,thr0.100_maxday3,202605,d35,1,SELECTED,"d35,d65",3,30,score_desc
SPY,20260529,202605,10:35,635,zero_dte,PUT,0.4134541395303915,0.0380678670614741,0.4134541395303915,-0.5384615031925166,0.7780373550646287,0.7780373550646287,thr0.100_maxday3,202605,d35,1,SELECTED,"d35,d65",3,30,score_desc
SPY,20260529,202605,11:05,665,zero_dte,PUT,0.3061076654417391,-0.3379935055359985,0.3061076654417391,0.3846154904224501,-0.6,-0.6,thr0.100_maxday3,202605,d35,1,SELECTED,"d35,d65",3,30,score_desc
SPY,20260529,202605,10:05,605,zero_dte,CALL,0.21759608193514,0.21759608193514,-0.2439388740123049,-0.6,0.6952053698394627,-0.6,thr0.100_maxday3,202605,d35,1,SELECTED,"d35,d65",3,30,score_desc
SPY,20260601,202606,10:00,600,zero_dte,PUT,0.2270981013663596,-0.0548529922927768,0.2270981013663596,0.4085366172779183,-0.6,-0.6,thr-999.000_maxday3,202606,d25,0,SELECTED,"d25,d50,d65",1,0,time_asc
SPY,20260602,202606,10:00,600,zero_dte,PUT,0.2013806248801423,-0.2477980300669806,0.2013806248801423,0.2833333002196432,-0.6,-0.6,thr-999.000_maxday3,202606,d25,0,SELECTED,"d25,d50,d65",1,0,time_asc
SPY,20260603,202606,10:45,645,zero_dte,PUT,0.1887598553977643,-0.5655476120391606,0.1887598553977643,-0.6,0.2923729943667545,0.2923729943667545,thr-999.000_maxday3,202606,d25,0,SELECTED,"d25,d50,d65",1,0,time_asc
SPY,20260604,202606,10:00,600,zero_dte,PUT,0.4163396051641885,-0.3640750611188034,0.4163396051641885,0.8499999006589292,-0.6,-0.6,thr-999.000_maxday3,202606,d25,0,SELECTED,"d25,d50,d65",1,0,time_asc
SPY,20260605,202606,10:00,600,zero_dte,PUT,0.2813509126091767,-0.4298024056615732,0.2813509126091767,0.3940679181824178,-0.6,-0.6,thr-999.000_maxday3,202606,d25,0,SELECTED,"d25,d50,d65",1,0,time_asc
SPY,20260608,202606,10:00,600,zero_dte,PUT,0.2696035773103384,-0.2268151249594755,0.2696035773103384,0.3993506654355598,-0.6,-0.6,thr-999.000_maxday3,202606,d25,0,SELECTED,"d25,d50,d65",1,0,time_asc
SPY,20260609,202606,10:20,620,zero_dte,PUT,0.3559702832900963,-0.2107550010967692,0.3559702832900963,-0.6,2.249999967606172,2.249999967606172,thr-999.000_maxday3,202606,d25,0,SELECTED,"d25,d50,d65",1,0,time_asc
SPY,20260610,202606,10:25,625,zero_dte,PUT,0.1863896223486709,-0.1340393514190605,0.1863896223486709,-0.6,0.6770073691353924,0.6770073691353924,thr-999.000_maxday3,202606,d25,0,SELECTED,"d25,d50,d65",1,0,time_asc
SPY,20260611,202606,10:00,600,zero_dte,PUT,0.3266601933739593,-0.1890470263972304,0.3266601933739593,-0.6,0.7142857484975638,0.7142857484975638,thr-999.000_maxday3,202606,d25,0,SELECTED,"d25,d50,d65",1,0,time_asc
SPY,20260612,202606,10:10,610,zero_dte,PUT,0.156080488450156,-0.3507703932121105,0.156080488450156,0.642156846703863,0.3480392408939294,0.3480392408939294,thr-999.000_maxday3,202606,d25,0,SELECTED,"d25,d50,d65",1,0,time_asc
SPY,20260615,202606,10:00,600,zero_dte,PUT,0.4137286802202998,-0.4538816080614217,0.4137286802202998,0.6223404201353875,-0.6,-0.6,thr-999.000_maxday3,202606,d25,0,SELECTED,"d25,d50,d65",1,0,time_asc
SPY,20260616,202606,10:00,600,zero_dte,PUT,0.0990589784287395,-0.2233617915279429,0.0990589784287395,-0.6,1.0441176058099335,1.0441176058099335,thr-999.000_maxday3,202606,d25,0,SELECTED,"d25,d50,d65",1,0,time_asc
SPY,20260617,202606,10:00,600,zero_dte,PUT,0.1066923272456748,-0.2979493393260398,0.1066923272456748,0.3029411946200988,0.70959599851747,0.70959599851747,thr-999.000_maxday3,202606,d25,0,SELECTED,"d25,d50,d65",1,0,time_asc
SPY,20260618,202606,10:00,600,zero_dte,PUT,0.1923717916045148,-0.4058628743347746,0.1923717916045148,-0.6,-0.6,-0.6,thr-999.000_maxday3,202606,d25,0,SELECTED,"d25,d50,d65",1,0,time_asc
SPY,20260622,202606,10:00,600,zero_dte,PUT,0.2341472229799051,0.0786389712363432,0.2341472229799051,-0.6,3.3915097564936456,3.3915097564936456,thr-999.000_maxday3,202606,d25,0,SELECTED,"d25,d50,d65",1,0,time_asc
SPY,20260623,202606,10:10,610,zero_dte,PUT,0.4798931226710611,-0.2029043166634592,0.4798931226710611,-0.6,0.403061197182379,0.403061197182379,thr-999.000_maxday3,202606,d25,0,SELECTED,"d25,d50,d65",1,0,time_asc
SPY,20260624,202606,10:00,600,zero_dte,PUT,0.0459856111239238,-0.2145350505444035,0.0459856111239238,0.3055555003660719,0.2500000354789564,0.2500000354789564,thr-999.000_maxday3,202606,d25,0,SELECTED,"d25,d50,d65",1,0,time_asc
SPY,20260625,202606,10:00,600,zero_dte,PUT,0.2254265048438406,-0.1998200530095657,0.2254265048438406,2.1458333993020173,-0.6,-0.6,thr-999.000_maxday3,202606,d25,0,SELECTED,"d25,d50,d65",1,0,time_asc
SPY,20260626,202606,10:15,615,zero_dte,PUT,0.2664473452076407,-0.4932685414669834,0.2664473452076407,0.3133803490867854,-0.6,-0.6,thr-999.000_maxday3,202606,d25,0,SELECTED,"d25,d50,d65",1,0,time_asc
SPY,20260629,202606,10:15,615,zero_dte,PUT,0.4744876624685712,-0.1450755551220642,0.4744876624685712,1.26376139966138,-0.6,-0.6,thr-999.000_maxday3,202606,d25,0,SELECTED,"d25,d50,d65",1,0,time_asc
SPY,20260630,202606,10:00,600,zero_dte,PUT,-0.2882361999326674,-0.3060961507995764,-0.2882361999326674,0.4754902189944814,-0.6,-0.6,thr-999.000_maxday3,202606,d25,0,SELECTED,"d25,d50,d65",1,0,time_asc
