ticker,date,month,time,minute,expiry_mode,action,score,pred_call_return,pred_put_return,call_return,put_return,realized_return,deploy_config,test_month
SPXW,20260102,202601,10:30,630,zero_dte,PUT,0.383965343217303,-0.5757491802453554,0.383965343217303,-0.6,0.5,0.5,thr0.109_maxday1,202601
SPXW,20260105,202601,10:30,630,zero_dte,PUT,0.37437809369463015,-0.3171952955399446,0.37437809369463015,0.5,-0.6,-0.6,thr0.109_maxday1,202601
SPXW,20260106,202601,10:30,630,zero_dte,PUT,0.4629727056568028,-0.43380520760893665,0.4629727056568028,-0.6,0.5,0.5,thr0.109_maxday1,202601
SPXW,20260107,202601,10:30,630,zero_dte,PUT,0.2705987941367481,-0.4817308664970892,0.2705987941367481,0.5,-0.6,-0.6,thr0.109_maxday1,202601
SPXW,20260108,202601,10:30,630,zero_dte,CALL,0.3520316025719141,0.3520316025719141,-0.08077149244345477,-0.3099999904632569,0.5,-0.3099999904632569,thr0.109_maxday1,202601
SPXW,20260109,202601,10:30,630,zero_dte,PUT,0.4667610304132573,-0.19881422077797903,0.4667610304132573,0.5,-0.6,-0.6,thr0.109_maxday1,202601
SPXW,20260112,202601,10:30,630,zero_dte,PUT,0.4179222982201657,-0.3121461389369388,0.4179222982201657,0.5,-0.6,-0.6,thr0.109_maxday1,202601
SPXW,20260113,202601,10:30,630,zero_dte,PUT,0.4163781960672049,-0.2910533913927863,0.4163781960672049,0.5,-0.6,-0.6,thr0.109_maxday1,202601
SPXW,20260114,202601,10:30,630,zero_dte,PUT,0.45149472528359313,-0.3516801176331796,0.45149472528359313,-0.6,0.5,0.5,thr0.109_maxday1,202601
SPXW,20260115,202601,10:30,630,zero_dte,PUT,0.35987528428122983,-0.5206941137104026,0.35987528428122983,0.5,-0.6,-0.6,thr0.109_maxday1,202601
SPXW,20260116,202601,10:30,630,zero_dte,PUT,0.42679032247470455,-0.44903547794265725,0.42679032247470455,0.5,-0.6,-0.6,thr0.109_maxday1,202601
SPXW,20260120,202601,11:00,660,zero_dte,PUT,0.12315370187230647,-0.05837086565231812,0.12315370187230647,-0.6,0.5,0.5,thr0.109_maxday1,202601
SPXW,20260121,202601,10:30,630,zero_dte,PUT,0.3859874329871847,-0.35453332542976396,0.3859874329871847,0.5,0.5,0.5,thr0.109_maxday1,202601
SPXW,20260122,202601,10:45,645,zero_dte,CALL,0.2127020513591695,0.2127020513591695,-0.3327129869279596,0.5,-0.6,0.5,thr0.109_maxday1,202601
SPXW,20260123,202601,10:30,630,zero_dte,PUT,0.4260951234345353,-0.38351504748539256,0.4260951234345353,0.5,0.5,0.5,thr0.109_maxday1,202601
SPXW,20260126,202601,10:30,630,zero_dte,PUT,0.400191281124429,-0.2792392551361726,0.400191281124429,0.5,-0.6,-0.6,thr0.109_maxday1,202601
SPXW,20260127,202601,13:00,780,zero_dte,PUT,0.1294989196311104,-0.2835056806067441,0.1294989196311104,0.5,-0.6,-0.6,thr0.109_maxday1,202601
SPXW,20260128,202601,10:30,630,zero_dte,PUT,0.2529581989370963,-0.2854424792490072,0.2529581989370963,-0.6,0.5,0.5,thr0.109_maxday1,202601
SPXW,20260129,202601,10:30,630,zero_dte,PUT,0.3109976711591585,-0.38687537534026667,0.3109976711591585,-0.6,0.5,0.5,thr0.109_maxday1,202601
SPXW,20260130,202601,10:40,640,zero_dte,CALL,0.2341968097158686,0.2341968097158686,-0.33533471857005137,-0.6,0.5,-0.6,thr0.109_maxday1,202601
SPXW,20260203,202602,12:45,765,zero_dte,PUT,0.5057131120350061,-0.4059324882875131,0.5057131120350061,-0.6,0.5,0.5,thr0.495_maxday3,202602
SPXW,20260203,202602,13:20,800,zero_dte,PUT,0.5001074643765363,-0.3417793213580505,0.5001074643765363,-0.6,0.5,0.5,thr0.495_maxday3,202602
SPXW,20260204,202602,11:45,705,zero_dte,PUT,0.5170076953960362,-0.3349388416227521,0.5170076953960362,-0.6,0.5,0.5,thr0.495_maxday3,202602
SPXW,20260204,202602,12:15,735,zero_dte,PUT,0.5024997477872647,-0.36077948400896037,0.5024997477872647,-0.6,0.5,0.5,thr0.495_maxday3,202602
SPXW,20260204,202602,12:45,765,zero_dte,PUT,0.5185365889124525,-0.4833985335344879,0.5185365889124525,0.5,-0.6,-0.6,thr0.495_maxday3,202602
SPXW,20260305,202603,10:40,640,zero_dte,CALL,0.5290457449008416,0.5290457449008416,-0.13996509489728257,-0.6,0.5,-0.6,thr0.450_maxday2,202603
SPXW,20260309,202603,13:55,835,zero_dte,CALL,0.47249897334681124,0.47249897334681124,-0.4196553071187986,0.5,-0.6,0.5,thr0.450_maxday2,202603
SPXW,20260312,202603,12:45,765,zero_dte,CALL,0.5062215793612128,0.5062215793612128,-0.37079972072120687,-0.6,0.5,-0.6,thr0.450_maxday2,202603
SPXW,20260312,202603,14:05,845,zero_dte,CALL,0.5225347287594837,0.5225347287594837,-0.3313600219634672,-0.6,0.5,-0.6,thr0.450_maxday2,202603
SPXW,20260316,202603,12:00,720,zero_dte,CALL,0.46491858357607546,0.46491858357607546,-0.3353330289940602,-0.006451637514175879,0.5,-0.006451637514175879,thr0.450_maxday2,202603
SPXW,20260316,202603,13:15,795,zero_dte,CALL,0.4935450729390517,0.4935450729390517,-0.27772232235361294,-0.6,-0.6,-0.6,thr0.450_maxday2,202603
SPXW,20260318,202603,13:55,835,zero_dte,CALL,0.4924274994976529,0.4924274994976529,-0.4413860690409405,-0.6,0.5,-0.6,thr0.450_maxday2,202603
SPXW,20260319,202603,12:40,760,zero_dte,CALL,0.4764253369229869,0.4764253369229869,-0.1829787036636539,-0.6,0.5,-0.6,thr0.450_maxday2,202603
SPXW,20260319,202603,13:10,790,zero_dte,CALL,0.5154813692606318,0.5154813692606318,-0.34925134717184947,0.5,-0.6,0.5,thr0.450_maxday2,202603
SPXW,20260324,202603,10:35,635,zero_dte,CALL,0.5178388209058509,0.5178388209058509,-0.19761971582590032,0.5,-0.6,0.5,thr0.450_maxday2,202603
SPXW,20260324,202603,13:10,790,zero_dte,CALL,0.477442877892449,0.477442877892449,-0.21204906307948004,0.5,-0.6,0.5,thr0.450_maxday2,202603
SPXW,20260330,202603,14:30,870,zero_dte,CALL,0.4684034030272251,0.4684034030272251,-0.5595135439521508,-0.6,0.5,-0.6,thr0.450_maxday2,202603
SPXW,20260408,202604,10:35,635,zero_dte,PUT,0.4428249414890143,-0.4147942497480529,0.4428249414890143,0.5,-0.6,-0.6,thr0.428_maxday1,202604
SPXW,20260410,202604,10:40,640,zero_dte,PUT,0.4518736391528899,-0.4338673366461141,0.4518736391528899,-0.6,0.5,0.5,thr0.428_maxday1,202604
SPXW,20260416,202604,10:30,630,zero_dte,PUT,0.4332091671544483,-0.3025658714843078,0.4332091671544483,0.5,-0.6,-0.6,thr0.428_maxday1,202604
SPXW,20260420,202604,10:30,630,zero_dte,PUT,0.43606546196605345,-0.44033102849814587,0.43606546196605345,-0.6,0.5,0.5,thr0.428_maxday1,202604
SPXW,20260422,202604,10:35,635,zero_dte,PUT,0.4816945375969975,-0.271285934737515,0.4816945375969975,-0.6,-0.6,-0.6,thr0.428_maxday1,202604
SPXW,20260423,202604,12:05,725,zero_dte,PUT,0.45788157238235083,-0.2300026623920816,0.45788157238235083,-0.6,0.5,0.5,thr0.428_maxday1,202604
SPXW,20260427,202604,10:30,630,zero_dte,PUT,0.43354734775002446,-0.3403258666388805,0.43354734775002446,0.5,-0.6,-0.6,thr0.428_maxday1,202604
SPXW,20260428,202604,10:45,645,zero_dte,PUT,0.44971638028176236,-0.2854218648300643,0.44971638028176236,-0.6,-0.6,-0.6,thr0.428_maxday1,202604
SPXW,20260429,202604,11:10,670,zero_dte,PUT,0.4645237943787141,0.03189970360101907,0.4645237943787141,-0.6,0.5,0.5,thr0.428_maxday1,202604
SPXW,20260501,202605,12:30,750,zero_dte,CALL,0.4038130019199305,0.4038130019199305,-0.38701438757163387,-0.6,-0.6,-0.6,thr0.400_maxday1,202605
SPXW,20260508,202605,10:40,640,zero_dte,CALL,0.4120851190440244,0.4120851190440244,-0.4329097622664613,-0.14960627142247285,-0.6,-0.14960627142247285,thr0.400_maxday1,202605
SPXW,20260511,202605,12:45,765,zero_dte,CALL,0.4119661131549676,0.4119661131549676,-0.5308665442368504,0.5,0.5,0.5,thr0.400_maxday1,202605
SPXW,20260512,202605,10:30,630,zero_dte,PUT,0.4286578052179628,-0.20778198849050686,0.4286578052179628,-0.6,0.5,0.5,thr0.400_maxday1,202605
SPXW,20260515,202605,10:30,630,zero_dte,PUT,0.5033513197688495,-0.47193150952966073,0.5033513197688495,-0.6,0.5,0.5,thr0.400_maxday1,202605
SPXW,20260518,202605,11:20,680,zero_dte,PUT,0.42366531325327095,-0.010502418560636315,0.42366531325327095,-0.6,-0.6,-0.6,thr0.400_maxday1,202605
SPXW,20260519,202605,10:30,630,zero_dte,PUT,0.4346585754033254,-0.0862663454084994,0.4346585754033254,0.5,-0.6,-0.6,thr0.400_maxday1,202605
SPXW,20260521,202605,10:35,635,zero_dte,PUT,0.42306486635929397,-0.34322688701881277,0.42306486635929397,0.5,0.5,0.5,thr0.400_maxday1,202605
SPXW,20260529,202605,11:30,690,zero_dte,CALL,0.40746005270487523,0.40746005270487523,-0.45742360543318333,-0.6,0.5,-0.6,thr0.400_maxday1,202605
SPXW,20260601,202606,10:30,630,zero_dte,CALL,0.003444844018759905,0.003444844018759905,-0.3609873961350847,0.5,-0.6,0.5,thr-999.000_maxday1,202606
SPXW,20260602,202606,10:30,630,zero_dte,CALL,0.1564214469754456,0.1564214469754456,-0.08703227489925157,0.5,-0.6,0.5,thr-999.000_maxday1,202606
SPXW,20260603,202606,10:50,650,zero_dte,PUT,0.20480441010033135,-0.3403449688418893,0.20480441010033135,-0.6,0.5,0.5,thr-999.000_maxday1,202606
SPXW,20260604,202606,10:30,630,zero_dte,CALL,-0.17642838571704067,-0.17642838571704067,-0.18415754994149403,0.5,-0.6,0.5,thr-999.000_maxday1,202606
SPXW,20260605,202606,10:30,630,zero_dte,PUT,0.481929123624718,-0.5586772086276958,0.481929123624718,-0.6,0.5,0.5,thr-999.000_maxday1,202606
SPXW,20260608,202606,10:35,635,zero_dte,PUT,0.14082828921550766,-0.25412137291275133,0.14082828921550766,0.5,0.5,0.5,thr-999.000_maxday1,202606
SPXW,20260609,202606,10:30,630,zero_dte,PUT,0.04576676486934428,-0.1935006252287295,0.04576676486934428,-0.6,0.5,0.5,thr-999.000_maxday1,202606
SPXW,20260610,202606,10:30,630,zero_dte,PUT,-0.12855570285631573,-0.12971897530659224,-0.12855570285631573,-0.6,0.5,0.5,thr-999.000_maxday1,202606
SPXW,20260611,202606,10:55,655,zero_dte,PUT,-0.19802384953795127,-0.20491394158903414,-0.19802384953795127,0.5,-0.6,-0.6,thr-999.000_maxday1,202606
SPXW,20260612,202606,10:30,630,zero_dte,PUT,-0.07633932209196122,-0.30998664247668367,-0.07633932209196122,0.5,-0.6,-0.6,thr-999.000_maxday1,202606
SPXW,20260615,202606,10:30,630,zero_dte,PUT,-0.09447375817172954,-0.17138864751134264,-0.09447375817172954,0.5,-0.6,-0.6,thr-999.000_maxday1,202606
SPXW,20260616,202606,10:30,630,zero_dte,CALL,0.2789618993969802,0.2789618993969802,-0.2744712924297864,-0.6,-0.6,-0.6,thr-999.000_maxday1,202606
SPXW,20260617,202606,10:30,630,zero_dte,CALL,0.13166131643091228,0.13166131643091228,0.0012054633907288368,-0.47179486201359677,0.5,-0.47179486201359677,thr-999.000_maxday1,202606
SPXW,20260618,202606,10:30,630,zero_dte,PUT,0.1600330534946447,-0.27092807847388384,0.1600330534946447,0.5,-0.6,-0.6,thr-999.000_maxday1,202606
SPXW,20260622,202606,10:30,630,zero_dte,CALL,0.033803837131050236,0.033803837131050236,-0.031476031325237894,-0.6,-0.12545455585826526,-0.6,thr-999.000_maxday1,202606
SPXW,20260623,202606,10:30,630,zero_dte,PUT,0.11988487834441781,-0.28704267798834576,0.11988487834441781,-0.6,0.5,0.5,thr-999.000_maxday1,202606
SPXW,20260624,202606,10:30,630,zero_dte,CALL,0.07102478265796631,0.07102478265796631,-0.13291451045597028,0.5,-0.6,0.5,thr-999.000_maxday1,202606
SPXW,20260626,202606,10:30,630,zero_dte,PUT,0.10312729693830748,-0.09754755950312172,0.10312729693830748,0.5,-0.6,-0.6,thr-999.000_maxday1,202606
SPXW,20260629,202606,12:00,720,zero_dte,PUT,0.012572633863861546,-0.18911377715950273,0.012572633863861546,0.5,-0.6,-0.6,thr-999.000_maxday1,202606
SPXW,20260630,202606,10:30,630,zero_dte,PUT,-0.13630997934918837,-0.17013519670704833,-0.13630997934918837,0.5,0.5,0.5,thr-999.000_maxday1,202606
QQQ,20260105,202601,10:40,640,zero_dte,PUT,0.47751712949918146,-0.4293216288287785,0.47751712949918146,-0.6,0.5,0.5,thr0.450_maxday1,202601
QQQ,20260106,202601,10:30,630,zero_dte,PUT,0.47740873027214453,-0.5454841051662024,0.47740873027214453,-0.6,0.5,0.5,thr0.450_maxday1,202601
QQQ,20260107,202601,10:50,650,zero_dte,PUT,0.46133448617434764,-0.0627587509294966,0.46133448617434764,0.5,-0.6,-0.6,thr0.450_maxday1,202601
QQQ,20260109,202601,10:40,640,zero_dte,PUT,0.4582588853351086,-0.44379768447483264,0.4582588853351086,0.5,-0.6,-0.6,thr0.450_maxday1,202601
QQQ,20260112,202601,11:45,705,zero_dte,PUT,0.46846100603674745,-0.4734593210864697,0.46846100603674745,0.5,-0.6,-0.6,thr0.450_maxday1,202601
QQQ,20260115,202601,10:30,630,zero_dte,PUT,0.462157863775293,0.08414758618422336,0.462157863775293,-0.15822784380354282,-0.6,-0.6,thr0.450_maxday1,202601
QQQ,20260116,202601,10:30,630,zero_dte,PUT,0.45624065292312965,-0.4283241975568323,0.45624065292312965,0.5,-0.6,-0.6,thr0.450_maxday1,202601
QQQ,20260122,202601,11:25,685,zero_dte,PUT,0.4602143921676956,-0.3352408308026661,0.4602143921676956,-0.01587300085546861,-0.6,-0.6,thr0.450_maxday1,202601
QQQ,20260123,202601,11:25,685,zero_dte,PUT,0.4608763339817517,-0.3924371910765025,0.4608763339817517,-0.6,0.5,0.5,thr0.450_maxday1,202601
QQQ,20260126,202601,12:05,725,zero_dte,PUT,0.45135063245792095,-0.5710700590465208,0.45135063245792095,-0.6,0.5,0.5,thr0.450_maxday1,202601
QQQ,20260130,202601,12:05,725,zero_dte,PUT,0.4535796096875723,-0.3982695936574191,0.4535796096875723,-0.6,0.5,0.5,thr0.450_maxday1,202601
QQQ,20260202,202602,10:40,640,zero_dte,PUT,0.529754488909841,-0.3108247933010483,0.529754488909841,-0.6,0.5,0.5,thr0.493_maxday1,202602
QQQ,20260206,202602,11:10,670,zero_dte,PUT,0.5142963315338742,-0.5113290467096576,0.5142963315338742,0.5,-0.6,-0.6,thr0.493_maxday1,202602
QQQ,20260209,202602,11:30,690,zero_dte,PUT,0.529754488909841,-0.16014451987411277,0.529754488909841,0.5,-0.6,-0.6,thr0.493_maxday1,202602
QQQ,20260213,202602,10:35,635,zero_dte,PUT,0.5260830130471412,-0.5067962561738133,0.5260830130471412,-0.6,0.5,0.5,thr0.493_maxday1,202602
QQQ,20260218,202602,10:40,640,zero_dte,PUT,0.5075209725980099,0.10080470027923971,0.5075209725980099,-0.5367231628905385,-0.6,-0.6,thr0.493_maxday1,202602
QQQ,20260220,202602,11:05,665,zero_dte,PUT,0.5365120854900503,-0.17115701564373068,0.5365120854900503,-0.6,0.5,0.5,thr0.493_maxday1,202602
QQQ,20260224,202602,10:30,630,zero_dte,PUT,0.5365120854900503,0.10425414150362498,0.5365120854900503,-0.3988439593139388,-0.6,-0.6,thr0.493_maxday1,202602
QQQ,20260225,202602,10:30,630,zero_dte,PUT,0.5174774615037396,-0.28558943556532934,0.5174774615037396,-0.05208328482694813,-0.19318183819370838,-0.19318183819370838,thr0.493_maxday1,202602
QQQ,20260227,202602,10:40,640,zero_dte,PUT,0.5097427617004675,-0.502744233842246,0.5097427617004675,-0.6,0.5,0.5,thr0.493_maxday1,202602
QQQ,20260302,202603,10:40,640,zero_dte,PUT,0.03315870051448053,-0.028756613458751943,0.03315870051448053,0.5,-0.6,-0.6,thr-0.003_maxday1,202603
QQQ,20260303,202603,11:45,705,zero_dte,CALL,0.06213688360361093,0.06213688360361093,-0.5127141770287548,0.5,-0.6,0.5,thr-0.003_maxday1,202603
QQQ,20260304,202603,10:30,630,zero_dte,CALL,0.00819503049799641,0.00819503049799641,-0.13000327324920166,0.11688316312723446,-0.6,0.11688316312723446,thr-0.003_maxday1,202603
QQQ,20260305,202603,10:30,630,zero_dte,CALL,0.36973421370713855,0.36973421370713855,-0.46495127732682145,0.5,-0.6,0.5,thr-0.003_maxday1,202603
QQQ,20260306,202603,10:40,640,zero_dte,CALL,0.05504123240673841,0.05504123240673841,-0.26870231641698267,-0.6,0.5,-0.6,thr-0.003_maxday1,202603
QQQ,20260309,202603,10:40,640,zero_dte,PUT,0.2813884128766698,-0.19219542224454694,0.2813884128766698,0.5,-0.6,-0.6,thr-0.003_maxday1,202603
QQQ,20260310,202603,10:30,630,zero_dte,PUT,0.2756577176509412,-0.1299154469277573,0.2756577176509412,0.5,-0.6,-0.6,thr-0.003_maxday1,202603
QQQ,20260311,202603,10:30,630,zero_dte,CALL,0.048147669793125944,0.048147669793125944,0.02791115300618921,-0.6,0.5,-0.6,thr-0.003_maxday1,202603
QQQ,20260312,202603,10:30,630,zero_dte,CALL,0.21151016070014925,0.21151016070014925,0.135327777223854,-0.1277532882333603,-0.6,-0.1277532882333603,thr-0.003_maxday1,202603
QQQ,20260313,202603,10:35,635,zero_dte,PUT,0.1495400343560521,-0.1285926971213901,0.1495400343560521,-0.6,0.5,0.5,thr-0.003_maxday1,202603
QQQ,20260316,202603,10:45,645,zero_dte,PUT,0.005538488657603416,-0.2957808901592443,0.005538488657603416,0.5,-0.6,-0.6,thr-0.003_maxday1,202603
QQQ,20260317,202603,10:35,635,zero_dte,PUT,0.06232244834931321,-0.4297309204860439,0.06232244834931321,-0.6,0.5,0.5,thr-0.003_maxday1,202603
QQQ,20260318,202603,10:30,630,zero_dte,CALL,0.28426689805002625,0.28426689805002625,-0.4024121671900324,0.5,-0.10731703147229987,0.5,thr-0.003_maxday1,202603
QQQ,20260319,202603,10:35,635,zero_dte,CALL,0.5287887843553315,0.5287887843553315,-0.6301641514426694,-0.6,0.5,-0.6,thr-0.003_maxday1,202603
QQQ,20260320,202603,11:05,665,zero_dte,CALL,0.3092816824521774,0.3092816824521774,-0.36312849054719953,0.5,-0.6,0.5,thr-0.003_maxday1,202603
QQQ,20260323,202603,10:35,635,zero_dte,PUT,0.026765334598582637,-0.07944293545751577,0.026765334598582637,-0.6,0.5,0.5,thr-0.003_maxday1,202603
QQQ,20260324,202603,10:55,655,zero_dte,CALL,0.38311616432147305,0.38311616432147305,-0.5926435316811818,-0.6,-0.6,-0.6,thr-0.003_maxday1,202603
QQQ,20260325,202603,10:45,645,zero_dte,CALL,0.20295119673692294,0.20295119673692294,-0.35508150128589216,-0.6,0.5,-0.6,thr-0.003_maxday1,202603
QQQ,20260326,202603,10:30,630,zero_dte,PUT,0.3174660413152864,0.24576919508927778,0.3174660413152864,-0.6,0.5,0.5,thr-0.003_maxday1,202603
QQQ,20260327,202603,11:10,670,zero_dte,PUT,0.1653761200512754,-0.21812807761170894,0.1653761200512754,-0.6,0.5,0.5,thr-0.003_maxday1,202603
QQQ,20260330,202603,10:35,635,zero_dte,CALL,0.31517145141986,0.31517145141986,-0.42579915086367126,0.5,-0.6,0.5,thr-0.003_maxday1,202603
QQQ,20260331,202603,10:30,630,zero_dte,PUT,0.013610374889543137,-0.38215949525758214,0.013610374889543137,-0.6,0.5,0.5,thr-0.003_maxday1,202603
QQQ,20260402,202604,11:00,660,zero_dte,PUT,0.11310870024285453,-0.17677336392981963,0.11310870024285453,-0.6,-0.2614378978025754,-0.2614378978025754,thr0.106_maxday1,202604
QQQ,20260406,202604,10:50,650,zero_dte,PUT,0.13016815668074136,0.02329570100049289,0.13016815668074136,-0.44162436148903417,-0.6,-0.6,thr0.106_maxday1,202604
QQQ,20260408,202604,10:30,630,zero_dte,PUT,0.18710251490003682,-0.5728312219009803,0.18710251490003682,0.5,0.5,0.5,thr0.106_maxday1,202604
QQQ,20260410,202604,11:40,700,zero_dte,CALL,0.16131593925370832,0.16131593925370832,-0.17673481541841432,-0.6,0.5,-0.6,thr0.106_maxday1,202604
QQQ,20260413,202604,10:30,630,zero_dte,PUT,0.17627521608152136,0.14274273899342518,0.17627521608152136,0.5,-0.6,-0.6,thr0.106_maxday1,202604
QQQ,20260414,202604,10:30,630,zero_dte,PUT,0.3689281481914956,-0.5435476294465877,0.3689281481914956,0.5,-0.6,-0.6,thr0.106_maxday1,202604
QQQ,20260416,202604,10:45,645,zero_dte,PUT,0.13042183990910292,-0.08516547976066585,0.13042183990910292,0.5,-0.6,-0.6,thr0.106_maxday1,202604
QQQ,20260417,202604,10:30,630,zero_dte,PUT,0.4489770377122236,-0.562286674923723,0.4489770377122236,0.5,-0.6,-0.6,thr0.106_maxday1,202604
QQQ,20260420,202604,10:30,630,zero_dte,PUT,0.30731718953550163,-0.5340820269793136,0.30731718953550163,-0.6,0.5,0.5,thr0.106_maxday1,202604
QQQ,20260421,202604,10:30,630,zero_dte,PUT,0.3409763242543628,0.32064778487993445,0.3409763242543628,-0.6,0.5,0.5,thr0.106_maxday1,202604
QQQ,20260422,202604,11:05,665,zero_dte,CALL,0.225374986165933,0.225374986165933,0.06891737331000942,0.5,-0.6,0.5,thr0.106_maxday1,202604
QQQ,20260423,202604,10:45,645,zero_dte,PUT,0.44320227331134376,-0.3617235857922993,0.44320227331134376,0.5,-0.6,-0.6,thr0.106_maxday1,202604
QQQ,20260424,202604,10:40,640,zero_dte,PUT,0.3791876790650081,-0.2859551680753353,0.3791876790650081,0.5,-0.6,-0.6,thr0.106_maxday1,202604
QQQ,20260427,202604,10:30,630,zero_dte,PUT,0.26976446073952765,0.03488054257993625,0.26976446073952765,0.46323528573896655,-0.6,-0.6,thr0.106_maxday1,202604
QQQ,20260428,202604,10:35,635,zero_dte,CALL,0.24278890089212085,0.24278890089212085,0.013773091924304409,-0.6,0.5,-0.6,thr0.106_maxday1,202604
QQQ,20260429,202604,10:30,630,zero_dte,PUT,0.27484852550775746,-0.2970824349040542,0.27484852550775746,-0.22784810413097145,0.13496934310049902,0.13496934310049902,thr0.106_maxday1,202604
QQQ,20260430,202604,10:40,640,zero_dte,CALL,0.2040577733122911,0.2040577733122911,0.17109631034572173,0.5,-0.6,0.5,thr0.106_maxday1,202604
QQQ,20260501,202605,11:20,680,zero_dte,PUT,0.16677441433016266,-0.32465509764307376,0.16677441433016266,0.5,0.5,0.5,thr0.025_maxday1,202605
QQQ,20260504,202605,10:30,630,zero_dte,CALL,0.19612741608941786,0.19612741608941786,0.02658112504996866,-0.6,0.5,-0.6,thr0.025_maxday1,202605
QQQ,20260505,202605,10:40,640,zero_dte,CALL,0.17753524144084373,0.17753524144084373,-0.2279249830524796,0.0573769931157615,-0.6,0.0573769931157615,thr0.025_maxday1,202605
QQQ,20260506,202605,11:10,670,zero_dte,PUT,0.05707534316612588,-0.04076339990315686,0.05707534316612588,0.5,-0.6,-0.6,thr0.025_maxday1,202605
QQQ,20260507,202605,10:30,630,zero_dte,PUT,0.10419439092571997,-0.32720104873536937,0.10419439092571997,0.5,0.5,0.5,thr0.025_maxday1,202605
QQQ,20260508,202605,10:40,640,zero_dte,CALL,0.1989990521534283,0.1989990521534283,-0.13355812039364573,0.5,-0.6,0.5,thr0.025_maxday1,202605
QQQ,20260511,202605,10:30,630,zero_dte,CALL,0.032648735205735135,0.032648735205735135,-0.05796506342428156,0.5,-0.6,0.5,thr0.025_maxday1,202605
QQQ,20260512,202605,10:30,630,zero_dte,PUT,0.16217812808023052,-0.512173996019623,0.16217812808023052,-0.6,0.5,0.5,thr0.025_maxday1,202605
QQQ,20260513,202605,10:30,630,zero_dte,CALL,0.24732885397254653,0.24732885397254653,-0.19168792988250158,0.5,-0.6,0.5,thr0.025_maxday1,202605
QQQ,20260514,202605,10:35,635,zero_dte,PUT,0.090321972690072,-0.007204428542835907,0.090321972690072,0.5,-0.6,-0.6,thr0.025_maxday1,202605
QQQ,20260515,202605,10:35,635,zero_dte,PUT,0.06630060092650567,0.015189660672727978,0.06630060092650567,-0.6,0.5,0.5,thr0.025_maxday1,202605
QQQ,20260518,202605,10:30,630,zero_dte,CALL,0.04707304835613297,0.04707304835613297,-0.1821459082721219,-0.6,0.5,-0.6,thr0.025_maxday1,202605
QQQ,20260519,202605,12:55,775,zero_dte,CALL,0.2555745706598988,0.2555745706598988,0.003383222446214554,0.5,-0.6,0.5,thr0.025_maxday1,202605
QQQ,20260520,202605,10:30,630,zero_dte,PUT,0.08841022329406456,-0.5094693793318598,0.08841022329406456,0.5,-0.36507935081269516,-0.36507935081269516,thr0.025_maxday1,202605
QQQ,20260521,202605,11:10,670,zero_dte,CALL,0.051087128076120494,0.051087128076120494,-0.11023951596019674,0.5,-0.6,0.5,thr0.025_maxday1,202605
QQQ,20260522,202605,11:05,665,zero_dte,PUT,0.23675183374859554,-0.091835144105133,0.23675183374859554,-0.4320388400079349,-0.6,-0.6,thr0.025_maxday1,202605
QQQ,20260526,202605,10:30,630,zero_dte,CALL,0.32032926384916394,0.32032926384916394,-0.19163997592655896,-0.6,0.5,-0.6,thr0.025_maxday1,202605
QQQ,20260527,202605,11:00,660,zero_dte,CALL,0.072012464243828,0.072012464243828,-0.2233217867628324,0.5,-0.6,0.5,thr0.025_maxday1,202605
QQQ,20260528,202605,10:35,635,zero_dte,CALL,0.0740989761337523,0.0740989761337523,-0.01693460249890861,0.5,-0.6,0.5,thr0.025_maxday1,202605
QQQ,20260529,202605,10:35,635,zero_dte,PUT,0.06322057571365458,-0.26056397752545657,0.06322057571365458,-0.6,-0.08071751803481508,-0.08071751803481508,thr0.025_maxday1,202605
QQQ,20260601,202606,10:30,630,zero_dte,CALL,0.3205815177834325,0.3205815177834325,-0.39092010892332607,0.5,-0.6,0.5,thr0.281_maxday1,202606
QQQ,20260602,202606,10:35,635,zero_dte,CALL,0.3143703861951548,0.3143703861951548,-0.053367583164340655,0.5,-0.6,0.5,thr0.281_maxday1,202606
QQQ,20260604,202606,10:40,640,zero_dte,CALL,0.30684734620530224,0.30684734620530224,-0.10038931956856398,0.5,-0.6,0.5,thr0.281_maxday1,202606
QQQ,20260605,202606,11:55,715,zero_dte,CALL,0.28654649533884,0.28654649533884,0.055161035364419526,-0.6,0.5,-0.6,thr0.281_maxday1,202606
QQQ,20260608,202606,12:35,755,zero_dte,CALL,0.30458117025125336,0.30458117025125336,-0.5034745814273712,-0.6,0.5,-0.6,thr0.281_maxday1,202606
QQQ,20260609,202606,10:50,650,zero_dte,CALL,0.44216509211527055,0.44216509211527055,-0.11145493865723932,-0.6,0.5,-0.6,thr0.281_maxday1,202606
QQQ,20260610,202606,10:35,635,zero_dte,CALL,0.4039652029017874,0.4039652029017874,-0.1555656346142692,-0.6,0.5,-0.6,thr0.281_maxday1,202606
QQQ,20260611,202606,13:30,810,zero_dte,CALL,0.3564082889650284,0.3564082889650284,-0.34744959778131945,0.5,0.5,0.5,thr0.281_maxday1,202606
QQQ,20260612,202606,10:35,635,zero_dte,CALL,0.5086460373801535,0.5086460373801535,-0.2389663021642638,0.5,-0.6,0.5,thr0.281_maxday1,202606
QQQ,20260615,202606,11:05,665,zero_dte,PUT,0.28225185759582994,-0.0030618998074951813,0.28225185759582994,0.5,-0.6,-0.6,thr0.281_maxday1,202606
QQQ,20260616,202606,11:20,680,zero_dte,CALL,0.382159079036238,0.382159079036238,-0.4007951683106464,-0.6,0.5,-0.6,thr0.281_maxday1,202606
QQQ,20260617,202606,14:05,845,zero_dte,CALL,0.4223307759666273,0.4223307759666273,-0.4350497957266626,0.5,-0.6,0.5,thr0.281_maxday1,202606
QQQ,20260618,202606,11:05,665,zero_dte,CALL,0.31216693172707627,0.31216693172707627,-0.46723743712846205,-0.6,0.5,-0.6,thr0.281_maxday1,202606
QQQ,20260622,202606,10:45,645,zero_dte,CALL,0.3587961932476069,0.3587961932476069,-0.18742640121151088,-0.6,-0.43600001335144045,-0.6,thr0.281_maxday1,202606
QQQ,20260624,202606,10:45,645,zero_dte,CALL,0.41959601848145167,0.41959601848145167,-0.24185928204488125,-0.6,0.5,-0.6,thr0.281_maxday1,202606
QQQ,20260626,202606,11:30,690,zero_dte,CALL,0.4571555447022624,0.4571555447022624,-0.2765929263897552,-0.6,0.5,-0.6,thr0.281_maxday1,202606
QQQ,20260630,202606,10:30,630,zero_dte,CALL,0.41448140160044733,0.41448140160044733,-0.40454684311851546,0.5,0.5,0.5,thr0.281_maxday1,202606
SPY,20260102,202601,10:30,630,zero_dte,PUT,0.4095947386921042,0.4047562405234755,0.4095947386921042,-0.6,0.5,0.5,thr-999.000_maxday1,202601
SPY,20260105,202601,10:30,630,zero_dte,PUT,0.3105521861612633,0.011781284099479405,0.3105521861612633,0.5,-0.6,-0.6,thr-999.000_maxday1,202601
SPY,20260106,202601,10:30,630,zero_dte,PUT,0.3513582770762211,-0.0561618669483618,0.3513582770762211,-0.6,0.5,0.5,thr-999.000_maxday1,202601
SPY,20260107,202601,10:30,630,zero_dte,PUT,-0.1376172075698959,-0.5490886915218351,-0.1376172075698959,0.5,-0.6,-0.6,thr-999.000_maxday1,202601
SPY,20260108,202601,10:30,630,zero_dte,PUT,0.18605148592130172,-0.4654920621700616,0.18605148592130172,-0.3947368235304083,-0.6,-0.6,thr-999.000_maxday1,202601
SPY,20260109,202601,10:30,630,zero_dte,PUT,0.4136776342088847,-0.5592746752875534,0.4136776342088847,0.5,-0.6,-0.6,thr-999.000_maxday1,202601
SPY,20260112,202601,10:30,630,zero_dte,PUT,0.49151331283790617,-0.14506275095705265,0.49151331283790617,0.5,-0.6,-0.6,thr-999.000_maxday1,202601
SPY,20260113,202601,10:30,630,zero_dte,PUT,0.3526862861016201,-0.2580964611554106,0.3526862861016201,0.5,-0.6,-0.6,thr-999.000_maxday1,202601
SPY,20260114,202601,10:30,630,zero_dte,PUT,0.38306092474495534,-0.32754086239655866,0.38306092474495534,-0.6,0.5,0.5,thr-999.000_maxday1,202601
SPY,20260115,202601,10:30,630,zero_dte,CALL,0.3102174689670659,0.3102174689670659,-0.20329814513191447,0.052631633983975634,-0.6,0.052631633983975634,thr-999.000_maxday1,202601
SPY,20260116,202601,10:30,630,zero_dte,PUT,0.4904644523387682,-0.5068299734485463,0.4904644523387682,0.5,-0.6,-0.6,thr-999.000_maxday1,202601
SPY,20260120,202601,10:30,630,zero_dte,PUT,0.14151158008840958,0.09091467250204815,0.14151158008840958,-0.6,0.5,0.5,thr-999.000_maxday1,202601
SPY,20260121,202601,10:30,630,zero_dte,PUT,0.41203579446611965,-0.4308575576146201,0.41203579446611965,0.5,0.5,0.5,thr-999.000_maxday1,202601
SPY,20260122,202601,10:45,645,zero_dte,PUT,0.16588157829147676,-0.39664802227820645,0.16588157829147676,0.5,-0.6,-0.6,thr-999.000_maxday1,202601
SPY,20260123,202601,10:30,630,zero_dte,PUT,0.4904644523387682,-0.4871051879052845,0.4904644523387682,0.5,0.5,0.5,thr-999.000_maxday1,202601
SPY,20260126,202601,10:30,630,zero_dte,PUT,0.3103123967031894,-0.09499401367529377,0.3103123967031894,0.5,-0.6,-0.6,thr-999.000_maxday1,202601
SPY,20260127,202601,10:30,630,zero_dte,PUT,0.04444670929331027,-0.2920858361128346,0.04444670929331027,0.5,-0.6,-0.6,thr-999.000_maxday1,202601
SPY,20260128,202601,10:30,630,zero_dte,CALL,-0.17974790380475136,-0.17974790380475136,-0.1801487763582548,-0.4161073830872901,0.5,-0.4161073830872901,thr-999.000_maxday1,202601
SPY,20260129,202601,10:30,630,zero_dte,PUT,0.3683231893152857,-0.24048333590747054,0.3683231893152857,-0.6,0.5,0.5,thr-999.000_maxday1,202601
SPY,20260130,202601,10:30,630,zero_dte,PUT,0.21902325479575505,-0.3184538095381115,0.21902325479575505,-0.6,0.5,0.5,thr-999.000_maxday1,202601
SPY,20260202,202602,10:40,640,zero_dte,PUT,0.461709637627464,0.23773257498731856,0.461709637627464,-0.6,0.5,0.5,thr0.400_maxday1,202602
SPY,20260204,202602,11:25,685,zero_dte,PUT,0.4039884897947285,-0.0834539066644297,0.4039884897947285,-0.6,0.5,0.5,thr0.400_maxday1,202602
SPY,20260211,202602,10:30,630,zero_dte,PUT,0.503749526698878,-0.06744889381712212,0.503749526698878,0.5,-0.6,-0.6,thr0.400_maxday1,202602
SPY,20260212,202602,11:00,660,zero_dte,PUT,0.41649229515351716,0.19501901705811736,0.41649229515351716,-0.6,0.5,0.5,thr0.400_maxday1,202602
SPY,20260213,202602,12:15,735,zero_dte,PUT,0.4469322736760145,-0.5507563163327307,0.4469322736760145,-0.6,0.5,0.5,thr0.400_maxday1,202602
SPY,20260217,202602,11:40,700,zero_dte,PUT,0.4178263271237125,0.06923750084563095,0.4178263271237125,-0.6,0.5,0.5,thr0.400_maxday1,202602
SPY,20260219,202602,11:15,675,zero_dte,PUT,0.5261071405095629,-0.11344048166192688,0.5261071405095629,-0.6,0.5,0.5,thr0.400_maxday1,202602
SPY,20260220,202602,11:10,670,zero_dte,PUT,0.42157787098532284,-0.37110221174976643,0.42157787098532284,-0.6,0.5,0.5,thr0.400_maxday1,202602
SPY,20260225,202602,10:30,630,zero_dte,PUT,0.4215952283922295,-0.5571354358703688,0.4215952283922295,0.339506215991779,-0.5165562757059834,-0.5165562757059834,thr0.400_maxday1,202602
SPY,20260226,202602,13:15,795,zero_dte,PUT,0.49908659440602915,-0.41598609994678415,0.49908659440602915,0.5,-0.6,-0.6,thr0.400_maxday1,202602
SPY,20260319,202603,13:05,785,zero_dte,CALL,0.6009598877120512,0.6009598877120512,-0.2947467722607506,0.5,-0.6,0.5,thr0.393_maxday2,202603
SPY,20260320,202603,10:30,630,zero_dte,CALL,0.4457199210438991,0.4457199210438991,-0.39057433941325265,-0.39912279738613765,-0.3999999602635691,-0.39912279738613765,thr0.393_maxday2,202603
SPY,20260320,202603,11:05,665,zero_dte,CALL,0.5056063314091681,0.5056063314091681,-0.48015275081583764,-0.6,0.15204677465680283,-0.6,thr0.393_maxday2,202603
SPY,20260324,202603,10:35,635,zero_dte,CALL,0.4205179014408787,0.4205179014408787,-0.09471802279135905,0.5,-0.6,0.5,thr0.393_maxday2,202603
SPY,20260330,202603,13:45,825,zero_dte,CALL,0.4073886134604038,0.4073886134604038,-0.5127222186311329,-0.6,0.5,-0.6,thr0.393_maxday2,202603
SPY,20260331,202603,12:25,745,zero_dte,PUT,0.41234620223778085,-0.22036308266474108,0.41234620223778085,0.5,-0.6,-0.6,thr0.393_maxday2,202603
SPY,20260402,202604,10:45,645,zero_dte,PUT,0.45886792472394816,-0.6220005749811404,0.45886792472394816,-0.6,0.5,0.5,thr0.456_maxday1,202604
SPY,20260406,202604,14:25,865,zero_dte,CALL,0.5154208815892016,0.5154208815892016,-0.5865019209355862,-0.6,-0.6,-0.6,thr0.456_maxday1,202604
SPY,20260410,202604,10:45,645,zero_dte,PUT,0.4765518351895038,-0.2364179083905782,0.4765518351895038,-0.6,0.5,0.5,thr0.456_maxday1,202604
SPY,20260413,202604,10:30,630,zero_dte,PUT,0.48050903037419523,-0.22735742285712207,0.48050903037419523,0.5,-0.6,-0.6,thr0.456_maxday1,202604
SPY,20260414,202604,11:20,680,zero_dte,PUT,0.4790103410523384,-0.5958396104035726,0.4790103410523384,0.5,-0.6,-0.6,thr0.456_maxday1,202604
SPY,20260416,202604,10:45,645,zero_dte,PUT,0.4941928958616611,-0.35225634716211085,0.4941928958616611,0.5,-0.6,-0.6,thr0.456_maxday1,202604
SPY,20260417,202604,11:50,710,zero_dte,PUT,0.4722953521451627,-0.5958396104035726,0.4722953521451627,-0.6,0.5,0.5,thr0.456_maxday1,202604
SPY,20260420,202604,12:30,750,zero_dte,PUT,0.5095218169041352,-0.17640534061219354,0.5095218169041352,-0.5421686712379361,-0.6,-0.6,thr0.456_maxday1,202604
SPY,20260421,202604,10:30,630,zero_dte,PUT,0.48551186884245184,-0.15238784003509265,0.48551186884245184,-0.6,0.5,0.5,thr0.456_maxday1,202604
SPY,20260422,202604,10:30,630,zero_dte,PUT,0.47545296350435895,-0.07119244438399924,0.47545296350435895,-0.6,-0.25766868608178883,-0.25766868608178883,thr0.456_maxday1,202604
SPY,20260424,202604,10:40,640,zero_dte,PUT,0.5236732330156323,-0.360440135766442,0.5236732330156323,0.5,-0.6,-0.6,thr0.456_maxday1,202604
SPY,20260429,202604,11:10,670,zero_dte,PUT,0.5287752349448978,-0.3791521315714749,0.5287752349448978,-0.41624367540267027,0.3775932842336174,0.3775932842336174,thr0.456_maxday1,202604
SPY,20260504,202605,11:25,685,zero_dte,PUT,0.44013256067767254,-0.39348712948095477,0.44013256067767254,-0.6,0.5,0.5,thr0.380_maxday1,202605
SPY,20260507,202605,10:45,645,zero_dte,PUT,0.37997695142133636,-0.22302884974474677,0.37997695142133636,-0.6,0.5,0.5,thr0.380_maxday1,202605
SPY,20260512,202605,10:35,635,zero_dte,PUT,0.4188652712880216,-0.5860436438696797,0.4188652712880216,-0.6,0.5,0.5,thr0.380_maxday1,202605
SPY,20260518,202605,11:15,675,zero_dte,PUT,0.3820016565962246,-0.5097150685508107,0.3820016565962246,-0.6,0.5,0.5,thr0.380_maxday1,202605
SPY,20260601,202606,10:30,630,zero_dte,CALL,0.27690282089390916,0.27690282089390916,-0.6109248287490946,0.5,-0.6,0.5,thr0.122_maxday2,202606
SPY,20260601,202606,11:00,660,zero_dte,CALL,0.24571458929941933,0.24571458929941933,-0.4191152267918618,0.5,-0.6,0.5,thr0.122_maxday2,202606
SPY,20260602,202606,11:00,660,zero_dte,CALL,0.1286370451989644,0.1286370451989644,-0.44125738232375894,-0.6,0.08928573519295568,-0.6,thr0.122_maxday2,202606
SPY,20260602,202606,11:30,690,zero_dte,CALL,0.19852004716230634,0.19852004716230634,-0.46615918734916023,-0.6,0.04040400148252998,-0.6,thr0.122_maxday2,202606
SPY,20260603,202606,10:50,650,zero_dte,PUT,0.2450148821513933,-0.0063631225292344225,0.2450148821513933,-0.6,0.5,0.5,thr0.122_maxday2,202606
SPY,20260603,202606,11:20,680,zero_dte,PUT,0.18739513887897297,-0.033246439058583,0.18739513887897297,-0.6,0.5,0.5,thr0.122_maxday2,202606
SPY,20260604,202606,12:10,730,zero_dte,CALL,0.15430277810273027,0.15430277810273027,-0.44246481448242353,0.5,-0.6,0.5,thr0.122_maxday2,202606
SPY,20260604,202606,12:40,760,zero_dte,CALL,0.18437985807951324,0.18437985807951324,-0.6215425686363686,0.5,-0.6,0.5,thr0.122_maxday2,202606
SPY,20260605,202606,10:30,630,zero_dte,PUT,0.17054225727734584,-0.5237966882491019,0.17054225727734584,-0.6,0.5,0.5,thr0.122_maxday2,202606
SPY,20260605,202606,12:15,735,zero_dte,PUT,0.15876041128950086,-0.25507722271508737,0.15876041128950086,-0.6,0.5,0.5,thr0.122_maxday2,202606
SPY,20260608,202606,10:35,635,zero_dte,CALL,0.28331878449860537,0.28331878449860537,0.07595981804011528,0.5,0.5,0.5,thr0.122_maxday2,202606
SPY,20260608,202606,12:25,745,zero_dte,CALL,0.19359280455438063,0.19359280455438063,-0.06778636735965564,-0.6,0.5,-0.6,thr0.122_maxday2,202606
SPY,20260609,202606,10:30,630,zero_dte,CALL,0.26133713750433757,0.26133713750433757,-0.1182956783472257,-0.6,0.5,-0.6,thr0.122_maxday2,202606
SPY,20260609,202606,11:00,660,zero_dte,CALL,0.2989651527807678,0.2989651527807678,-0.30022087829032024,-0.6,0.5,-0.6,thr0.122_maxday2,202606
SPY,20260610,202606,10:30,630,zero_dte,CALL,0.2476183402059995,0.2476183402059995,-0.18809798835534575,-0.6,0.5,-0.6,thr0.122_maxday2,202606
SPY,20260610,202606,11:00,660,zero_dte,PUT,0.15108745588936787,0.06672778570112955,0.15108745588936787,-0.6,0.5,0.5,thr0.122_maxday2,202606
SPY,20260611,202606,10:55,655,zero_dte,CALL,0.23021845062378637,0.23021845062378637,-0.11174473737858269,0.5,-0.6,0.5,thr0.122_maxday2,202606
SPY,20260611,202606,11:30,690,zero_dte,PUT,0.23025098266070726,0.0642567556758646,0.23025098266070726,0.5,-0.6,-0.6,thr0.122_maxday2,202606
SPY,20260612,202606,10:55,655,zero_dte,CALL,0.16798010777023337,0.16798010777023337,-0.3393391229995165,-0.6,-0.6,-0.6,thr0.122_maxday2,202606
SPY,20260612,202606,11:35,695,zero_dte,CALL,0.17613936473626154,0.17613936473626154,-0.27224111513133814,-0.6,0.5,-0.6,thr0.122_maxday2,202606
SPY,20260615,202606,11:30,690,zero_dte,CALL,0.2741179243128951,0.2741179243128951,-0.1708466390262022,0.5,-0.6,0.5,thr0.122_maxday2,202606
SPY,20260615,202606,12:05,725,zero_dte,PUT,0.18721107163091902,-0.3566827064687932,0.18721107163091902,-0.6,0.5,0.5,thr0.122_maxday2,202606
SPY,20260616,202606,10:30,630,zero_dte,CALL,0.3775892983686891,0.3775892983686891,-0.4212697304943327,-0.6,-0.6,-0.6,thr0.122_maxday2,202606
SPY,20260616,202606,11:00,660,zero_dte,CALL,0.374091090524294,0.374091090524294,-0.3922961921787541,-0.6,0.5,-0.6,thr0.122_maxday2,202606
SPY,20260617,202606,10:30,630,zero_dte,PUT,0.12587705936941326,0.09433578977832006,0.12587705936941326,-0.48453609767787686,0.5,0.5,thr0.122_maxday2,202606
SPY,20260617,202606,11:00,660,zero_dte,CALL,0.24938587320513964,0.24938587320513964,-0.04295120667902402,-0.376033081463488,0.22553201332628015,-0.376033081463488,thr0.122_maxday2,202606
SPY,20260618,202606,10:30,630,zero_dte,PUT,0.23409485517096876,0.0008389291493011307,0.23409485517096876,0.5,-0.6,-0.6,thr0.122_maxday2,202606
SPY,20260618,202606,11:00,660,zero_dte,PUT,0.18764759486587335,0.05955605226871101,0.18764759486587335,-0.6,0.5,0.5,thr0.122_maxday2,202606
SPY,20260622,202606,10:35,635,zero_dte,PUT,0.3340370869082111,-0.34304131823315065,0.3340370869082111,-0.6,0.5,0.5,thr0.122_maxday2,202606
SPY,20260622,202606,11:05,665,zero_dte,CALL,0.322772159843663,0.322772159843663,-0.010315072484996033,-0.6,-0.6,-0.6,thr0.122_maxday2,202606
SPY,20260623,202606,10:30,630,zero_dte,CALL,0.24417546605030263,0.24417546605030263,0.027221745562495632,-0.6,0.5,-0.6,thr0.122_maxday2,202606
SPY,20260624,202606,10:30,630,zero_dte,CALL,0.3859543386339483,0.3859543386339483,0.007457555908750286,0.5,-0.6,0.5,thr0.122_maxday2,202606
SPY,20260624,202606,11:00,660,zero_dte,CALL,0.20404384676883763,0.20404384676883763,-0.16147309451428546,-0.6,0.5,-0.6,thr0.122_maxday2,202606
SPY,20260626,202606,11:30,690,zero_dte,CALL,0.32519523180696314,0.32519523180696314,-0.46992684795330175,-0.6,0.5,-0.6,thr0.122_maxday2,202606
SPY,20260626,202606,12:10,730,zero_dte,CALL,0.29914534954915006,0.29914534954915006,-0.3726804196148799,-0.6,-0.6,-0.6,thr0.122_maxday2,202606
SPY,20260629,202606,12:00,720,zero_dte,CALL,0.4355454121635249,0.4355454121635249,-0.43093039386351994,0.5,-0.6,0.5,thr0.122_maxday2,202606
SPY,20260629,202606,12:40,760,zero_dte,CALL,0.4468470219996771,0.4468470219996771,-0.21489371493494416,0.5,-0.6,0.5,thr0.122_maxday2,202606
SPY,20260630,202606,10:30,630,zero_dte,CALL,0.267506600984635,0.267506600984635,-0.2637156944846029,0.5,0.5,0.5,thr0.122_maxday2,202606
SPY,20260630,202606,11:00,660,zero_dte,PUT,0.2914564182391468,-0.45318608804128896,0.2914564182391468,0.5,-0.6,-0.6,thr0.122_maxday2,202606
