ticker,trade_date,minute,ret_15m_bps,option_price_mode,call_d25_opt_exit_ret,call_d25_opt_exit_minutes,call_d35_opt_exit_ret,call_d35_opt_exit_minutes,put_d25_opt_exit_ret,put_d25_opt_exit_minutes,put_d35_opt_exit_ret,put_d35_opt_exit_minutes,wall_net_gamma_total_log,lag_minute,gex_log_lag45,net_gex_proxy,net_gex_proxy_lag45,net_gex_slope15,month,action,score,realized_return,exit_minutes,date,deploy_config,arm,policy
QQQ,20231201,680,27.363249141225676,executable_quote,0.15384616560249453,30,0.1506848655155948,30,-0.6304347854255503,34,-0.6304347854255503,34,-18.86868473017483,635.0,-20.38611706208258,-156518492.4816436,-713802635.1126984,185761380.8770183,202312,CALL,1.0,0.1506848655155948,30.0,20231201,thr-inf_maxday2,K0_LEVEL,KING_GEX_SLOPE1_EXECUTABLE_V1
QQQ,20231201,710,22.682291930913312,executable_quote,-0.15217395952157942,30,-0.15217395952157942,30,-0.677419352512826,39,-0.6206896463132214,39,-17.403536313212868,665.0,-19.952874673167,-36162610.55954411,-462831988.787499,142223126.07598498,202312,CALL,1.0,-0.15217395952157942,30.0,20231201,thr-inf_maxday2,K0_LEVEL,KING_GEX_SLOPE1_EXECUTABLE_V1
QQQ,20231204,680,2.087059941699998,executable_quote,0.7999999523162842,35,1.8431374015646802,62,-0.7857142914162607,30,-0.7096774100513041,30,-20.319329437215895,635.0,-20.26478818116389,-667686583.965298,-632245407.3955957,-11813725.523234129,202312,CALL,1.0,1.8431374015646802,62.0,20231204,thr-inf_maxday2,K0_LEVEL,KING_GEX_SLOPE1_EXECUTABLE_V1
QQQ,20231204,755,12.45570159978282,executable_quote,-0.6315789411768027,48,-0.6481481665446427,51,1.1250000698491949,94,1.1250000698491949,94,-20.50593246682533,710.0,-20.49590260553169,-804661673.4269066,-796631367.1922957,-2676768.744870305,202312,CALL,1.0,-0.6481481665446427,51.0,20231204,thr-inf_maxday2,K0_LEVEL,KING_GEX_SLOPE1_EXECUTABLE_V1
QQQ,20231206,690,-16.240169481791522,executable_quote,-0.6818181787394295,77,-0.6800000071525574,82,-0.3000000496705353,30,-0.21538460127700665,30,-15.008813229599262,645.0,17.07009364790106,-3297954.304149893,25908809.63814814,-9735587.980766011,202312,PUT,1.0,-0.21538460127700665,30.0,20231206,thr-inf_maxday2,K0_LEVEL,KING_GEX_SLOPE1_EXECUTABLE_V1
QQQ,20231206,725,12.672379603120287,executable_quote,-0.6756756871046159,52,-0.6756756871046159,52,0.3571428343349574,56,0.3571428343349574,56,-17.604152328305453,680.0,18.00141355144603,-44196329.72389413,65752847.511072084,-36649725.74498874,202312,CALL,1.0,-0.6756756871046159,52.0,20231206,thr-inf_maxday2,K0_LEVEL,KING_GEX_SLOPE1_EXECUTABLE_V1
QQQ,20231207,690,7.720094547796208,executable_quote,1.171428581159942,34,1.171428581159942,34,-0.6590908936971475,30,-0.6590908936971475,30,20.220168022064726,645.0,20.22665275465791,604654646.2786514,608588410.8981667,-1311254.8731717665,202312,PUT,1.0,-0.6590908936971475,30.0,20231207,thr-inf_maxday2,K0_LEVEL,KING_GEX_SLOPE1_EXECUTABLE_V1
QQQ,20231207,720,7.692388956295204,executable_quote,0.5333333002196432,33,0.23809523133734167,36,-0.6562499941792338,120,-0.6129032374358697,130,20.34410358892951,675.0,20.169386038150414,684434554.5077903,574715696.9566448,36572952.517048515,202312,PUT,1.0,-0.6129032374358697,130.0,20231207,thr-inf_maxday2,K0_LEVEL,KING_GEX_SLOPE1_EXECUTABLE_V1
QQQ,20231208,830,1.5318786200468892,executable_quote,0.7777776673988104,64,0.26470589008710776,38,-0.636363642521141,41,-0.636363642521141,41,19.634048067016423,785.0,19.4319364832921,336479594.24769735,274905092.987253,20524833.753481448,202312,PUT,1.0,-0.636363642521141,41.0,20231208,thr-inf_maxday2,K0_LEVEL,KING_GEX_SLOPE1_EXECUTABLE_V1
QQQ,20231211,680,-12.948353795637635,executable_quote,0.5000000677325513,84,0.2549019562011037,59,-0.625,47,-0.625,62,19.347578826710706,635.0,19.413563164711142,252665951.0687787,269900292.3066726,-5744780.412631293,202312,CALL,1.0,0.2549019562011037,59.0,20231211,thr-inf_maxday2,K0_LEVEL,KING_GEX_SLOPE1_EXECUTABLE_V1
QQQ,20231211,740,2.2840551342562243,executable_quote,0.24137939539307474,42,0.24137939539307474,42,-0.6206896463132214,43,-0.6206896463132214,43,19.724389117168865,695.0,19.14888346557983,368292904.04638004,207135444.96423343,53719153.0273822,202312,PUT,1.0,-0.6206896463132214,43.0,20231211,thr-inf_maxday2,K0_LEVEL,KING_GEX_SLOPE1_EXECUTABLE_V1
QQQ,20231212,680,-1.008000417039856,executable_quote,-0.6071428609441738,50,-0.6071428609441738,50,0.15384616560249453,54,0.15384616560249453,54,19.30747398451639,635.0,17.77695085669197,242733327.35217616,52532933.6053769,63400131.248933084,202312,CALL,1.0,-0.6071428609441738,50.0,20231212,thr-inf_maxday2,K0_LEVEL,KING_GEX_SLOPE1_EXECUTABLE_V1
QQQ,20231212,730,-12.351491905915335,executable_quote,0.4000000510896964,37,0.4000000510896964,37,-0.7083333255723117,53,-0.6428571390558262,53,18.514100862691116,685.0,19.696234036286082,109792288.63725576,358068201.60357285,-82758637.65543903,202312,CALL,1.0,0.4000000510896964,37.0,20231212,thr-inf_maxday2,K0_LEVEL,KING_GEX_SLOPE1_EXECUTABLE_V1
QQQ,20231213,680,-7.249488519328606,executable_quote,0.45833334109435486,167,0.44999993667006577,167,-0.6341463237344898,162,-0.6212121362637986,165,19.15470109230241,635.0,19.268575578487496,208343993.70400387,233472667.8869067,-8376224.727634281,202312,CALL,1.0,0.44999993667006577,167.0,20231213,thr-inf_maxday2,K0_LEVEL,KING_GEX_SLOPE1_EXECUTABLE_V1
QQQ,20231214,680,-8.166771624498192,executable_quote,-0.6190476156686708,97,-0.6190476156686708,97,-0.6296296388278769,50,-0.6140350849674678,54,19.603481636125768,635.0,19.848044155610694,326350212.13281476,416769618.3912642,-30139802.08614981,202312,CALL,1.0,-0.6190476156686708,97.0,20231214,thr-inf_maxday2,K0_LEVEL,KING_GEX_SLOPE1_EXECUTABLE_V1
QQQ,20231214,780,-44.71779609951598,executable_quote,-0.6206896463132214,30,-0.6206896463132214,30,1.1818181818181817,32,1.1818181818181817,32,18.976363497026394,735.0,20.005606729469484,174313069.6433051,487893024.3648923,-104526651.57386239,202312,CALL,1.0,-0.6206896463132214,30.0,20231214,thr-inf_maxday2,K0_LEVEL,KING_GEX_SLOPE1_EXECUTABLE_V1
QQQ,20231215,680,-0.7391410924850739,executable_quote,-0.18181818181818177,30,-0.18181818181818177,30,0.19999999999999996,104,0.26923086622057935,89,21.222343410204036,635.0,21.195472992308513,1647201146.3183277,1603529528.062777,14557206.08518354,202312,CALL,1.0,-0.18181818181818177,30.0,20231215,thr-inf_maxday2,K0_LEVEL,KING_GEX_SLOPE1_EXECUTABLE_V1
QQQ,20231215,710,-15.992370155004654,executable_quote,-0.7142857218883475,58,-0.7142857218883475,58,0.33333333333333326,59,0.40425537851073745,59,21.198518221904443,665.0,21.251805581633494,1608420086.2996175,1696453243.1626441,-29344385.621008873,202312,CALL,1.0,-0.7142857218883475,58.0,20231215,thr-inf_maxday2,K0_LEVEL,KING_GEX_SLOPE1_EXECUTABLE_V1
QQQ,20231218,680,20.97330502555783,executable_quote,0.7586207073735571,63,0.7586207073735571,63,-0.6071428609441738,51,-0.6071428609441738,51,19.84128039374892,635.0,19.68571361341745,413960199.7643045,354320918.75859714,19879760.335235793,202312,PUT,1.0,-0.6071428609441738,51.0,20231218,thr-inf_maxday2,K0_LEVEL,KING_GEX_SLOPE1_EXECUTABLE_V1
QQQ,20231218,735,8.85865833040178,executable_quote,0.08333331781129005,30,0.6046511305545463,82,-0.6206896463132214,78,-0.6206896463132214,78,20.027116143281734,690.0,19.92538581908007,498500993.96490324,450282542.9222189,16072817.014228106,202312,PUT,1.0,-0.6206896463132214,78.0,20231218,thr-inf_maxday2,K0_LEVEL,KING_GEX_SLOPE1_EXECUTABLE_V1
QQQ,20231219,680,-0.9780796667535618,executable_quote,-0.6470588351306616,50,-0.6599999964237213,109,0.16666658388244104,48,0.22500000558793531,48,18.838356264427276,635.0,18.39599474418267,151842788.56957847,97561619.76512586,18093722.934817538,202312,CALL,1.0,-0.6599999964237213,109.0,20231219,thr-inf_maxday2,K0_LEVEL,KING_GEX_SLOPE1_EXECUTABLE_V1
QQQ,20231219,790,-13.462604817569002,executable_quote,0.39999990065892943,41,0.39999990065892943,41,-0.6249999767169352,31,-0.6249999767169352,31,-17.009879864123228,745.0,18.033782071197905,-24394782.199943047,67915989.88430595,-30770257.361416336,202312,PUT,1.0,-0.6249999767169352,31.0,20231219,thr-inf_maxday2,K0_LEVEL,KING_GEX_SLOPE1_EXECUTABLE_V1
QQQ,20231220,680,6.10232387398657,executable_quote,-0.6818181787394295,73,-0.6818181787394295,73,0.09375000582076631,30,0.09375000582076631,30,19.241437905820774,635.0,19.41850785240241,227221961.44279814,271238169.93245244,-14672069.496551434,202312,PUT,1.0,0.09375000582076631,30.0,20231220,thr-inf_maxday2,K0_LEVEL,KING_GEX_SLOPE1_EXECUTABLE_V1
QQQ,20231220,710,3.4184934085601526,executable_quote,-0.6000000248352677,114,-0.6530612275929115,134,-0.611111124908482,81,-0.611111124908482,81,19.11448212379872,665.0,19.138406300345203,200130881.66428664,204976581.80229452,-1615233.3793359597,202312,PUT,1.0,-0.611111124908482,81.0,20231220,thr-inf_maxday2,K0_LEVEL,KING_GEX_SLOPE1_EXECUTABLE_V1
QQQ,20231221,680,-11.074019134432733,executable_quote,0.440000057220459,30,0.4423077452112252,30,0.28205132907664465,52,0.2727271824172084,52,-18.90630390887225,635.0,16.261336799776277,-162518744.31606206,11540079.55792903,-58019607.95799703,202312,PUT,1.0,0.2727271824172084,52.0,20231221,thr-inf_maxday2,K0_LEVEL,KING_GEX_SLOPE1_EXECUTABLE_V1
QQQ,20231221,735,-11.590658956920352,executable_quote,-0.24000000953674316,180,0.3148147228323419,154,-0.6571428589674891,77,-0.6440677919013853,92,-19.782876564699464,690.0,-17.297280134738813,-390475803.37597185,-32517211.89836711,-119319530.49253492,202312,PUT,1.0,-0.6440677919013853,92.0,20231221,thr-inf_maxday2,K0_LEVEL,KING_GEX_SLOPE1_EXECUTABLE_V1
QQQ,20231222,680,11.01701974897562,executable_quote,-0.6052631372560091,61,-0.6052631372560091,61,-0.6249999767169352,106,-0.6170212604061626,112,18.990240959961298,635.0,19.91754094642266,176748955.68677464,446763953.1945442,-90004999.16925652,202312,PUT,1.0,-0.6170212604061626,112.0,20231222,thr-inf_maxday2,K0_LEVEL,KING_GEX_SLOPE1_EXECUTABLE_V1
QQQ,20231222,795,5.1322576302337275,executable_quote,-0.6296296388278769,49,-0.6296296388278769,49,1.2222221670327387,52,1.1219512496513673,52,19.88193820287184,750.0,18.357492895984134,431137749.1286311,93876710.16304621,112420346.32186162,202312,PUT,1.0,1.1219512496513673,52.0,20231222,thr-inf_maxday2,K0_LEVEL,KING_GEX_SLOPE1_EXECUTABLE_V1
QQQ,20231226,680,-0.48770346914306373,executable_quote,-0.45454546378171157,180,-0.08064517989739162,180,-0.600000014901161,124,-0.600000014901161,124,20.205978585919702,635.0,20.1934046067678,596135521.4961605,588686654.9525297,2482955.514543613,202312,CALL,1.0,-0.08064517989739162,180.0,20231226,thr-inf_maxday2,K0_LEVEL,KING_GEX_SLOPE1_EXECUTABLE_V1
QQQ,20231228,680,-9.463796922128953,executable_quote,-0.521739141702201,180,-0.521739141702201,180,-0.625,92,-0.625,92,-18.716977073478454,635.0,-17.659737114542143,-134486861.20720583,-46722532.136335194,-29254776.35695688,202312,PUT,1.0,-0.625,92.0,20231228,thr-inf_maxday2,K0_LEVEL,KING_GEX_SLOPE1_EXECUTABLE_V1
QQQ,20231228,775,1.4566032929463901,executable_quote,-0.6249999767169352,86,-0.6249999767169352,86,0.08333331781129005,30,0.14705876939024543,30,-18.604487572897924,730.0,-18.424272648128813,-120178364.0857498,-100359835.27948515,-6606176.268754885,202312,CALL,1.0,-0.6249999767169352,86.0,20231228,thr-inf_maxday2,K0_LEVEL,KING_GEX_SLOPE1_EXECUTABLE_V1
QQQ,20231229,790,13.208209423947181,executable_quote,-0.6000000248352677,144,-0.8409090893697148,165,-0.625,75,-0.600000014901161,101,-20.18257983373947,745.0,-19.96840469760558,-582348621.2934529,-470075884.2459635,-37424245.68249645,202312,CALL,1.0,-0.8409090893697148,165.0,20231229,thr-inf_maxday2,K0_LEVEL,KING_GEX_SLOPE1_EXECUTABLE_V1
