cell_id,fold,ticker,horizon,arm,bin,lower,upper,count,mean_probability,event_rate
2024_SPXW_30m,2024,SPXW,30,F0,0,0.0,0.1,0,,
2024_SPXW_30m,2024,SPXW,30,F0,1,0.1,0.2,21,0.176852135341005,0.0
2024_SPXW_30m,2024,SPXW,30,F0,2,0.2,0.30000000000000004,84,0.2515127779249928,0.21428571428571427
2024_SPXW_30m,2024,SPXW,30,F0,3,0.30000000000000004,0.4,107,0.3464517039068571,0.2803738317757009
2024_SPXW_30m,2024,SPXW,30,F0,4,0.4,0.5,107,0.4520360598377724,0.3364485981308411
2024_SPXW_30m,2024,SPXW,30,F0,5,0.5,0.6000000000000001,77,0.5502044508081918,0.2727272727272727
2024_SPXW_30m,2024,SPXW,30,F0,6,0.6000000000000001,0.7000000000000001,66,0.6460093534198476,0.4393939393939394
2024_SPXW_30m,2024,SPXW,30,F0,7,0.7000000000000001,0.8,14,0.7324981666595178,0.6428571428571429
2024_SPXW_30m,2024,SPXW,30,F0,8,0.8,0.9,1,0.8165929120339559,0.0
2024_SPXW_30m,2024,SPXW,30,F0,9,0.9,1.0,0,,
2024_SPXW_30m,2024,SPXW,30,F1,0,0.0,0.1,0,,
2024_SPXW_30m,2024,SPXW,30,F1,1,0.1,0.2,29,0.16705994525244142,0.2413793103448276
2024_SPXW_30m,2024,SPXW,30,F1,2,0.2,0.30000000000000004,79,0.25183694949531554,0.22784810126582278
2024_SPXW_30m,2024,SPXW,30,F1,3,0.30000000000000004,0.4,125,0.35180273047131305,0.232
2024_SPXW_30m,2024,SPXW,30,F1,4,0.4,0.5,109,0.4489552607834427,0.30275229357798167
2024_SPXW_30m,2024,SPXW,30,F1,5,0.5,0.6000000000000001,74,0.5474594436467581,0.44594594594594594
2024_SPXW_30m,2024,SPXW,30,F1,6,0.6000000000000001,0.7000000000000001,48,0.6457723809600996,0.3333333333333333
2024_SPXW_30m,2024,SPXW,30,F1,7,0.7000000000000001,0.8,12,0.733636196377801,0.5
2024_SPXW_30m,2024,SPXW,30,F1,8,0.8,0.9,1,0.8124029708539329,1.0
2024_SPXW_30m,2024,SPXW,30,F1,9,0.9,1.0,0,,
2024_SPXW_60m,2024,SPXW,60,F0,0,0.0,0.1,0,,
2024_SPXW_60m,2024,SPXW,60,F0,1,0.1,0.2,6,0.1890807280769772,0.16666666666666666
2024_SPXW_60m,2024,SPXW,60,F0,2,0.2,0.30000000000000004,53,0.26396805852664323,0.18867924528301888
2024_SPXW_60m,2024,SPXW,60,F0,3,0.30000000000000004,0.4,128,0.35517704277013556,0.2890625
2024_SPXW_60m,2024,SPXW,60,F0,4,0.4,0.5,165,0.44776333381676603,0.34545454545454546
2024_SPXW_60m,2024,SPXW,60,F0,5,0.5,0.6000000000000001,124,0.5432835177591528,0.45161290322580644
2024_SPXW_60m,2024,SPXW,60,F0,6,0.6000000000000001,0.7000000000000001,72,0.6436918126132866,0.4444444444444444
2024_SPXW_60m,2024,SPXW,60,F0,7,0.7000000000000001,0.8,19,0.7327896692155246,0.5789473684210527
2024_SPXW_60m,2024,SPXW,60,F0,8,0.8,0.9,1,0.8253790558287086,1.0
2024_SPXW_60m,2024,SPXW,60,F0,9,0.9,1.0,0,,
2024_SPXW_60m,2024,SPXW,60,F1,0,0.0,0.1,0,,
2024_SPXW_60m,2024,SPXW,60,F1,1,0.1,0.2,6,0.18148168636022,0.3333333333333333
2024_SPXW_60m,2024,SPXW,60,F1,2,0.2,0.30000000000000004,40,0.2626749140470158,0.3
2024_SPXW_60m,2024,SPXW,60,F1,3,0.30000000000000004,0.4,130,0.35333538546074345,0.3230769230769231
2024_SPXW_60m,2024,SPXW,60,F1,4,0.4,0.5,153,0.45399392631017726,0.3006535947712418
2024_SPXW_60m,2024,SPXW,60,F1,5,0.5,0.6000000000000001,113,0.5484494688201886,0.4336283185840708
2024_SPXW_60m,2024,SPXW,60,F1,6,0.6000000000000001,0.7000000000000001,95,0.6456881326239352,0.42105263157894735
2024_SPXW_60m,2024,SPXW,60,F1,7,0.7000000000000001,0.8,30,0.7321070123713687,0.4666666666666667
2024_SPXW_60m,2024,SPXW,60,F1,8,0.8,0.9,1,0.8094579764285075,0.0
2024_SPXW_60m,2024,SPXW,60,F1,9,0.9,1.0,0,,
2024_SPXW_120m,2024,SPXW,120,F0,0,0.0,0.1,0,,
2024_SPXW_120m,2024,SPXW,120,F0,1,0.1,0.2,0,,
2024_SPXW_120m,2024,SPXW,120,F0,2,0.2,0.30000000000000004,44,0.26997513360598124,0.4318181818181818
2024_SPXW_120m,2024,SPXW,120,F0,3,0.30000000000000004,0.4,123,0.3529241545509849,0.42276422764227645
2024_SPXW_120m,2024,SPXW,120,F0,4,0.4,0.5,192,0.4511007060077487,0.3958333333333333
2024_SPXW_120m,2024,SPXW,120,F0,5,0.5,0.6000000000000001,187,0.5446325756454267,0.37433155080213903
2024_SPXW_120m,2024,SPXW,120,F0,6,0.6000000000000001,0.7000000000000001,95,0.6412588877464553,0.4105263157894737
2024_SPXW_120m,2024,SPXW,120,F0,7,0.7000000000000001,0.8,21,0.7337575221440085,0.6190476190476191
2024_SPXW_120m,2024,SPXW,120,F0,8,0.8,0.9,0,,
2024_SPXW_120m,2024,SPXW,120,F0,9,0.9,1.0,0,,
2024_SPXW_120m,2024,SPXW,120,F1,0,0.0,0.1,0,,
2024_SPXW_120m,2024,SPXW,120,F1,1,0.1,0.2,7,0.17481398769649212,0.42857142857142855
2024_SPXW_120m,2024,SPXW,120,F1,2,0.2,0.30000000000000004,69,0.261028157773136,0.3188405797101449
2024_SPXW_120m,2024,SPXW,120,F1,3,0.30000000000000004,0.4,171,0.3506877686497177,0.40350877192982454
2024_SPXW_120m,2024,SPXW,120,F1,4,0.4,0.5,166,0.44993241441457793,0.3795180722891566
2024_SPXW_120m,2024,SPXW,120,F1,5,0.5,0.6000000000000001,138,0.5448098110500659,0.38405797101449274
2024_SPXW_120m,2024,SPXW,120,F1,6,0.6000000000000001,0.7000000000000001,85,0.6422440091880752,0.5176470588235295
2024_SPXW_120m,2024,SPXW,120,F1,7,0.7000000000000001,0.8,23,0.7316102555003255,0.6521739130434783
2024_SPXW_120m,2024,SPXW,120,F1,8,0.8,0.9,3,0.8121702803769928,0.0
2024_SPXW_120m,2024,SPXW,120,F1,9,0.9,1.0,0,,
2024_SPXW_180m,2024,SPXW,180,F0,0,0.0,0.1,0,,
2024_SPXW_180m,2024,SPXW,180,F0,1,0.1,0.2,0,,
2024_SPXW_180m,2024,SPXW,180,F0,2,0.2,0.30000000000000004,19,0.2717118527453315,0.631578947368421
2024_SPXW_180m,2024,SPXW,180,F0,3,0.30000000000000004,0.4,91,0.3556413984455922,0.3516483516483517
2024_SPXW_180m,2024,SPXW,180,F0,4,0.4,0.5,167,0.4542664379512577,0.437125748502994
2024_SPXW_180m,2024,SPXW,180,F0,5,0.5,0.6000000000000001,142,0.5485241515004374,0.44366197183098594
2024_SPXW_180m,2024,SPXW,180,F0,6,0.6000000000000001,0.7000000000000001,73,0.6432585377723213,0.3013698630136986
2024_SPXW_180m,2024,SPXW,180,F0,7,0.7000000000000001,0.8,10,0.7193777946930677,0.2
2024_SPXW_180m,2024,SPXW,180,F0,8,0.8,0.9,0,,
2024_SPXW_180m,2024,SPXW,180,F0,9,0.9,1.0,0,,
2024_SPXW_180m,2024,SPXW,180,F1,0,0.0,0.1,0,,
2024_SPXW_180m,2024,SPXW,180,F1,1,0.1,0.2,5,0.1607113872523845,0.2
2024_SPXW_180m,2024,SPXW,180,F1,2,0.2,0.30000000000000004,61,0.25998884524426463,0.3442622950819672
2024_SPXW_180m,2024,SPXW,180,F1,3,0.30000000000000004,0.4,114,0.35048668534502403,0.41228070175438597
2024_SPXW_180m,2024,SPXW,180,F1,4,0.4,0.5,142,0.4515193087978978,0.4225352112676056
2024_SPXW_180m,2024,SPXW,180,F1,5,0.5,0.6000000000000001,111,0.5489883430699287,0.43243243243243246
2024_SPXW_180m,2024,SPXW,180,F1,6,0.6000000000000001,0.7000000000000001,56,0.6446384930368945,0.39285714285714285
2024_SPXW_180m,2024,SPXW,180,F1,7,0.7000000000000001,0.8,11,0.7243621707302874,0.45454545454545453
2024_SPXW_180m,2024,SPXW,180,F1,8,0.8,0.9,2,0.8301052579423024,0.0
2024_SPXW_180m,2024,SPXW,180,F1,9,0.9,1.0,0,,
2024_QQQ_30m,2024,QQQ,30,F0,0,0.0,0.1,0,,
2024_QQQ_30m,2024,QQQ,30,F0,1,0.1,0.2,20,0.17441612711899532,0.2
2024_QQQ_30m,2024,QQQ,30,F0,2,0.2,0.30000000000000004,94,0.25699762351350225,0.2127659574468085
2024_QQQ_30m,2024,QQQ,30,F0,3,0.30000000000000004,0.4,134,0.35370417341748767,0.3208955223880597
2024_QQQ_30m,2024,QQQ,30,F0,4,0.4,0.5,131,0.4524182727016963,0.33587786259541985
2024_QQQ_30m,2024,QQQ,30,F0,5,0.5,0.6000000000000001,152,0.5512090244273689,0.39473684210526316
2024_QQQ_30m,2024,QQQ,30,F0,6,0.6000000000000001,0.7000000000000001,103,0.6369542090694614,0.5145631067961165
2024_QQQ_30m,2024,QQQ,30,F0,7,0.7000000000000001,0.8,36,0.7308921319594759,0.4722222222222222
2024_QQQ_30m,2024,QQQ,30,F0,8,0.8,0.9,3,0.808347396910639,0.3333333333333333
2024_QQQ_30m,2024,QQQ,30,F0,9,0.9,1.0,0,,
2024_QQQ_30m,2024,QQQ,30,F1,0,0.0,0.1,0,,
2024_QQQ_30m,2024,QQQ,30,F1,1,0.1,0.2,9,0.18041911284381523,0.4444444444444444
2024_QQQ_30m,2024,QQQ,30,F1,2,0.2,0.30000000000000004,68,0.2623226315342957,0.29411764705882354
2024_QQQ_30m,2024,QQQ,30,F1,3,0.30000000000000004,0.4,114,0.35391689332013054,0.3157894736842105
2024_QQQ_30m,2024,QQQ,30,F1,4,0.4,0.5,158,0.44923021405892377,0.34177215189873417
2024_QQQ_30m,2024,QQQ,30,F1,5,0.5,0.6000000000000001,148,0.547084393665021,0.3108108108108108
2024_QQQ_30m,2024,QQQ,30,F1,6,0.6000000000000001,0.7000000000000001,124,0.6468984148699386,0.4435483870967742
2024_QQQ_30m,2024,QQQ,30,F1,7,0.7000000000000001,0.8,47,0.7331700467464302,0.5319148936170213
2024_QQQ_30m,2024,QQQ,30,F1,8,0.8,0.9,5,0.8364873312564516,0.4
2024_QQQ_30m,2024,QQQ,30,F1,9,0.9,1.0,0,,
2024_QQQ_60m,2024,QQQ,60,F0,0,0.0,0.1,0,,
2024_QQQ_60m,2024,QQQ,60,F0,1,0.1,0.2,4,0.18246838722988112,0.0
2024_QQQ_60m,2024,QQQ,60,F0,2,0.2,0.30000000000000004,52,0.25654839459324175,0.23076923076923078
2024_QQQ_60m,2024,QQQ,60,F0,3,0.30000000000000004,0.4,140,0.35372773573419114,0.35
2024_QQQ_60m,2024,QQQ,60,F0,4,0.4,0.5,214,0.44998773531465447,0.3598130841121495
2024_QQQ_60m,2024,QQQ,60,F0,5,0.5,0.6000000000000001,204,0.5484427987661763,0.4166666666666667
2024_QQQ_60m,2024,QQQ,60,F0,6,0.6000000000000001,0.7000000000000001,107,0.6449084090513023,0.4766355140186916
2024_QQQ_60m,2024,QQQ,60,F0,7,0.7000000000000001,0.8,40,0.728014621536494,0.375
2024_QQQ_60m,2024,QQQ,60,F0,8,0.8,0.9,2,0.8033161951159979,0.0
2024_QQQ_60m,2024,QQQ,60,F0,9,0.9,1.0,0,,
2024_QQQ_60m,2024,QQQ,60,F1,0,0.0,0.1,0,,
2024_QQQ_60m,2024,QQQ,60,F1,1,0.1,0.2,18,0.16707155355503758,0.3333333333333333
2024_QQQ_60m,2024,QQQ,60,F1,2,0.2,0.30000000000000004,93,0.25714558935714144,0.27956989247311825
2024_QQQ_60m,2024,QQQ,60,F1,3,0.30000000000000004,0.4,141,0.3550035855950206,0.3191489361702128
2024_QQQ_60m,2024,QQQ,60,F1,4,0.4,0.5,189,0.44706263675958696,0.4126984126984127
2024_QQQ_60m,2024,QQQ,60,F1,5,0.5,0.6000000000000001,175,0.5506340252997505,0.4228571428571429
2024_QQQ_60m,2024,QQQ,60,F1,6,0.6000000000000001,0.7000000000000001,111,0.644780698172796,0.3963963963963964
2024_QQQ_60m,2024,QQQ,60,F1,7,0.7000000000000001,0.8,32,0.73140613507949,0.40625
2024_QQQ_60m,2024,QQQ,60,F1,8,0.8,0.9,4,0.8277375157249446,0.75
2024_QQQ_60m,2024,QQQ,60,F1,9,0.9,1.0,0,,
2024_QQQ_120m,2024,QQQ,120,F0,0,0.0,0.1,0,,
2024_QQQ_120m,2024,QQQ,120,F0,1,0.1,0.2,1,0.18006460824515297,0.0
2024_QQQ_120m,2024,QQQ,120,F0,2,0.2,0.30000000000000004,66,0.2543876383939474,0.4090909090909091
2024_QQQ_120m,2024,QQQ,120,F0,3,0.30000000000000004,0.4,158,0.3540046760233762,0.379746835443038
2024_QQQ_120m,2024,QQQ,120,F0,4,0.4,0.5,172,0.45310696149602947,0.36627906976744184
2024_QQQ_120m,2024,QQQ,120,F0,5,0.5,0.6000000000000001,176,0.5485365502798782,0.42045454545454547
2024_QQQ_120m,2024,QQQ,120,F0,6,0.6000000000000001,0.7000000000000001,107,0.6454126369902614,0.4672897196261682
2024_QQQ_120m,2024,QQQ,120,F0,7,0.7000000000000001,0.8,74,0.7360803789229291,0.40540540540540543
2024_QQQ_120m,2024,QQQ,120,F0,8,0.8,0.9,2,0.8051413089470274,0.0
2024_QQQ_120m,2024,QQQ,120,F0,9,0.9,1.0,0,,
2024_QQQ_120m,2024,QQQ,120,F1,0,0.0,0.1,0,,
2024_QQQ_120m,2024,QQQ,120,F1,1,0.1,0.2,3,0.1908153084214473,0.0
2024_QQQ_120m,2024,QQQ,120,F1,2,0.2,0.30000000000000004,69,0.25949913145066483,0.36231884057971014
2024_QQQ_120m,2024,QQQ,120,F1,3,0.30000000000000004,0.4,155,0.35398286585307087,0.33548387096774196
2024_QQQ_120m,2024,QQQ,120,F1,4,0.4,0.5,193,0.4515289572939043,0.46632124352331605
2024_QQQ_120m,2024,QQQ,120,F1,5,0.5,0.6000000000000001,193,0.5481494618225106,0.41968911917098445
2024_QQQ_120m,2024,QQQ,120,F1,6,0.6000000000000001,0.7000000000000001,105,0.6454879109211569,0.3904761904761905
2024_QQQ_120m,2024,QQQ,120,F1,7,0.7000000000000001,0.8,32,0.7361310019032246,0.34375
2024_QQQ_120m,2024,QQQ,120,F1,8,0.8,0.9,6,0.8129927138078584,0.6666666666666666
2024_QQQ_120m,2024,QQQ,120,F1,9,0.9,1.0,0,,
2024_QQQ_180m,2024,QQQ,180,F0,0,0.0,0.1,0,,
2024_QQQ_180m,2024,QQQ,180,F0,1,0.1,0.2,10,0.17742083577337006,0.5
2024_QQQ_180m,2024,QQQ,180,F0,2,0.2,0.30000000000000004,76,0.260025053024974,0.42105263157894735
2024_QQQ_180m,2024,QQQ,180,F0,3,0.30000000000000004,0.4,122,0.34723209430695245,0.36065573770491804
2024_QQQ_180m,2024,QQQ,180,F0,4,0.4,0.5,123,0.4502597424074626,0.3983739837398374
2024_QQQ_180m,2024,QQQ,180,F0,5,0.5,0.6000000000000001,125,0.547118387946201,0.4
2024_QQQ_180m,2024,QQQ,180,F0,6,0.6000000000000001,0.7000000000000001,100,0.6432024087964507,0.5
2024_QQQ_180m,2024,QQQ,180,F0,7,0.7000000000000001,0.8,42,0.7352033583452594,0.42857142857142855
2024_QQQ_180m,2024,QQQ,180,F0,8,0.8,0.9,1,0.8037218429490389,1.0
2024_QQQ_180m,2024,QQQ,180,F0,9,0.9,1.0,0,,
2024_QQQ_180m,2024,QQQ,180,F1,0,0.0,0.1,1,0.09847743563065804,0.0
2024_QQQ_180m,2024,QQQ,180,F1,1,0.1,0.2,23,0.16600089067822332,0.43478260869565216
2024_QQQ_180m,2024,QQQ,180,F1,2,0.2,0.30000000000000004,83,0.2568851971328997,0.39759036144578314
2024_QQQ_180m,2024,QQQ,180,F1,3,0.30000000000000004,0.4,107,0.3525900124155719,0.45794392523364486
2024_QQQ_180m,2024,QQQ,180,F1,4,0.4,0.5,127,0.4494850513685396,0.4251968503937008
2024_QQQ_180m,2024,QQQ,180,F1,5,0.5,0.6000000000000001,131,0.5532376800618265,0.366412213740458
2024_QQQ_180m,2024,QQQ,180,F1,6,0.6000000000000001,0.7000000000000001,80,0.6434212452906205,0.375
2024_QQQ_180m,2024,QQQ,180,F1,7,0.7000000000000001,0.8,43,0.7412207575532735,0.5116279069767442
2024_QQQ_180m,2024,QQQ,180,F1,8,0.8,0.9,4,0.8237805338029813,0.75
2024_QQQ_180m,2024,QQQ,180,F1,9,0.9,1.0,0,,
2024_SPY_30m,2024,SPY,30,F0,0,0.0,0.1,1,0.08492329562273128,1.0
2024_SPY_30m,2024,SPY,30,F0,1,0.1,0.2,41,0.15856033090292163,0.14634146341463414
2024_SPY_30m,2024,SPY,30,F0,2,0.2,0.30000000000000004,103,0.251469171622493,0.22330097087378642
2024_SPY_30m,2024,SPY,30,F0,3,0.30000000000000004,0.4,109,0.3507583292339147,0.26605504587155965
2024_SPY_30m,2024,SPY,30,F0,4,0.4,0.5,112,0.4510857616555297,0.3482142857142857
2024_SPY_30m,2024,SPY,30,F0,5,0.5,0.6000000000000001,85,0.5519220715327036,0.4470588235294118
2024_SPY_30m,2024,SPY,30,F0,6,0.6000000000000001,0.7000000000000001,98,0.6481617971595535,0.42857142857142855
2024_SPY_30m,2024,SPY,30,F0,7,0.7000000000000001,0.8,27,0.7362157112098026,0.4444444444444444
2024_SPY_30m,2024,SPY,30,F0,8,0.8,0.9,6,0.8220968801002143,0.3333333333333333
2024_SPY_30m,2024,SPY,30,F0,9,0.9,1.0,0,,
2024_SPY_30m,2024,SPY,30,F1,0,0.0,0.1,4,0.08977819610094437,0.25
2024_SPY_30m,2024,SPY,30,F1,1,0.1,0.2,39,0.16034291455680813,0.1794871794871795
2024_SPY_30m,2024,SPY,30,F1,2,0.2,0.30000000000000004,88,0.2494085305105666,0.18181818181818182
2024_SPY_30m,2024,SPY,30,F1,3,0.30000000000000004,0.4,142,0.345681287884164,0.3028169014084507
2024_SPY_30m,2024,SPY,30,F1,4,0.4,0.5,109,0.4516968636970346,0.3853211009174312
2024_SPY_30m,2024,SPY,30,F1,5,0.5,0.6000000000000001,111,0.5454727774115858,0.44144144144144143
2024_SPY_30m,2024,SPY,30,F1,6,0.6000000000000001,0.7000000000000001,65,0.6475511493487922,0.4153846153846154
2024_SPY_30m,2024,SPY,30,F1,7,0.7000000000000001,0.8,22,0.7329511037844371,0.3181818181818182
2024_SPY_30m,2024,SPY,30,F1,8,0.8,0.9,2,0.8061618830163524,0.0
2024_SPY_30m,2024,SPY,30,F1,9,0.9,1.0,0,,
2024_SPY_60m,2024,SPY,60,F0,0,0.0,0.1,0,,
2024_SPY_60m,2024,SPY,60,F0,1,0.1,0.2,17,0.16893216777622336,0.23529411764705882
2024_SPY_60m,2024,SPY,60,F0,2,0.2,0.30000000000000004,104,0.2501708308058168,0.2692307692307692
2024_SPY_60m,2024,SPY,60,F0,3,0.30000000000000004,0.4,136,0.3471601073144552,0.29411764705882354
2024_SPY_60m,2024,SPY,60,F0,4,0.4,0.5,162,0.45397763363011556,0.3950617283950617
2024_SPY_60m,2024,SPY,60,F0,5,0.5,0.6000000000000001,125,0.5531513051250697,0.416
2024_SPY_60m,2024,SPY,60,F0,6,0.6000000000000001,0.7000000000000001,93,0.6429461466781715,0.3225806451612903
2024_SPY_60m,2024,SPY,60,F0,7,0.7000000000000001,0.8,49,0.7484846003120775,0.5102040816326531
2024_SPY_60m,2024,SPY,60,F0,8,0.8,0.9,12,0.8394741909105418,0.3333333333333333
2024_SPY_60m,2024,SPY,60,F0,9,0.9,1.0,0,,
2024_SPY_60m,2024,SPY,60,F1,0,0.0,0.1,0,,
2024_SPY_60m,2024,SPY,60,F1,1,0.1,0.2,34,0.1685166384742056,0.20588235294117646
2024_SPY_60m,2024,SPY,60,F1,2,0.2,0.30000000000000004,87,0.24772712987766538,0.3563218390804598
2024_SPY_60m,2024,SPY,60,F1,3,0.30000000000000004,0.4,135,0.35216771715523404,0.3037037037037037
2024_SPY_60m,2024,SPY,60,F1,4,0.4,0.5,172,0.450256605830408,0.37790697674418605
2024_SPY_60m,2024,SPY,60,F1,5,0.5,0.6000000000000001,141,0.5475418232378069,0.3191489361702128
2024_SPY_60m,2024,SPY,60,F1,6,0.6000000000000001,0.7000000000000001,90,0.6508357750341346,0.4444444444444444
2024_SPY_60m,2024,SPY,60,F1,7,0.7000000000000001,0.8,37,0.7389496578149081,0.4594594594594595
2024_SPY_60m,2024,SPY,60,F1,8,0.8,0.9,2,0.8140765666077254,0.5
2024_SPY_60m,2024,SPY,60,F1,9,0.9,1.0,0,,
2024_SPY_120m,2024,SPY,120,F0,0,0.0,0.1,1,0.09788576873859901,0.0
2024_SPY_120m,2024,SPY,120,F0,1,0.1,0.2,15,0.16598030646210354,0.4
2024_SPY_120m,2024,SPY,120,F0,2,0.2,0.30000000000000004,82,0.2602237635094534,0.43902439024390244
2024_SPY_120m,2024,SPY,120,F0,3,0.30000000000000004,0.4,175,0.35516986328579786,0.4
2024_SPY_120m,2024,SPY,120,F0,4,0.4,0.5,181,0.4531146384648135,0.39226519337016574
2024_SPY_120m,2024,SPY,120,F0,5,0.5,0.6000000000000001,194,0.5497284079695229,0.39690721649484534
2024_SPY_120m,2024,SPY,120,F0,6,0.6000000000000001,0.7000000000000001,114,0.643489083338075,0.38596491228070173
2024_SPY_120m,2024,SPY,120,F0,7,0.7000000000000001,0.8,34,0.7329619385927448,0.4411764705882353
2024_SPY_120m,2024,SPY,120,F0,8,0.8,0.9,2,0.809285466264285,0.0
2024_SPY_120m,2024,SPY,120,F0,9,0.9,1.0,0,,
2024_SPY_120m,2024,SPY,120,F1,0,0.0,0.1,0,,
2024_SPY_120m,2024,SPY,120,F1,1,0.1,0.2,13,0.18218732362226311,0.46153846153846156
2024_SPY_120m,2024,SPY,120,F1,2,0.2,0.30000000000000004,55,0.2636506531047253,0.41818181818181815
2024_SPY_120m,2024,SPY,120,F1,3,0.30000000000000004,0.4,144,0.358620138606457,0.3958333333333333
2024_SPY_120m,2024,SPY,120,F1,4,0.4,0.5,197,0.4545513555202972,0.4517766497461929
2024_SPY_120m,2024,SPY,120,F1,5,0.5,0.6000000000000001,203,0.5515721744801519,0.3448275862068966
2024_SPY_120m,2024,SPY,120,F1,6,0.6000000000000001,0.7000000000000001,139,0.6434237379705764,0.3669064748201439
2024_SPY_120m,2024,SPY,120,F1,7,0.7000000000000001,0.8,43,0.7352668115681953,0.4883720930232558
2024_SPY_120m,2024,SPY,120,F1,8,0.8,0.9,4,0.8129043919695487,0.5
2024_SPY_120m,2024,SPY,120,F1,9,0.9,1.0,0,,
2024_SPY_180m,2024,SPY,180,F0,0,0.0,0.1,0,,
2024_SPY_180m,2024,SPY,180,F0,1,0.1,0.2,3,0.1821375178864835,0.6666666666666666
2024_SPY_180m,2024,SPY,180,F0,2,0.2,0.30000000000000004,63,0.25849777493927817,0.4603174603174603
2024_SPY_180m,2024,SPY,180,F0,3,0.30000000000000004,0.4,125,0.3577439822917469,0.456
2024_SPY_180m,2024,SPY,180,F0,4,0.4,0.5,181,0.44719588419525247,0.4198895027624309
2024_SPY_180m,2024,SPY,180,F0,5,0.5,0.6000000000000001,157,0.5474469013894067,0.4394904458598726
2024_SPY_180m,2024,SPY,180,F0,6,0.6000000000000001,0.7000000000000001,89,0.645430598655263,0.449438202247191
2024_SPY_180m,2024,SPY,180,F0,7,0.7000000000000001,0.8,21,0.733217598013614,0.14285714285714285
2024_SPY_180m,2024,SPY,180,F0,8,0.8,0.9,0,,
2024_SPY_180m,2024,SPY,180,F0,9,0.9,1.0,0,,
2024_SPY_180m,2024,SPY,180,F1,0,0.0,0.1,0,,
2024_SPY_180m,2024,SPY,180,F1,1,0.1,0.2,9,0.17273510379969445,0.5555555555555556
2024_SPY_180m,2024,SPY,180,F1,2,0.2,0.30000000000000004,54,0.26533313878205295,0.4444444444444444
2024_SPY_180m,2024,SPY,180,F1,3,0.30000000000000004,0.4,99,0.3532651749268478,0.4444444444444444
2024_SPY_180m,2024,SPY,180,F1,4,0.4,0.5,190,0.4458908189435466,0.4
2024_SPY_180m,2024,SPY,180,F1,5,0.5,0.6000000000000001,180,0.5500343559204512,0.46111111111111114
2024_SPY_180m,2024,SPY,180,F1,6,0.6000000000000001,0.7000000000000001,78,0.6409449209579028,0.48717948717948717
2024_SPY_180m,2024,SPY,180,F1,7,0.7000000000000001,0.8,27,0.7317479130754095,0.2222222222222222
2024_SPY_180m,2024,SPY,180,F1,8,0.8,0.9,2,0.8181524294806085,0.0
2024_SPY_180m,2024,SPY,180,F1,9,0.9,1.0,0,,
2025_SPXW_30m,2025,SPXW,30,F0,0,0.0,0.1,3,0.08244009054152845,0.0
2025_SPXW_30m,2025,SPXW,30,F0,1,0.1,0.2,46,0.16193758455745091,0.043478260869565216
2025_SPXW_30m,2025,SPXW,30,F0,2,0.2,0.30000000000000004,60,0.25140876274381163,0.16666666666666666
2025_SPXW_30m,2025,SPXW,30,F0,3,0.30000000000000004,0.4,68,0.3503716165915428,0.22058823529411764
2025_SPXW_30m,2025,SPXW,30,F0,4,0.4,0.5,89,0.44567866777452897,0.3595505617977528
2025_SPXW_30m,2025,SPXW,30,F0,5,0.5,0.6000000000000001,82,0.5512777062110863,0.4146341463414634
2025_SPXW_30m,2025,SPXW,30,F0,6,0.6000000000000001,0.7000000000000001,66,0.6442493100679014,0.45454545454545453
2025_SPXW_30m,2025,SPXW,30,F0,7,0.7000000000000001,0.8,38,0.7389518669756808,0.39473684210526316
2025_SPXW_30m,2025,SPXW,30,F0,8,0.8,0.9,2,0.8036275019339902,0.5
2025_SPXW_30m,2025,SPXW,30,F0,9,0.9,1.0,0,,
2025_SPXW_30m,2025,SPXW,30,F1,0,0.0,0.1,0,,
2025_SPXW_30m,2025,SPXW,30,F1,1,0.1,0.2,19,0.16572195227248548,0.05263157894736842
2025_SPXW_30m,2025,SPXW,30,F1,2,0.2,0.30000000000000004,56,0.25848546599418354,0.08928571428571429
2025_SPXW_30m,2025,SPXW,30,F1,3,0.30000000000000004,0.4,86,0.35517921981425365,0.27906976744186046
2025_SPXW_30m,2025,SPXW,30,F1,4,0.4,0.5,100,0.4509781592022783,0.29
2025_SPXW_30m,2025,SPXW,30,F1,5,0.5,0.6000000000000001,109,0.5510419566367861,0.4036697247706422
2025_SPXW_30m,2025,SPXW,30,F1,6,0.6000000000000001,0.7000000000000001,62,0.6376539754811043,0.41935483870967744
2025_SPXW_30m,2025,SPXW,30,F1,7,0.7000000000000001,0.8,21,0.7432396975404485,0.47619047619047616
2025_SPXW_30m,2025,SPXW,30,F1,8,0.8,0.9,1,0.8202129569255873,0.0
2025_SPXW_30m,2025,SPXW,30,F1,9,0.9,1.0,0,,
2025_SPXW_60m,2025,SPXW,60,F0,0,0.0,0.1,0,,
2025_SPXW_60m,2025,SPXW,60,F0,1,0.1,0.2,13,0.16777532489435606,0.23076923076923078
2025_SPXW_60m,2025,SPXW,60,F0,2,0.2,0.30000000000000004,75,0.2610364452335095,0.21333333333333335
2025_SPXW_60m,2025,SPXW,60,F0,3,0.30000000000000004,0.4,102,0.3513314956994529,0.3431372549019608
2025_SPXW_60m,2025,SPXW,60,F0,4,0.4,0.5,109,0.44753319975552236,0.3394495412844037
2025_SPXW_60m,2025,SPXW,60,F0,5,0.5,0.6000000000000001,119,0.5480579869722882,0.35294117647058826
2025_SPXW_60m,2025,SPXW,60,F0,6,0.6000000000000001,0.7000000000000001,91,0.6456874299211578,0.5384615384615384
2025_SPXW_60m,2025,SPXW,60,F0,7,0.7000000000000001,0.8,26,0.738484894373499,0.6538461538461539
2025_SPXW_60m,2025,SPXW,60,F0,8,0.8,0.9,4,0.8186979629679014,0.5
2025_SPXW_60m,2025,SPXW,60,F0,9,0.9,1.0,0,,
2025_SPXW_60m,2025,SPXW,60,F1,0,0.0,0.1,0,,
2025_SPXW_60m,2025,SPXW,60,F1,1,0.1,0.2,6,0.16889679212892325,0.16666666666666666
2025_SPXW_60m,2025,SPXW,60,F1,2,0.2,0.30000000000000004,65,0.2555481300249233,0.3384615384615385
2025_SPXW_60m,2025,SPXW,60,F1,3,0.30000000000000004,0.4,132,0.35640704834295145,0.4090909090909091
2025_SPXW_60m,2025,SPXW,60,F1,4,0.4,0.5,150,0.4484910841561132,0.26
2025_SPXW_60m,2025,SPXW,60,F1,5,0.5,0.6000000000000001,99,0.5429895652989839,0.3838383838383838
2025_SPXW_60m,2025,SPXW,60,F1,6,0.6000000000000001,0.7000000000000001,73,0.6455943002541034,0.5205479452054794
2025_SPXW_60m,2025,SPXW,60,F1,7,0.7000000000000001,0.8,13,0.7387357598413864,0.6153846153846154
2025_SPXW_60m,2025,SPXW,60,F1,8,0.8,0.9,1,0.8019573796159836,1.0
2025_SPXW_60m,2025,SPXW,60,F1,9,0.9,1.0,0,,
2025_SPXW_120m,2025,SPXW,120,F0,0,0.0,0.1,0,,
2025_SPXW_120m,2025,SPXW,120,F0,1,0.1,0.2,5,0.15990587386235583,0.2
2025_SPXW_120m,2025,SPXW,120,F0,2,0.2,0.30000000000000004,46,0.2645522907252615,0.3695652173913043
2025_SPXW_120m,2025,SPXW,120,F0,3,0.30000000000000004,0.4,116,0.355581382317996,0.3706896551724138
2025_SPXW_120m,2025,SPXW,120,F0,4,0.4,0.5,159,0.45113662937564586,0.33962264150943394
2025_SPXW_120m,2025,SPXW,120,F0,5,0.5,0.6000000000000001,149,0.5437089603800209,0.3691275167785235
2025_SPXW_120m,2025,SPXW,120,F0,6,0.6000000000000001,0.7000000000000001,90,0.6432210795666212,0.5555555555555556
2025_SPXW_120m,2025,SPXW,120,F0,7,0.7000000000000001,0.8,27,0.737748421720987,0.5185185185185185
2025_SPXW_120m,2025,SPXW,120,F0,8,0.8,0.9,1,0.8471049644855108,0.0
2025_SPXW_120m,2025,SPXW,120,F0,9,0.9,1.0,0,,
2025_SPXW_120m,2025,SPXW,120,F1,0,0.0,0.1,0,,
2025_SPXW_120m,2025,SPXW,120,F1,1,0.1,0.2,8,0.17608031664850401,0.375
2025_SPXW_120m,2025,SPXW,120,F1,2,0.2,0.30000000000000004,91,0.25756563871364063,0.34065934065934067
2025_SPXW_120m,2025,SPXW,120,F1,3,0.30000000000000004,0.4,151,0.3496356206304252,0.3708609271523179
2025_SPXW_120m,2025,SPXW,120,F1,4,0.4,0.5,161,0.449534954193639,0.38509316770186336
2025_SPXW_120m,2025,SPXW,120,F1,5,0.5,0.6000000000000001,117,0.5494286465081297,0.4188034188034188
2025_SPXW_120m,2025,SPXW,120,F1,6,0.6000000000000001,0.7000000000000001,52,0.6393653445737696,0.4807692307692308
2025_SPXW_120m,2025,SPXW,120,F1,7,0.7000000000000001,0.8,13,0.7400174317267264,0.6153846153846154
2025_SPXW_120m,2025,SPXW,120,F1,8,0.8,0.9,0,,
2025_SPXW_120m,2025,SPXW,120,F1,9,0.9,1.0,0,,
2025_SPXW_180m,2025,SPXW,180,F0,0,0.0,0.1,0,,
2025_SPXW_180m,2025,SPXW,180,F0,1,0.1,0.2,0,,
2025_SPXW_180m,2025,SPXW,180,F0,2,0.2,0.30000000000000004,24,0.2645963530894834,0.4166666666666667
2025_SPXW_180m,2025,SPXW,180,F0,3,0.30000000000000004,0.4,85,0.36041099989694875,0.3176470588235294
2025_SPXW_180m,2025,SPXW,180,F0,4,0.4,0.5,130,0.4489107819817337,0.3923076923076923
2025_SPXW_180m,2025,SPXW,180,F0,5,0.5,0.6000000000000001,138,0.5485456286546796,0.4057971014492754
2025_SPXW_180m,2025,SPXW,180,F0,6,0.6000000000000001,0.7000000000000001,83,0.6430972153677754,0.43373493975903615
2025_SPXW_180m,2025,SPXW,180,F0,7,0.7000000000000001,0.8,15,0.732797379744881,0.5333333333333333
2025_SPXW_180m,2025,SPXW,180,F0,8,0.8,0.9,1,0.8356704771437579,0.0
2025_SPXW_180m,2025,SPXW,180,F0,9,0.9,1.0,0,,
2025_SPXW_180m,2025,SPXW,180,F1,0,0.0,0.1,0,,
2025_SPXW_180m,2025,SPXW,180,F1,1,0.1,0.2,20,0.1682679600641805,0.2
2025_SPXW_180m,2025,SPXW,180,F1,2,0.2,0.30000000000000004,83,0.25364487186899193,0.4578313253012048
2025_SPXW_180m,2025,SPXW,180,F1,3,0.30000000000000004,0.4,140,0.351757148758991,0.4142857142857143
2025_SPXW_180m,2025,SPXW,180,F1,4,0.4,0.5,115,0.4451408254654324,0.3565217391304348
2025_SPXW_180m,2025,SPXW,180,F1,5,0.5,0.6000000000000001,77,0.5498493628531168,0.4025974025974026
2025_SPXW_180m,2025,SPXW,180,F1,6,0.6000000000000001,0.7000000000000001,33,0.6410804181983233,0.36363636363636365
2025_SPXW_180m,2025,SPXW,180,F1,7,0.7000000000000001,0.8,8,0.7248598570147688,0.5
2025_SPXW_180m,2025,SPXW,180,F1,8,0.8,0.9,0,,
2025_SPXW_180m,2025,SPXW,180,F1,9,0.9,1.0,0,,
2025_QQQ_30m,2025,QQQ,30,F0,0,0.0,0.1,0,,
2025_QQQ_30m,2025,QQQ,30,F0,1,0.1,0.2,29,0.1668578760663622,0.06896551724137931
2025_QQQ_30m,2025,QQQ,30,F0,2,0.2,0.30000000000000004,76,0.250028330161962,0.21052631578947367
2025_QQQ_30m,2025,QQQ,30,F0,3,0.30000000000000004,0.4,90,0.35090465618412375,0.32222222222222224
2025_QQQ_30m,2025,QQQ,30,F0,4,0.4,0.5,99,0.44877087151162454,0.2828282828282828
2025_QQQ_30m,2025,QQQ,30,F0,5,0.5,0.6000000000000001,101,0.5517705094807867,0.46534653465346537
2025_QQQ_30m,2025,QQQ,30,F0,6,0.6000000000000001,0.7000000000000001,63,0.6477869410783712,0.47619047619047616
2025_QQQ_30m,2025,QQQ,30,F0,7,0.7000000000000001,0.8,31,0.7327216582864852,0.6774193548387096
2025_QQQ_30m,2025,QQQ,30,F0,8,0.8,0.9,1,0.8144163459601277,1.0
2025_QQQ_30m,2025,QQQ,30,F0,9,0.9,1.0,0,,
2025_QQQ_30m,2025,QQQ,30,F1,0,0.0,0.1,0,,
2025_QQQ_30m,2025,QQQ,30,F1,1,0.1,0.2,19,0.1584928849309586,0.15789473684210525
2025_QQQ_30m,2025,QQQ,30,F1,2,0.2,0.30000000000000004,82,0.2551280642062029,0.1951219512195122
2025_QQQ_30m,2025,QQQ,30,F1,3,0.30000000000000004,0.4,114,0.3514709957448326,0.2982456140350877
2025_QQQ_30m,2025,QQQ,30,F1,4,0.4,0.5,108,0.446902401122707,0.4074074074074074
2025_QQQ_30m,2025,QQQ,30,F1,5,0.5,0.6000000000000001,78,0.5464720354919155,0.48717948717948717
2025_QQQ_30m,2025,QQQ,30,F1,6,0.6000000000000001,0.7000000000000001,64,0.637006285959252,0.40625
2025_QQQ_30m,2025,QQQ,30,F1,7,0.7000000000000001,0.8,23,0.7324722404212032,0.5652173913043478
2025_QQQ_30m,2025,QQQ,30,F1,8,0.8,0.9,2,0.8107007999075007,0.0
2025_QQQ_30m,2025,QQQ,30,F1,9,0.9,1.0,0,,
2025_QQQ_60m,2025,QQQ,60,F0,0,0.0,0.1,0,,
2025_QQQ_60m,2025,QQQ,60,F0,1,0.1,0.2,19,0.16391604172346003,0.3684210526315789
2025_QQQ_60m,2025,QQQ,60,F0,2,0.2,0.30000000000000004,67,0.25190368499486576,0.29850746268656714
2025_QQQ_60m,2025,QQQ,60,F0,3,0.30000000000000004,0.4,122,0.3526926215641884,0.3770491803278688
2025_QQQ_60m,2025,QQQ,60,F0,4,0.4,0.5,149,0.45211511726012343,0.4429530201342282
2025_QQQ_60m,2025,QQQ,60,F0,5,0.5,0.6000000000000001,121,0.5454108191587551,0.47107438016528924
2025_QQQ_60m,2025,QQQ,60,F0,6,0.6000000000000001,0.7000000000000001,58,0.6419202394951862,0.5344827586206896
2025_QQQ_60m,2025,QQQ,60,F0,7,0.7000000000000001,0.8,21,0.7411057203461493,0.6666666666666666
2025_QQQ_60m,2025,QQQ,60,F0,8,0.8,0.9,1,0.8009090208751148,0.0
2025_QQQ_60m,2025,QQQ,60,F0,9,0.9,1.0,0,,
2025_QQQ_60m,2025,QQQ,60,F1,0,0.0,0.1,0,,
2025_QQQ_60m,2025,QQQ,60,F1,1,0.1,0.2,16,0.1771037245252356,0.3125
2025_QQQ_60m,2025,QQQ,60,F1,2,0.2,0.30000000000000004,90,0.2576517048211995,0.3888888888888889
2025_QQQ_60m,2025,QQQ,60,F1,3,0.30000000000000004,0.4,142,0.3569445076860538,0.5070422535211268
2025_QQQ_60m,2025,QQQ,60,F1,4,0.4,0.5,161,0.4461300598964369,0.391304347826087
2025_QQQ_60m,2025,QQQ,60,F1,5,0.5,0.6000000000000001,90,0.5450513744980322,0.45555555555555555
2025_QQQ_60m,2025,QQQ,60,F1,6,0.6000000000000001,0.7000000000000001,49,0.6431292487993651,0.46938775510204084
2025_QQQ_60m,2025,QQQ,60,F1,7,0.7000000000000001,0.8,9,0.7416397911451766,0.2222222222222222
2025_QQQ_60m,2025,QQQ,60,F1,8,0.8,0.9,1,0.8064484411694793,0.0
2025_QQQ_60m,2025,QQQ,60,F1,9,0.9,1.0,0,,
2025_QQQ_120m,2025,QQQ,120,F0,0,0.0,0.1,0,,
2025_QQQ_120m,2025,QQQ,120,F0,1,0.1,0.2,9,0.1698536455738503,0.4444444444444444
2025_QQQ_120m,2025,QQQ,120,F0,2,0.2,0.30000000000000004,78,0.25415185483874664,0.3717948717948718
2025_QQQ_120m,2025,QQQ,120,F0,3,0.30000000000000004,0.4,126,0.35509210772546224,0.36507936507936506
2025_QQQ_120m,2025,QQQ,120,F0,4,0.4,0.5,156,0.45179640466532167,0.46153846153846156
2025_QQQ_120m,2025,QQQ,120,F0,5,0.5,0.6000000000000001,139,0.5501994692823547,0.460431654676259
2025_QQQ_120m,2025,QQQ,120,F0,6,0.6000000000000001,0.7000000000000001,59,0.6409935014666361,0.5084745762711864
2025_QQQ_120m,2025,QQQ,120,F0,7,0.7000000000000001,0.8,10,0.7400647514777414,0.9
2025_QQQ_120m,2025,QQQ,120,F0,8,0.8,0.9,2,0.8068745510643364,0.0
2025_QQQ_120m,2025,QQQ,120,F0,9,0.9,1.0,0,,
2025_QQQ_120m,2025,QQQ,120,F1,0,0.0,0.1,0,,
2025_QQQ_120m,2025,QQQ,120,F1,1,0.1,0.2,24,0.17454535633944798,0.2916666666666667
2025_QQQ_120m,2025,QQQ,120,F1,2,0.2,0.30000000000000004,107,0.2582127658889708,0.411214953271028
2025_QQQ_120m,2025,QQQ,120,F1,3,0.30000000000000004,0.4,172,0.3537560665520874,0.43023255813953487
2025_QQQ_120m,2025,QQQ,120,F1,4,0.4,0.5,147,0.4489076693493461,0.5034013605442177
2025_QQQ_120m,2025,QQQ,120,F1,5,0.5,0.6000000000000001,107,0.5399324628227975,0.4205607476635514
2025_QQQ_120m,2025,QQQ,120,F1,6,0.6000000000000001,0.7000000000000001,17,0.6210837225631243,0.35294117647058826
2025_QQQ_120m,2025,QQQ,120,F1,7,0.7000000000000001,0.8,5,0.7220597183642207,0.8
2025_QQQ_120m,2025,QQQ,120,F1,8,0.8,0.9,0,,
2025_QQQ_120m,2025,QQQ,120,F1,9,0.9,1.0,0,,
2025_QQQ_180m,2025,QQQ,180,F0,0,0.0,0.1,0,,
2025_QQQ_180m,2025,QQQ,180,F0,1,0.1,0.2,3,0.19012984021729837,0.3333333333333333
2025_QQQ_180m,2025,QQQ,180,F0,2,0.2,0.30000000000000004,51,0.25932210718034865,0.27450980392156865
2025_QQQ_180m,2025,QQQ,180,F0,3,0.30000000000000004,0.4,114,0.3553362186983614,0.47368421052631576
2025_QQQ_180m,2025,QQQ,180,F0,4,0.4,0.5,123,0.45135915319985426,0.4146341463414634
2025_QQQ_180m,2025,QQQ,180,F0,5,0.5,0.6000000000000001,98,0.5467862552930116,0.5510204081632653
2025_QQQ_180m,2025,QQQ,180,F0,6,0.6000000000000001,0.7000000000000001,61,0.6352327236591608,0.5081967213114754
2025_QQQ_180m,2025,QQQ,180,F0,7,0.7000000000000001,0.8,12,0.7208460289172504,0.75
2025_QQQ_180m,2025,QQQ,180,F0,8,0.8,0.9,0,,
2025_QQQ_180m,2025,QQQ,180,F0,9,0.9,1.0,0,,
2025_QQQ_180m,2025,QQQ,180,F1,0,0.0,0.1,0,,
2025_QQQ_180m,2025,QQQ,180,F1,1,0.1,0.2,23,0.16808404050998446,0.21739130434782608
2025_QQQ_180m,2025,QQQ,180,F1,2,0.2,0.30000000000000004,88,0.2550993500413345,0.4659090909090909
2025_QQQ_180m,2025,QQQ,180,F1,3,0.30000000000000004,0.4,136,0.3476879648950612,0.49264705882352944
2025_QQQ_180m,2025,QQQ,180,F1,4,0.4,0.5,125,0.44662919187159206,0.472
2025_QQQ_180m,2025,QQQ,180,F1,5,0.5,0.6000000000000001,63,0.5474246337952575,0.3968253968253968
2025_QQQ_180m,2025,QQQ,180,F1,6,0.6000000000000001,0.7000000000000001,22,0.6364579609836765,0.5454545454545454
2025_QQQ_180m,2025,QQQ,180,F1,7,0.7000000000000001,0.8,4,0.729133043319295,1.0
2025_QQQ_180m,2025,QQQ,180,F1,8,0.8,0.9,1,0.8448187316975916,1.0
2025_QQQ_180m,2025,QQQ,180,F1,9,0.9,1.0,0,,
2025_SPY_30m,2025,SPY,30,F0,0,0.0,0.1,13,0.08246206825255477,0.0
2025_SPY_30m,2025,SPY,30,F0,1,0.1,0.2,91,0.15738207257136874,0.04395604395604396
2025_SPY_30m,2025,SPY,30,F0,2,0.2,0.30000000000000004,94,0.2465884779506801,0.11702127659574468
2025_SPY_30m,2025,SPY,30,F0,3,0.30000000000000004,0.4,83,0.3493338427602781,0.21686746987951808
2025_SPY_30m,2025,SPY,30,F0,4,0.4,0.5,112,0.45274986707117887,0.38392857142857145
2025_SPY_30m,2025,SPY,30,F0,5,0.5,0.6000000000000001,115,0.5516042278285602,0.4
2025_SPY_30m,2025,SPY,30,F0,6,0.6000000000000001,0.7000000000000001,84,0.6473338322805021,0.4166666666666667
2025_SPY_30m,2025,SPY,30,F0,7,0.7000000000000001,0.8,67,0.7434629720477897,0.5671641791044776
2025_SPY_30m,2025,SPY,30,F0,8,0.8,0.9,7,0.8191874984565516,0.7142857142857143
2025_SPY_30m,2025,SPY,30,F0,9,0.9,1.0,0,,
2025_SPY_30m,2025,SPY,30,F1,0,0.0,0.1,2,0.08724772600224423,0.0
2025_SPY_30m,2025,SPY,30,F1,1,0.1,0.2,52,0.1591621879285982,0.019230769230769232
2025_SPY_30m,2025,SPY,30,F1,2,0.2,0.30000000000000004,73,0.25269155453139225,0.1506849315068493
2025_SPY_30m,2025,SPY,30,F1,3,0.30000000000000004,0.4,93,0.3532621357029328,0.21505376344086022
2025_SPY_30m,2025,SPY,30,F1,4,0.4,0.5,114,0.4453215173495435,0.2719298245614035
2025_SPY_30m,2025,SPY,30,F1,5,0.5,0.6000000000000001,131,0.548807312709379,0.40458015267175573
2025_SPY_30m,2025,SPY,30,F1,6,0.6000000000000001,0.7000000000000001,145,0.6430150713384013,0.41379310344827586
2025_SPY_30m,2025,SPY,30,F1,7,0.7000000000000001,0.8,52,0.7418025171348026,0.4423076923076923
2025_SPY_30m,2025,SPY,30,F1,8,0.8,0.9,4,0.8388018278601387,0.25
2025_SPY_30m,2025,SPY,30,F1,9,0.9,1.0,0,,
2025_SPY_60m,2025,SPY,60,F0,0,0.0,0.1,1,0.09991749953767527,0.0
2025_SPY_60m,2025,SPY,60,F0,1,0.1,0.2,31,0.16286184715976565,0.16129032258064516
2025_SPY_60m,2025,SPY,60,F0,2,0.2,0.30000000000000004,97,0.24860042407138364,0.21649484536082475
2025_SPY_60m,2025,SPY,60,F0,3,0.30000000000000004,0.4,139,0.3539424674231183,0.30935251798561153
2025_SPY_60m,2025,SPY,60,F0,4,0.4,0.5,177,0.4517795283071356,0.3107344632768362
2025_SPY_60m,2025,SPY,60,F0,5,0.5,0.6000000000000001,186,0.5456806071607223,0.43010752688172044
2025_SPY_60m,2025,SPY,60,F0,6,0.6000000000000001,0.7000000000000001,127,0.642277692179638,0.48031496062992124
2025_SPY_60m,2025,SPY,60,F0,7,0.7000000000000001,0.8,28,0.7309913653647125,0.5357142857142857
2025_SPY_60m,2025,SPY,60,F0,8,0.8,0.9,2,0.8229868238120479,1.0
2025_SPY_60m,2025,SPY,60,F0,9,0.9,1.0,0,,
2025_SPY_60m,2025,SPY,60,F1,0,0.0,0.1,0,,
2025_SPY_60m,2025,SPY,60,F1,1,0.1,0.2,13,0.16458076546711142,0.23076923076923078
2025_SPY_60m,2025,SPY,60,F1,2,0.2,0.30000000000000004,61,0.260219816749085,0.22950819672131148
2025_SPY_60m,2025,SPY,60,F1,3,0.30000000000000004,0.4,123,0.3545530487004915,0.2764227642276423
2025_SPY_60m,2025,SPY,60,F1,4,0.4,0.5,203,0.4510447287527218,0.31527093596059114
2025_SPY_60m,2025,SPY,60,F1,5,0.5,0.6000000000000001,207,0.5465602055180083,0.42028985507246375
2025_SPY_60m,2025,SPY,60,F1,6,0.6000000000000001,0.7000000000000001,132,0.6442875837994037,0.4621212121212121
2025_SPY_60m,2025,SPY,60,F1,7,0.7000000000000001,0.8,47,0.7361436990244186,0.3617021276595745
2025_SPY_60m,2025,SPY,60,F1,8,0.8,0.9,2,0.8422676586051986,1.0
2025_SPY_60m,2025,SPY,60,F1,9,0.9,1.0,0,,
2025_SPY_120m,2025,SPY,120,F0,0,0.0,0.1,0,,
2025_SPY_120m,2025,SPY,120,F0,1,0.1,0.2,11,0.16196636025317526,0.36363636363636365
2025_SPY_120m,2025,SPY,120,F0,2,0.2,0.30000000000000004,61,0.26048401208244126,0.32786885245901637
2025_SPY_120m,2025,SPY,120,F0,3,0.30000000000000004,0.4,173,0.35452658285466826,0.3583815028901734
2025_SPY_120m,2025,SPY,120,F0,4,0.4,0.5,225,0.45055445492368423,0.40444444444444444
2025_SPY_120m,2025,SPY,120,F0,5,0.5,0.6000000000000001,196,0.547454343974881,0.5408163265306123
2025_SPY_120m,2025,SPY,120,F0,6,0.6000000000000001,0.7000000000000001,116,0.6424947069522248,0.5431034482758621
2025_SPY_120m,2025,SPY,120,F0,7,0.7000000000000001,0.8,32,0.7420819916138823,0.46875
2025_SPY_120m,2025,SPY,120,F0,8,0.8,0.9,4,0.8231173832225032,0.5
2025_SPY_120m,2025,SPY,120,F0,9,0.9,1.0,0,,
2025_SPY_120m,2025,SPY,120,F1,0,0.0,0.1,0,,
2025_SPY_120m,2025,SPY,120,F1,1,0.1,0.2,7,0.1680734144273326,0.14285714285714285
2025_SPY_120m,2025,SPY,120,F1,2,0.2,0.30000000000000004,52,0.264104586671458,0.28846153846153844
2025_SPY_120m,2025,SPY,120,F1,3,0.30000000000000004,0.4,149,0.3533662755752393,0.38926174496644295
2025_SPY_120m,2025,SPY,120,F1,4,0.4,0.5,214,0.4509660459548735,0.4392523364485981
2025_SPY_120m,2025,SPY,120,F1,5,0.5,0.6000000000000001,202,0.5483724627470424,0.4801980198019802
2025_SPY_120m,2025,SPY,120,F1,6,0.6000000000000001,0.7000000000000001,153,0.6497976589374528,0.49673202614379086
2025_SPY_120m,2025,SPY,120,F1,7,0.7000000000000001,0.8,38,0.7375206216239448,0.5526315789473685
2025_SPY_120m,2025,SPY,120,F1,8,0.8,0.9,3,0.8068890274945847,0.3333333333333333
2025_SPY_120m,2025,SPY,120,F1,9,0.9,1.0,0,,
2025_SPY_180m,2025,SPY,180,F0,0,0.0,0.1,0,,
2025_SPY_180m,2025,SPY,180,F0,1,0.1,0.2,3,0.19015706460679835,0.0
2025_SPY_180m,2025,SPY,180,F0,2,0.2,0.30000000000000004,31,0.2592663159482377,0.3548387096774194
2025_SPY_180m,2025,SPY,180,F0,3,0.30000000000000004,0.4,128,0.35816927471202786,0.375
2025_SPY_180m,2025,SPY,180,F0,4,0.4,0.5,196,0.4521222817806023,0.41836734693877553
2025_SPY_180m,2025,SPY,180,F0,5,0.5,0.6000000000000001,183,0.549081685294905,0.4371584699453552
2025_SPY_180m,2025,SPY,180,F0,6,0.6000000000000001,0.7000000000000001,99,0.6455037953709166,0.5252525252525253
2025_SPY_180m,2025,SPY,180,F0,7,0.7000000000000001,0.8,28,0.7356526777878515,0.5357142857142857
2025_SPY_180m,2025,SPY,180,F0,8,0.8,0.9,1,0.8281381937677531,1.0
2025_SPY_180m,2025,SPY,180,F0,9,0.9,1.0,0,,
2025_SPY_180m,2025,SPY,180,F1,0,0.0,0.1,0,,
2025_SPY_180m,2025,SPY,180,F1,1,0.1,0.2,2,0.18140279558854627,0.0
2025_SPY_180m,2025,SPY,180,F1,2,0.2,0.30000000000000004,27,0.2716724308058028,0.2962962962962963
2025_SPY_180m,2025,SPY,180,F1,3,0.30000000000000004,0.4,111,0.3613695267787401,0.43243243243243246
2025_SPY_180m,2025,SPY,180,F1,4,0.4,0.5,201,0.45424631152997064,0.42786069651741293
2025_SPY_180m,2025,SPY,180,F1,5,0.5,0.6000000000000001,200,0.5476235878524498,0.435
2025_SPY_180m,2025,SPY,180,F1,6,0.6000000000000001,0.7000000000000001,101,0.6409715645950191,0.4752475247524752
2025_SPY_180m,2025,SPY,180,F1,7,0.7000000000000001,0.8,26,0.732851172939597,0.46153846153846156
2025_SPY_180m,2025,SPY,180,F1,8,0.8,0.9,1,0.8352523426971598,0.0
2025_SPY_180m,2025,SPY,180,F1,9,0.9,1.0,0,,
