mode,outer_month,ticker,arm,model_family,utility_percentile,margin_percentile,utility_threshold,side_margin,passed,policy_candidates,scheduled_trades,worst_inner_month_pnl,worst_inner_month_pf,worst_inner_month_wr,minimum_inner_month_trades,pooled_inner_pnl,pooled_inner_pf,inner_month_metrics
development,202304,SPXW,X1,lightgbm_quantile_distribution_utility_v1,50,0,0.016679513551548352,5.385276490446622e-05,False,584,123,-10.093596007140214,0.42225235622724394,0.2702702702702703,37,-12.712683030618978,0.7350916803506722,"{""202301"": {""call_rate"": 0.24324324324324326, ""max_drawdown"": 10.42206372874531, ""maximum_hold"": 123.0, ""minimum_hold"": 30.0, ""pnl"": -10.093596007140214, ""profit_factor"": 0.42225235622724394, ""put_rate"": 0.7567567567567568, ""trades"": 37, ""win_rate"": 0.2702702702702703}, ""202302"": {""call_rate"": 0.40476190476190477, ""max_drawdown"": 4.36492316172829, ""maximum_hold"": 180.0, ""minimum_hold"": 30.0, ""pnl"": 0.19259578805545652, ""profit_factor"": 1.0121196291087098, ""put_rate"": 0.5952380952380952, ""trades"": 42, ""win_rate"": 0.42857142857142855}, ""202303"": {""call_rate"": 0.38636363636363635, ""max_drawdown"": 5.245089894801522, ""maximum_hold"": 180.0, ""minimum_hold"": 30.0, ""pnl"": -2.8116828115342196, ""profit_factor"": 0.8077766628039217, ""put_rate"": 0.6136363636363636, ""trades"": 44, ""win_rate"": 0.4772727272727273}}"
development,202304,SPXW,X1,lightgbm_quantile_distribution_utility_v1,50,10,0.016679513551548352,0.06648191791669567,False,576,122,-9.462017055368863,0.4380897231377605,0.2777777777777778,36,-12.081104078847627,0.7448951812286804,"{""202301"": {""call_rate"": 0.25, ""max_drawdown"": 9.79048477697396, ""maximum_hold"": 123.0, ""minimum_hold"": 30.0, ""pnl"": -9.462017055368863, ""profit_factor"": 0.4380897231377605, ""put_rate"": 0.75, ""trades"": 36, ""win_rate"": 0.2777777777777778}, ""202302"": {""call_rate"": 0.40476190476190477, ""max_drawdown"": 4.36492316172829, ""maximum_hold"": 180.0, ""minimum_hold"": 30.0, ""pnl"": 0.19259578805545652, ""profit_factor"": 1.0121196291087098, ""put_rate"": 0.5952380952380952, ""trades"": 42, ""win_rate"": 0.42857142857142855}, ""202303"": {""call_rate"": 0.38636363636363635, ""max_drawdown"": 5.245089894801522, ""maximum_hold"": 180.0, ""minimum_hold"": 30.0, ""pnl"": -2.8116828115342196, ""profit_factor"": 0.8077766628039217, ""put_rate"": 0.6136363636363636, ""trades"": 44, ""win_rate"": 0.4772727272727273}}"
development,202304,SPXW,X1,lightgbm_quantile_distribution_utility_v1,50,20,0.016679513551548352,0.1331889120505271,False,557,120,-9.462017055368863,0.4380897231377605,0.2777777777777778,36,-12.816650908194832,0.7292112225442368,"{""202301"": {""call_rate"": 0.25, ""max_drawdown"": 9.79048477697396, ""maximum_hold"": 123.0, ""minimum_hold"": 30.0, ""pnl"": -9.462017055368863, ""profit_factor"": 0.4380897231377605, ""put_rate"": 0.75, ""trades"": 36, ""win_rate"": 0.2777777777777778}, ""202302"": {""call_rate"": 0.425, ""max_drawdown"": 4.3711731906924225, ""maximum_hold"": 180.0, ""minimum_hold"": 30.0, ""pnl"": 0.18634575909132423, ""profit_factor"": 1.0122264269363928, ""put_rate"": 0.575, ""trades"": 40, ""win_rate"": 0.425}, ""202303"": {""call_rate"": 0.38636363636363635, ""max_drawdown"": 5.245089894801522, ""maximum_hold"": 180.0, ""minimum_hold"": 30.0, ""pnl"": -3.540979611917294, ""profit_factor"": 0.7678131389944414, ""put_rate"": 0.6136363636363636, ""trades"": 44, ""win_rate"": 0.45454545454545453}}"
development,202304,SPXW,X1,lightgbm_quantile_distribution_utility_v1,50,30,0.016679513551548352,0.19960867925819373,False,520,117,-8.105227211202712,0.47783866366364225,0.3142857142857143,35,-9.009773326774347,0.800274498771844,"{""202301"": {""call_rate"": 0.22857142857142856, ""max_drawdown"": 8.433694932807809, ""maximum_hold"": 123.0, ""minimum_hold"": 30.0, ""pnl"": -8.105227211202712, ""profit_factor"": 0.47783866366364225, ""put_rate"": 0.7714285714285715, ""trades"": 35, ""win_rate"": 0.3142857142857143}, ""202302"": {""call_rate"": 0.42105263157894735, ""max_drawdown"": 4.084913652886718, ""maximum_hold"": 180.0, ""minimum_hold"": 30.0, ""pnl"": 0.6975835614730181, ""profit_factor"": 1.0486535827368069, ""put_rate"": 0.5789473684210527, ""trades"": 38, ""win_rate"": 0.42105263157894735}, ""202303"": {""call_rate"": 0.38636363636363635, ""max_drawdown"": 5.245089894801523, ""maximum_hold"": 180.0, ""minimum_hold"": 30.0, ""pnl"": -1.602129677044659, ""profit_factor"": 0.89494617269614, ""put_rate"": 0.6136363636363636, ""trades"": 44, ""win_rate"": 0.45454545454545453}}"
development,202304,SPXW,X1,lightgbm_quantile_distribution_utility_v1,50,40,0.016679513551548352,0.26733805803833033,False,454,106,-8.029285818295147,0.4078039934389292,0.3225806451612903,31,-9.034556726705373,0.7795296176245881,"{""202301"": {""call_rate"": 0.22580645161290322, ""max_drawdown"": 8.532006828587706, ""maximum_hold"": 114.0, ""minimum_hold"": 30.0, ""pnl"": -8.029285818295147, ""profit_factor"": 0.4078039934389292, ""put_rate"": 0.7741935483870968, ""trades"": 31, ""win_rate"": 0.3225806451612903}, ""202302"": {""call_rate"": 0.4722222222222222, ""max_drawdown"": 4.365427294049203, ""maximum_hold"": 180.0, ""minimum_hold"": 30.0, ""pnl"": -0.2088033297460412, ""profit_factor"": 0.9845190268847955, ""put_rate"": 0.5277777777777778, ""trades"": 36, ""win_rate"": 0.4166666666666667}, ""202303"": {""call_rate"": 0.4358974358974359, ""max_drawdown"": 4.123266617741983, ""maximum_hold"": 180.0, ""minimum_hold"": 30.0, ""pnl"": -0.7964675786641844, ""profit_factor"": 0.9428330877765918, ""put_rate"": 0.5641025641025641, ""trades"": 39, ""win_rate"": 0.4358974358974359}}"
development,202304,SPXW,X1,lightgbm_quantile_distribution_utility_v1,50,50,0.016679513551548352,0.33776177420424763,False,373,90,-7.645414131989522,0.32199963979188573,0.32,25,-5.850126380931952,0.8262589013346637,"{""202301"": {""call_rate"": 0.16, ""max_drawdown"": 7.645414131989521, ""maximum_hold"": 107.0, ""minimum_hold"": 30.0, ""pnl"": -7.645414131989522, ""profit_factor"": 0.32199963979188573, ""put_rate"": 0.84, ""trades"": 25, ""win_rate"": 0.32}, ""202302"": {""call_rate"": 0.42424242424242425, ""max_drawdown"": 5.028845533947177, ""maximum_hold"": 180.0, ""minimum_hold"": 30.0, ""pnl"": 0.5854304342905614, ""profit_factor"": 1.0476947265185546, ""put_rate"": 0.5757575757575758, ""trades"": 33, ""win_rate"": 0.42424242424242425}, ""202303"": {""call_rate"": 0.4375, ""max_drawdown"": 4.9084745874846885, ""maximum_hold"": 180.0, ""minimum_hold"": 30.0, ""pnl"": 1.209857316767009, ""profit_factor"": 1.1195443924992965, ""put_rate"": 0.5625, ""trades"": 32, ""win_rate"": 0.5}}"
development,202304,SPXW,X1,lightgbm_quantile_distribution_utility_v1,60,0,0.06919375496834376,5.385276490446622e-05,False,411,95,-7.264966689222324,0.3427809997433415,0.2608695652173913,23,-8.397505287596001,0.7723809507103722,"{""202301"": {""call_rate"": 0.21739130434782608, ""max_drawdown"": 7.264966689222324, ""maximum_hold"": 123.0, ""minimum_hold"": 30.0, ""pnl"": -7.264966689222324, ""profit_factor"": 0.3427809997433415, ""put_rate"": 0.782608695652174, ""trades"": 23, ""win_rate"": 0.2608695652173913}, ""202302"": {""call_rate"": 0.42857142857142855, ""max_drawdown"": 4.23300517890427, ""maximum_hold"": 180.0, ""minimum_hold"": 30.0, ""pnl"": -0.7473863667492552, ""profit_factor"": 0.9435031444847481, ""put_rate"": 0.5714285714285714, ""trades"": 35, ""win_rate"": 0.42857142857142855}, ""202303"": {""call_rate"": 0.3783783783783784, ""max_drawdown"": 4.056674697522164, ""maximum_hold"": 180.0, ""minimum_hold"": 30.0, ""pnl"": -0.38515223162442447, ""profit_factor"": 0.969456333530568, ""put_rate"": 0.6216216216216216, ""trades"": 37, ""win_rate"": 0.4594594594594595}}"
development,202304,SPXW,X1,lightgbm_quantile_distribution_utility_v1,60,10,0.06919375496834376,0.06648191791669567,False,409,94,-6.633387737450973,0.3635526725387769,0.2727272727272727,22,-7.7659263358246555,0.7858338754784353,"{""202301"": {""call_rate"": 0.22727272727272727, ""max_drawdown"": 6.633387737450975, ""maximum_hold"": 123.0, ""minimum_hold"": 30.0, ""pnl"": -6.633387737450973, ""profit_factor"": 0.3635526725387769, ""put_rate"": 0.7727272727272727, ""trades"": 22, ""win_rate"": 0.2727272727272727}, ""202302"": {""call_rate"": 0.42857142857142855, ""max_drawdown"": 4.23300517890427, ""maximum_hold"": 180.0, ""minimum_hold"": 30.0, ""pnl"": -0.7473863667492552, ""profit_factor"": 0.9435031444847481, ""put_rate"": 0.5714285714285714, ""trades"": 35, ""win_rate"": 0.42857142857142855}, ""202303"": {""call_rate"": 0.3783783783783784, ""max_drawdown"": 4.056674697522164, ""maximum_hold"": 180.0, ""minimum_hold"": 30.0, ""pnl"": -0.38515223162442447, ""profit_factor"": 0.969456333530568, ""put_rate"": 0.6216216216216216, ""trades"": 37, ""win_rate"": 0.4594594594594595}}"
development,202304,SPXW,X1,lightgbm_quantile_distribution_utility_v1,60,20,0.06919375496834376,0.1331889120505271,False,401,94,-6.633387737450973,0.3635526725387769,0.2727272727272727,22,-7.7659263358246555,0.7858338754784353,"{""202301"": {""call_rate"": 0.22727272727272727, ""max_drawdown"": 6.633387737450975, ""maximum_hold"": 123.0, ""minimum_hold"": 30.0, ""pnl"": -6.633387737450973, ""profit_factor"": 0.3635526725387769, ""put_rate"": 0.7727272727272727, ""trades"": 22, ""win_rate"": 0.2727272727272727}, ""202302"": {""call_rate"": 0.42857142857142855, ""max_drawdown"": 4.23300517890427, ""maximum_hold"": 180.0, ""minimum_hold"": 30.0, ""pnl"": -0.7473863667492552, ""profit_factor"": 0.9435031444847481, ""put_rate"": 0.5714285714285714, ""trades"": 35, ""win_rate"": 0.42857142857142855}, ""202303"": {""call_rate"": 0.3783783783783784, ""max_drawdown"": 4.056674697522164, ""maximum_hold"": 180.0, ""minimum_hold"": 30.0, ""pnl"": -0.38515223162442447, ""profit_factor"": 0.969456333530568, ""put_rate"": 0.6216216216216216, ""trades"": 37, ""win_rate"": 0.4594594594594595}}"
development,202304,SPXW,X1,lightgbm_quantile_distribution_utility_v1,60,30,0.06919375496834376,0.19960867925819373,False,385,92,-5.9747368678255315,0.3905881338404146,0.3181818181818182,22,-6.270131116671058,0.8197546219038263,"{""202301"": {""call_rate"": 0.18181818181818182, ""max_drawdown"": 5.9747368678255315, ""maximum_hold"": 123.0, ""minimum_hold"": 30.0, ""pnl"": -5.9747368678255315, ""profit_factor"": 0.3905881338404146, ""put_rate"": 0.8181818181818182, ""trades"": 22, ""win_rate"": 0.3181818181818182}, ""202302"": {""call_rate"": 0.42424242424242425, ""max_drawdown"": 3.9826810493523075, ""maximum_hold"": 180.0, ""minimum_hold"": 30.0, ""pnl"": -0.27208397262130024, ""profit_factor"": 0.9780092373788803, ""put_rate"": 0.5757575757575758, ""trades"": 33, ""win_rate"": 0.42424242424242425}, ""202303"": {""call_rate"": 0.3783783783783784, ""max_drawdown"": 4.032226085446406, ""maximum_hold"": 180.0, ""minimum_hold"": 30.0, ""pnl"": -0.023310276224225435, ""profit_factor"": 0.9981514288537284, ""put_rate"": 0.6216216216216216, ""trades"": 37, ""win_rate"": 0.4594594594594595}}"
development,202304,SPXW,X1,lightgbm_quantile_distribution_utility_v1,60,40,0.06919375496834376,0.26733805803833033,False,354,89,-5.780769160176839,0.3711785136523745,0.3333333333333333,21,-6.288752911192377,0.8120108974497121,"{""202301"": {""call_rate"": 0.14285714285714285, ""max_drawdown"": 6.274641609531426, ""maximum_hold"": 107.0, ""minimum_hold"": 30.0, ""pnl"": -5.780769160176839, ""profit_factor"": 0.3711785136523745, ""put_rate"": 0.8571428571428571, ""trades"": 21, ""win_rate"": 0.3333333333333333}, ""202302"": {""call_rate"": 0.4117647058823529, ""max_drawdown"": 4.365427294049205, ""maximum_hold"": 180.0, ""minimum_hold"": 30.0, ""pnl"": -0.23833070326511363, ""profit_factor"": 0.980583316057049, ""put_rate"": 0.5882352941176471, ""trades"": 34, ""win_rate"": 0.4411764705882353}, ""202303"": {""call_rate"": 0.4117647058823529, ""max_drawdown"": 3.5503942526177124, ""maximum_hold"": 180.0, ""minimum_hold"": 30.0, ""pnl"": -0.2696530477504244, ""profit_factor"": 0.9775011634968368, ""put_rate"": 0.5882352941176471, ""trades"": 34, ""win_rate"": 0.4411764705882353}}"
development,202304,SPXW,X1,lightgbm_quantile_distribution_utility_v1,60,50,0.06919375496834376,0.33776177420424763,False,314,83,-5.194281177216613,0.4114317771584353,0.38095238095238093,21,-5.681666905366479,0.8145561508737452,"{""202301"": {""call_rate"": 0.14285714285714285, ""max_drawdown"": 5.688153626571199, ""maximum_hold"": 107.0, ""minimum_hold"": 30.0, ""pnl"": -5.194281177216613, ""profit_factor"": 0.4114317771584353, ""put_rate"": 0.8571428571428571, ""trades"": 21, ""win_rate"": 0.38095238095238093}, ""202302"": {""call_rate"": 0.4375, ""max_drawdown"": 5.0288455339471785, ""maximum_hold"": 180.0, ""minimum_hold"": 30.0, ""pnl"": -0.9017489431630876, ""profit_factor"": 0.9265349617761535, ""put_rate"": 0.5625, ""trades"": 32, ""win_rate"": 0.40625}, ""202303"": {""call_rate"": 0.43333333333333335, ""max_drawdown"": 4.461360885933828, ""maximum_hold"": 180.0, ""minimum_hold"": 30.0, ""pnl"": 0.4143632150132214, ""profit_factor"": 1.0434416238736632, ""put_rate"": 0.5666666666666667, ""trades"": 30, ""win_rate"": 0.5}}"
development,202304,SPXW,X1,lightgbm_quantile_distribution_utility_v1,70,0,0.12801095743080682,5.385276490446622e-05,False,259,69,-4.467772593352646,0.4330255441019727,0.34782608695652173,19,-2.844276327717502,0.8838073479906059,"{""202301"": {""call_rate"": 0.10526315789473684, ""max_drawdown"": 5.021168845360515, ""maximum_hold"": 92.0, ""minimum_hold"": 30.0, ""pnl"": -4.467772593352646, ""profit_factor"": 0.4330255441019727, ""put_rate"": 0.8947368421052632, ""trades"": 19, ""win_rate"": 0.3684210526315789}, ""202302"": {""call_rate"": 0.391304347826087, ""max_drawdown"": 4.9582051990232365, ""maximum_hold"": 180.0, ""minimum_hold"": 30.0, ""pnl"": -1.8435987917757373, ""profit_factor"": 0.8016399975176318, ""put_rate"": 0.6086956521739131, ""trades"": 23, ""win_rate"": 0.34782608695652173}, ""202303"": {""call_rate"": 0.37037037037037035, ""max_drawdown"": 3.7472713069914736, ""maximum_hold"": 178.0, ""minimum_hold"": 30.0, ""pnl"": 3.4670950574108814, ""profit_factor"": 1.4746364573575486, ""put_rate"": 0.6296296296296297, ""trades"": 27, ""win_rate"": 0.5925925925925926}}"
development,202304,SPXW,X1,lightgbm_quantile_distribution_utility_v1,70,10,0.12801095743080682,0.06648191791669567,False,259,69,-4.467772593352646,0.4330255441019727,0.34782608695652173,19,-2.844276327717502,0.8838073479906059,"{""202301"": {""call_rate"": 0.10526315789473684, ""max_drawdown"": 5.021168845360515, ""maximum_hold"": 92.0, ""minimum_hold"": 30.0, ""pnl"": -4.467772593352646, ""profit_factor"": 0.4330255441019727, ""put_rate"": 0.8947368421052632, ""trades"": 19, ""win_rate"": 0.3684210526315789}, ""202302"": {""call_rate"": 0.391304347826087, ""max_drawdown"": 4.9582051990232365, ""maximum_hold"": 180.0, ""minimum_hold"": 30.0, ""pnl"": -1.8435987917757373, ""profit_factor"": 0.8016399975176318, ""put_rate"": 0.6086956521739131, ""trades"": 23, ""win_rate"": 0.34782608695652173}, ""202303"": {""call_rate"": 0.37037037037037035, ""max_drawdown"": 3.7472713069914736, ""maximum_hold"": 178.0, ""minimum_hold"": 30.0, ""pnl"": 3.4670950574108814, ""profit_factor"": 1.4746364573575486, ""put_rate"": 0.6296296296296297, ""trades"": 27, ""win_rate"": 0.5925925925925926}}"
development,202304,SPXW,X1,lightgbm_quantile_distribution_utility_v1,70,20,0.12801095743080682,0.1331889120505271,False,257,69,-4.467772593352646,0.4330255441019727,0.34782608695652173,19,-2.844276327717502,0.8838073479906059,"{""202301"": {""call_rate"": 0.10526315789473684, ""max_drawdown"": 5.021168845360515, ""maximum_hold"": 92.0, ""minimum_hold"": 30.0, ""pnl"": -4.467772593352646, ""profit_factor"": 0.4330255441019727, ""put_rate"": 0.8947368421052632, ""trades"": 19, ""win_rate"": 0.3684210526315789}, ""202302"": {""call_rate"": 0.391304347826087, ""max_drawdown"": 4.9582051990232365, ""maximum_hold"": 180.0, ""minimum_hold"": 30.0, ""pnl"": -1.8435987917757373, ""profit_factor"": 0.8016399975176318, ""put_rate"": 0.6086956521739131, ""trades"": 23, ""win_rate"": 0.34782608695652173}, ""202303"": {""call_rate"": 0.37037037037037035, ""max_drawdown"": 3.7472713069914736, ""maximum_hold"": 178.0, ""minimum_hold"": 30.0, ""pnl"": 3.4670950574108814, ""profit_factor"": 1.4746364573575486, ""put_rate"": 0.6296296296296297, ""trades"": 27, ""win_rate"": 0.5925925925925926}}"
development,202304,SPXW,X1,lightgbm_quantile_distribution_utility_v1,70,30,0.12801095743080682,0.19960867925819373,False,252,69,-4.467772593352646,0.4330255441019727,0.34782608695652173,19,-2.844276327717502,0.8838073479906059,"{""202301"": {""call_rate"": 0.10526315789473684, ""max_drawdown"": 5.021168845360515, ""maximum_hold"": 92.0, ""minimum_hold"": 30.0, ""pnl"": -4.467772593352646, ""profit_factor"": 0.4330255441019727, ""put_rate"": 0.8947368421052632, ""trades"": 19, ""win_rate"": 0.3684210526315789}, ""202302"": {""call_rate"": 0.391304347826087, ""max_drawdown"": 4.9582051990232365, ""maximum_hold"": 180.0, ""minimum_hold"": 30.0, ""pnl"": -1.8435987917757373, ""profit_factor"": 0.8016399975176318, ""put_rate"": 0.6086956521739131, ""trades"": 23, ""win_rate"": 0.34782608695652173}, ""202303"": {""call_rate"": 0.37037037037037035, ""max_drawdown"": 3.7472713069914736, ""maximum_hold"": 178.0, ""minimum_hold"": 30.0, ""pnl"": 3.4670950574108814, ""profit_factor"": 1.4746364573575486, ""put_rate"": 0.6296296296296297, ""trades"": 27, ""win_rate"": 0.5925925925925926}}"
development,202304,SPXW,X1,lightgbm_quantile_distribution_utility_v1,70,40,0.12801095743080682,0.26733805803833033,False,246,69,-3.860629751415056,0.4691746762446145,0.3333333333333333,18,-2.7593872684871776,0.8868829128187712,"{""202301"": {""call_rate"": 0.1111111111111111, ""max_drawdown"": 5.021168845360515, ""maximum_hold"": 92.0, ""minimum_hold"": 30.0, ""pnl"": -3.860629751415056, ""profit_factor"": 0.4691746762446145, ""put_rate"": 0.8888888888888888, ""trades"": 18, ""win_rate"": 0.3888888888888889}, ""202302"": {""call_rate"": 0.375, ""max_drawdown"": 5.4804589817305045, ""maximum_hold"": 180.0, ""minimum_hold"": 30.0, ""pnl"": -2.3658525744830046, ""profit_factor"": 0.7589912711913531, ""put_rate"": 0.625, ""trades"": 24, ""win_rate"": 0.3333333333333333}, ""202303"": {""call_rate"": 0.37037037037037035, ""max_drawdown"": 3.7472713069914736, ""maximum_hold"": 178.0, ""minimum_hold"": 30.0, ""pnl"": 3.4670950574108814, ""profit_factor"": 1.4746364573575486, ""put_rate"": 0.6296296296296297, ""trades"": 27, ""win_rate"": 0.5925925925925926}}"
development,202304,SPXW,X1,lightgbm_quantile_distribution_utility_v1,70,50,0.12801095743080682,0.33776177420424763,False,222,68,-3.228223388881614,0.5293603500957883,0.3333333333333333,18,-1.8312322783007922,0.9217180330070479,"{""202301"": {""call_rate"": 0.1111111111111111, ""max_drawdown"": 4.388762482827072, ""maximum_hold"": 82.0, ""minimum_hold"": 30.0, ""pnl"": -3.228223388881614, ""profit_factor"": 0.5293603500957883, ""put_rate"": 0.8888888888888888, ""trades"": 18, ""win_rate"": 0.4444444444444444}, ""202302"": {""call_rate"": 0.375, ""max_drawdown"": 5.4804589817305045, ""maximum_hold"": 180.0, ""minimum_hold"": 30.0, ""pnl"": -2.3658525744830046, ""profit_factor"": 0.7589912711913531, ""put_rate"": 0.625, ""trades"": 24, ""win_rate"": 0.3333333333333333}, ""202303"": {""call_rate"": 0.38461538461538464, ""max_drawdown"": 3.159620636190917, ""maximum_hold"": 178.0, ""minimum_hold"": 30.0, ""pnl"": 3.762843685063826, ""profit_factor"": 1.5601897657498245, ""put_rate"": 0.6153846153846154, ""trades"": 26, ""win_rate"": 0.6153846153846154}}"
development,202304,SPXW,X1,lightgbm_quantile_distribution_utility_v1,80,0,0.21262956574149025,5.385276490446622e-05,False,125,36,-5.762443155795536,0.13182786001965835,0.16666666666666666,10,-8.82455577943416,0.42353063551107345,"{""202301"": {""call_rate"": 0.14285714285714285, ""max_drawdown"": 3.128633440131109, ""maximum_hold"": 92.0, ""minimum_hold"": 30.0, ""pnl"": -2.6574066714400146, ""profit_factor"": 0.5080980811220709, ""put_rate"": 0.8571428571428571, ""trades"": 14, ""win_rate"": 0.42857142857142855}, ""202302"": {""call_rate"": 0.4166666666666667, ""max_drawdown"": 6.012443155795534, ""maximum_hold"": 146.0, ""minimum_hold"": 30.0, ""pnl"": -5.762443155795536, ""profit_factor"": 0.13182786001965835, ""put_rate"": 0.5833333333333334, ""trades"": 12, ""win_rate"": 0.16666666666666666}, ""202303"": {""call_rate"": 0.4, ""max_drawdown"": 2.6218408305679826, ""maximum_hold"": 178.0, ""minimum_hold"": 30.0, ""pnl"": -0.4047059521986107, ""profit_factor"": 0.8761678761302222, ""put_rate"": 0.6, ""trades"": 10, ""win_rate"": 0.5}}"
development,202304,SPXW,X1,lightgbm_quantile_distribution_utility_v1,80,10,0.21262956574149025,0.06648191791669567,False,125,36,-5.762443155795536,0.13182786001965835,0.16666666666666666,10,-8.82455577943416,0.42353063551107345,"{""202301"": {""call_rate"": 0.14285714285714285, ""max_drawdown"": 3.128633440131109, ""maximum_hold"": 92.0, ""minimum_hold"": 30.0, ""pnl"": -2.6574066714400146, ""profit_factor"": 0.5080980811220709, ""put_rate"": 0.8571428571428571, ""trades"": 14, ""win_rate"": 0.42857142857142855}, ""202302"": {""call_rate"": 0.4166666666666667, ""max_drawdown"": 6.012443155795534, ""maximum_hold"": 146.0, ""minimum_hold"": 30.0, ""pnl"": -5.762443155795536, ""profit_factor"": 0.13182786001965835, ""put_rate"": 0.5833333333333334, ""trades"": 12, ""win_rate"": 0.16666666666666666}, ""202303"": {""call_rate"": 0.4, ""max_drawdown"": 2.6218408305679826, ""maximum_hold"": 178.0, ""minimum_hold"": 30.0, ""pnl"": -0.4047059521986107, ""profit_factor"": 0.8761678761302222, ""put_rate"": 0.6, ""trades"": 10, ""win_rate"": 0.5}}"
development,202304,SPXW,X1,lightgbm_quantile_distribution_utility_v1,80,20,0.21262956574149025,0.1331889120505271,False,125,36,-5.762443155795536,0.13182786001965835,0.16666666666666666,10,-8.82455577943416,0.42353063551107345,"{""202301"": {""call_rate"": 0.14285714285714285, ""max_drawdown"": 3.128633440131109, ""maximum_hold"": 92.0, ""minimum_hold"": 30.0, ""pnl"": -2.6574066714400146, ""profit_factor"": 0.5080980811220709, ""put_rate"": 0.8571428571428571, ""trades"": 14, ""win_rate"": 0.42857142857142855}, ""202302"": {""call_rate"": 0.4166666666666667, ""max_drawdown"": 6.012443155795534, ""maximum_hold"": 146.0, ""minimum_hold"": 30.0, ""pnl"": -5.762443155795536, ""profit_factor"": 0.13182786001965835, ""put_rate"": 0.5833333333333334, ""trades"": 12, ""win_rate"": 0.16666666666666666}, ""202303"": {""call_rate"": 0.4, ""max_drawdown"": 2.6218408305679826, ""maximum_hold"": 178.0, ""minimum_hold"": 30.0, ""pnl"": -0.4047059521986107, ""profit_factor"": 0.8761678761302222, ""put_rate"": 0.6, ""trades"": 10, ""win_rate"": 0.5}}"
development,202304,SPXW,X1,lightgbm_quantile_distribution_utility_v1,80,30,0.21262956574149025,0.19960867925819373,False,125,36,-5.762443155795536,0.13182786001965835,0.16666666666666666,10,-8.82455577943416,0.42353063551107345,"{""202301"": {""call_rate"": 0.14285714285714285, ""max_drawdown"": 3.128633440131109, ""maximum_hold"": 92.0, ""minimum_hold"": 30.0, ""pnl"": -2.6574066714400146, ""profit_factor"": 0.5080980811220709, ""put_rate"": 0.8571428571428571, ""trades"": 14, ""win_rate"": 0.42857142857142855}, ""202302"": {""call_rate"": 0.4166666666666667, ""max_drawdown"": 6.012443155795534, ""maximum_hold"": 146.0, ""minimum_hold"": 30.0, ""pnl"": -5.762443155795536, ""profit_factor"": 0.13182786001965835, ""put_rate"": 0.5833333333333334, ""trades"": 12, ""win_rate"": 0.16666666666666666}, ""202303"": {""call_rate"": 0.4, ""max_drawdown"": 2.6218408305679826, ""maximum_hold"": 178.0, ""minimum_hold"": 30.0, ""pnl"": -0.4047059521986107, ""profit_factor"": 0.8761678761302222, ""put_rate"": 0.6, ""trades"": 10, ""win_rate"": 0.5}}"
development,202304,SPXW,X1,lightgbm_quantile_distribution_utility_v1,80,40,0.21262956574149025,0.26733805803833033,False,125,36,-5.762443155795536,0.13182786001965835,0.16666666666666666,10,-8.82455577943416,0.42353063551107345,"{""202301"": {""call_rate"": 0.14285714285714285, ""max_drawdown"": 3.128633440131109, ""maximum_hold"": 92.0, ""minimum_hold"": 30.0, ""pnl"": -2.6574066714400146, ""profit_factor"": 0.5080980811220709, ""put_rate"": 0.8571428571428571, ""trades"": 14, ""win_rate"": 0.42857142857142855}, ""202302"": {""call_rate"": 0.4166666666666667, ""max_drawdown"": 6.012443155795534, ""maximum_hold"": 146.0, ""minimum_hold"": 30.0, ""pnl"": -5.762443155795536, ""profit_factor"": 0.13182786001965835, ""put_rate"": 0.5833333333333334, ""trades"": 12, ""win_rate"": 0.16666666666666666}, ""202303"": {""call_rate"": 0.4, ""max_drawdown"": 2.6218408305679826, ""maximum_hold"": 178.0, ""minimum_hold"": 30.0, ""pnl"": -0.4047059521986107, ""profit_factor"": 0.8761678761302222, ""put_rate"": 0.6, ""trades"": 10, ""win_rate"": 0.5}}"
development,202304,SPXW,X1,lightgbm_quantile_distribution_utility_v1,80,50,0.21262956574149025,0.33776177420424763,False,120,35,-5.762443155795536,0.13182786001965835,0.16666666666666666,9,-7.581038305789609,0.4692327115406277,"{""202301"": {""call_rate"": 0.14285714285714285, ""max_drawdown"": 2.496227077597667, ""maximum_hold"": 68.0, ""minimum_hold"": 30.0, ""pnl"": -2.0250003089065736, ""profit_factor"": 0.5940787959873007, ""put_rate"": 0.8571428571428571, ""trades"": 14, ""win_rate"": 0.5}, ""202302"": {""call_rate"": 0.4166666666666667, ""max_drawdown"": 6.012443155795534, ""maximum_hold"": 146.0, ""minimum_hold"": 30.0, ""pnl"": -5.762443155795536, ""profit_factor"": 0.13182786001965835, ""put_rate"": 0.5833333333333334, ""trades"": 12, ""win_rate"": 0.16666666666666666}, ""202303"": {""call_rate"": 0.4444444444444444, ""max_drawdown"": 2.0107297194568714, ""maximum_hold"": 178.0, ""minimum_hold"": 30.0, ""pnl"": 0.20640515891250055, ""profit_factor"": 1.077681456855782, ""put_rate"": 0.5555555555555556, ""trades"": 9, ""win_rate"": 0.5555555555555556}}"
development,202304,SPXW,X1,lightgbm_quantile_distribution_utility_v1,85,0,0.27030186855811134,5.385276490446622e-05,False,65,19,-3.6117840820512295,0.10440607937396168,0.14285714285714285,5,2.605799216474655,1.4428124733874508,"{""202301"": {""call_rate"": 0.0, ""max_drawdown"": 0.7873105623046579, ""maximum_hold"": 65.0, ""minimum_hold"": 30.0, ""pnl"": 0.813734793599018, ""profit_factor"": 1.6590909323766705, ""put_rate"": 1.0, ""trades"": 7, ""win_rate"": 0.7142857142857143}, ""202302"": {""call_rate"": 0.2857142857142857, ""max_drawdown"": 3.6117840820512295, ""maximum_hold"": 146.0, ""minimum_hold"": 30.0, ""pnl"": -3.6117840820512295, ""profit_factor"": 0.10440607937396168, ""put_rate"": 0.7142857142857143, ""trades"": 7, ""win_rate"": 0.14285714285714285}, ""202303"": {""call_rate"": 0.2, ""max_drawdown"": 0.6171874982537702, ""maximum_hold"": 172.0, ""minimum_hold"": 32.0, ""pnl"": 5.4038485049268665, ""profit_factor"": 9.755602665666691, ""put_rate"": 0.8, ""trades"": 5, ""win_rate"": 0.8}}"
development,202304,SPXW,X1,lightgbm_quantile_distribution_utility_v1,85,10,0.27030186855811134,0.06648191791669567,False,65,19,-3.6117840820512295,0.10440607937396168,0.14285714285714285,5,2.605799216474655,1.4428124733874508,"{""202301"": {""call_rate"": 0.0, ""max_drawdown"": 0.7873105623046579, ""maximum_hold"": 65.0, ""minimum_hold"": 30.0, ""pnl"": 0.813734793599018, ""profit_factor"": 1.6590909323766705, ""put_rate"": 1.0, ""trades"": 7, ""win_rate"": 0.7142857142857143}, ""202302"": {""call_rate"": 0.2857142857142857, ""max_drawdown"": 3.6117840820512295, ""maximum_hold"": 146.0, ""minimum_hold"": 30.0, ""pnl"": -3.6117840820512295, ""profit_factor"": 0.10440607937396168, ""put_rate"": 0.7142857142857143, ""trades"": 7, ""win_rate"": 0.14285714285714285}, ""202303"": {""call_rate"": 0.2, ""max_drawdown"": 0.6171874982537702, ""maximum_hold"": 172.0, ""minimum_hold"": 32.0, ""pnl"": 5.4038485049268665, ""profit_factor"": 9.755602665666691, ""put_rate"": 0.8, ""trades"": 5, ""win_rate"": 0.8}}"
development,202304,SPXW,X1,lightgbm_quantile_distribution_utility_v1,85,20,0.27030186855811134,0.1331889120505271,False,65,19,-3.6117840820512295,0.10440607937396168,0.14285714285714285,5,2.605799216474655,1.4428124733874508,"{""202301"": {""call_rate"": 0.0, ""max_drawdown"": 0.7873105623046579, ""maximum_hold"": 65.0, ""minimum_hold"": 30.0, ""pnl"": 0.813734793599018, ""profit_factor"": 1.6590909323766705, ""put_rate"": 1.0, ""trades"": 7, ""win_rate"": 0.7142857142857143}, ""202302"": {""call_rate"": 0.2857142857142857, ""max_drawdown"": 3.6117840820512295, ""maximum_hold"": 146.0, ""minimum_hold"": 30.0, ""pnl"": -3.6117840820512295, ""profit_factor"": 0.10440607937396168, ""put_rate"": 0.7142857142857143, ""trades"": 7, ""win_rate"": 0.14285714285714285}, ""202303"": {""call_rate"": 0.2, ""max_drawdown"": 0.6171874982537702, ""maximum_hold"": 172.0, ""minimum_hold"": 32.0, ""pnl"": 5.4038485049268665, ""profit_factor"": 9.755602665666691, ""put_rate"": 0.8, ""trades"": 5, ""win_rate"": 0.8}}"
development,202304,SPXW,X1,lightgbm_quantile_distribution_utility_v1,85,30,0.27030186855811134,0.19960867925819373,False,65,19,-3.6117840820512295,0.10440607937396168,0.14285714285714285,5,2.605799216474655,1.4428124733874508,"{""202301"": {""call_rate"": 0.0, ""max_drawdown"": 0.7873105623046579, ""maximum_hold"": 65.0, ""minimum_hold"": 30.0, ""pnl"": 0.813734793599018, ""profit_factor"": 1.6590909323766705, ""put_rate"": 1.0, ""trades"": 7, ""win_rate"": 0.7142857142857143}, ""202302"": {""call_rate"": 0.2857142857142857, ""max_drawdown"": 3.6117840820512295, ""maximum_hold"": 146.0, ""minimum_hold"": 30.0, ""pnl"": -3.6117840820512295, ""profit_factor"": 0.10440607937396168, ""put_rate"": 0.7142857142857143, ""trades"": 7, ""win_rate"": 0.14285714285714285}, ""202303"": {""call_rate"": 0.2, ""max_drawdown"": 0.6171874982537702, ""maximum_hold"": 172.0, ""minimum_hold"": 32.0, ""pnl"": 5.4038485049268665, ""profit_factor"": 9.755602665666691, ""put_rate"": 0.8, ""trades"": 5, ""win_rate"": 0.8}}"
development,202304,SPXW,X1,lightgbm_quantile_distribution_utility_v1,85,40,0.27030186855811134,0.26733805803833033,False,65,19,-3.6117840820512295,0.10440607937396168,0.14285714285714285,5,2.605799216474655,1.4428124733874508,"{""202301"": {""call_rate"": 0.0, ""max_drawdown"": 0.7873105623046579, ""maximum_hold"": 65.0, ""minimum_hold"": 30.0, ""pnl"": 0.813734793599018, ""profit_factor"": 1.6590909323766705, ""put_rate"": 1.0, ""trades"": 7, ""win_rate"": 0.7142857142857143}, ""202302"": {""call_rate"": 0.2857142857142857, ""max_drawdown"": 3.6117840820512295, ""maximum_hold"": 146.0, ""minimum_hold"": 30.0, ""pnl"": -3.6117840820512295, ""profit_factor"": 0.10440607937396168, ""put_rate"": 0.7142857142857143, ""trades"": 7, ""win_rate"": 0.14285714285714285}, ""202303"": {""call_rate"": 0.2, ""max_drawdown"": 0.6171874982537702, ""maximum_hold"": 172.0, ""minimum_hold"": 32.0, ""pnl"": 5.4038485049268665, ""profit_factor"": 9.755602665666691, ""put_rate"": 0.8, ""trades"": 5, ""win_rate"": 0.8}}"
development,202304,SPXW,X1,lightgbm_quantile_distribution_utility_v1,85,50,0.27030186855811134,0.33776177420424763,False,64,18,-3.6117840820512295,0.10440607937396168,0.14285714285714285,5,3.211859831292601,1.608468618483744,"{""202301"": {""call_rate"": 0.0, ""max_drawdown"": 0.6285714421953474, ""maximum_hold"": 65.0, ""minimum_hold"": 30.0, ""pnl"": 1.4197954084169642, ""profit_factor"": 3.258765373524113, ""put_rate"": 1.0, ""trades"": 6, ""win_rate"": 0.8333333333333334}, ""202302"": {""call_rate"": 0.2857142857142857, ""max_drawdown"": 3.6117840820512295, ""maximum_hold"": 146.0, ""minimum_hold"": 30.0, ""pnl"": -3.6117840820512295, ""profit_factor"": 0.10440607937396168, ""put_rate"": 0.7142857142857143, ""trades"": 7, ""win_rate"": 0.14285714285714285}, ""202303"": {""call_rate"": 0.2, ""max_drawdown"": 0.6171874982537702, ""maximum_hold"": 172.0, ""minimum_hold"": 32.0, ""pnl"": 5.4038485049268665, ""profit_factor"": 9.755602665666691, ""put_rate"": 0.8, ""trades"": 5, ""win_rate"": 0.8}}"
development,202304,SPXW,X1,lightgbm_quantile_distribution_utility_v1,90,0,0.3507262568114612,5.385276490446622e-05,False,23,7,-0.6370967630293065,0.0,0.0,1,0.38450010079370944,1.310808426767653,"{""202301"": {""call_rate"": 0.0, ""max_drawdown"": -0.0, ""maximum_hold"": 65.0, ""minimum_hold"": 30.0, ""pnl"": 0.7005441442973475, ""profit_factor"": Infinity, ""put_rate"": 1.0, ""trades"": 3, ""win_rate"": 1.0}, ""202302"": {""call_rate"": 0.6666666666666666, ""max_drawdown"": 0.6000000068119594, ""maximum_hold"": 50.0, ""minimum_hold"": 38.0, ""pnl"": 0.3210527195256684, ""profit_factor"": 1.5350878598011193, ""put_rate"": 0.3333333333333333, ""trades"": 3, ""win_rate"": 0.6666666666666666}, ""202303"": {""call_rate"": 0.0, ""max_drawdown"": 0.6370967630293065, ""maximum_hold"": 44.0, ""minimum_hold"": 44.0, ""pnl"": -0.6370967630293065, ""profit_factor"": 0.0, ""put_rate"": 1.0, ""trades"": 1, ""win_rate"": 0.0}}"
development,202304,SPXW,X1,lightgbm_quantile_distribution_utility_v1,90,10,0.3507262568114612,0.06648191791669567,False,23,7,-0.6370967630293065,0.0,0.0,1,0.38450010079370944,1.310808426767653,"{""202301"": {""call_rate"": 0.0, ""max_drawdown"": -0.0, ""maximum_hold"": 65.0, ""minimum_hold"": 30.0, ""pnl"": 0.7005441442973475, ""profit_factor"": Infinity, ""put_rate"": 1.0, ""trades"": 3, ""win_rate"": 1.0}, ""202302"": {""call_rate"": 0.6666666666666666, ""max_drawdown"": 0.6000000068119594, ""maximum_hold"": 50.0, ""minimum_hold"": 38.0, ""pnl"": 0.3210527195256684, ""profit_factor"": 1.5350878598011193, ""put_rate"": 0.3333333333333333, ""trades"": 3, ""win_rate"": 0.6666666666666666}, ""202303"": {""call_rate"": 0.0, ""max_drawdown"": 0.6370967630293065, ""maximum_hold"": 44.0, ""minimum_hold"": 44.0, ""pnl"": -0.6370967630293065, ""profit_factor"": 0.0, ""put_rate"": 1.0, ""trades"": 1, ""win_rate"": 0.0}}"
development,202304,SPXW,X1,lightgbm_quantile_distribution_utility_v1,90,20,0.3507262568114612,0.1331889120505271,False,23,7,-0.6370967630293065,0.0,0.0,1,0.38450010079370944,1.310808426767653,"{""202301"": {""call_rate"": 0.0, ""max_drawdown"": -0.0, ""maximum_hold"": 65.0, ""minimum_hold"": 30.0, ""pnl"": 0.7005441442973475, ""profit_factor"": Infinity, ""put_rate"": 1.0, ""trades"": 3, ""win_rate"": 1.0}, ""202302"": {""call_rate"": 0.6666666666666666, ""max_drawdown"": 0.6000000068119594, ""maximum_hold"": 50.0, ""minimum_hold"": 38.0, ""pnl"": 0.3210527195256684, ""profit_factor"": 1.5350878598011193, ""put_rate"": 0.3333333333333333, ""trades"": 3, ""win_rate"": 0.6666666666666666}, ""202303"": {""call_rate"": 0.0, ""max_drawdown"": 0.6370967630293065, ""maximum_hold"": 44.0, ""minimum_hold"": 44.0, ""pnl"": -0.6370967630293065, ""profit_factor"": 0.0, ""put_rate"": 1.0, ""trades"": 1, ""win_rate"": 0.0}}"
development,202304,SPXW,X1,lightgbm_quantile_distribution_utility_v1,90,30,0.3507262568114612,0.19960867925819373,False,23,7,-0.6370967630293065,0.0,0.0,1,0.38450010079370944,1.310808426767653,"{""202301"": {""call_rate"": 0.0, ""max_drawdown"": -0.0, ""maximum_hold"": 65.0, ""minimum_hold"": 30.0, ""pnl"": 0.7005441442973475, ""profit_factor"": Infinity, ""put_rate"": 1.0, ""trades"": 3, ""win_rate"": 1.0}, ""202302"": {""call_rate"": 0.6666666666666666, ""max_drawdown"": 0.6000000068119594, ""maximum_hold"": 50.0, ""minimum_hold"": 38.0, ""pnl"": 0.3210527195256684, ""profit_factor"": 1.5350878598011193, ""put_rate"": 0.3333333333333333, ""trades"": 3, ""win_rate"": 0.6666666666666666}, ""202303"": {""call_rate"": 0.0, ""max_drawdown"": 0.6370967630293065, ""maximum_hold"": 44.0, ""minimum_hold"": 44.0, ""pnl"": -0.6370967630293065, ""profit_factor"": 0.0, ""put_rate"": 1.0, ""trades"": 1, ""win_rate"": 0.0}}"
development,202304,SPXW,X1,lightgbm_quantile_distribution_utility_v1,90,40,0.3507262568114612,0.26733805803833033,False,23,7,-0.6370967630293065,0.0,0.0,1,0.38450010079370944,1.310808426767653,"{""202301"": {""call_rate"": 0.0, ""max_drawdown"": -0.0, ""maximum_hold"": 65.0, ""minimum_hold"": 30.0, ""pnl"": 0.7005441442973475, ""profit_factor"": Infinity, ""put_rate"": 1.0, ""trades"": 3, ""win_rate"": 1.0}, ""202302"": {""call_rate"": 0.6666666666666666, ""max_drawdown"": 0.6000000068119594, ""maximum_hold"": 50.0, ""minimum_hold"": 38.0, ""pnl"": 0.3210527195256684, ""profit_factor"": 1.5350878598011193, ""put_rate"": 0.3333333333333333, ""trades"": 3, ""win_rate"": 0.6666666666666666}, ""202303"": {""call_rate"": 0.0, ""max_drawdown"": 0.6370967630293065, ""maximum_hold"": 44.0, ""minimum_hold"": 44.0, ""pnl"": -0.6370967630293065, ""profit_factor"": 0.0, ""put_rate"": 1.0, ""trades"": 1, ""win_rate"": 0.0}}"
development,202304,SPXW,X1,lightgbm_quantile_distribution_utility_v1,90,50,0.3507262568114612,0.33776177420424763,False,23,7,-0.6370967630293065,0.0,0.0,1,0.38450010079370944,1.310808426767653,"{""202301"": {""call_rate"": 0.0, ""max_drawdown"": -0.0, ""maximum_hold"": 65.0, ""minimum_hold"": 30.0, ""pnl"": 0.7005441442973475, ""profit_factor"": Infinity, ""put_rate"": 1.0, ""trades"": 3, ""win_rate"": 1.0}, ""202302"": {""call_rate"": 0.6666666666666666, ""max_drawdown"": 0.6000000068119594, ""maximum_hold"": 50.0, ""minimum_hold"": 38.0, ""pnl"": 0.3210527195256684, ""profit_factor"": 1.5350878598011193, ""put_rate"": 0.3333333333333333, ""trades"": 3, ""win_rate"": 0.6666666666666666}, ""202303"": {""call_rate"": 0.0, ""max_drawdown"": 0.6370967630293065, ""maximum_hold"": 44.0, ""minimum_hold"": 44.0, ""pnl"": -0.6370967630293065, ""profit_factor"": 0.0, ""put_rate"": 1.0, ""trades"": 1, ""win_rate"": 0.0}}"
development,202304,SPXW,X1,lightgbm_quantile_distribution_utility_v1,95,0,0.4859191673358293,5.385276490446622e-05,False,5,3,-0.3906977792284613,0.0,0.0,0,-0.13428752908825292,0.7761874540605818,"{""202301"": {""call_rate"": 0.0, ""max_drawdown"": -0.0, ""maximum_hold"": 35.0, ""minimum_hold"": 35.0, ""pnl"": 0.25641025014020835, ""profit_factor"": Infinity, ""put_rate"": 1.0, ""trades"": 1, ""win_rate"": 1.0}, ""202302"": {""call_rate"": 1.0, ""max_drawdown"": 0.6000000068119594, ""maximum_hold"": 38.0, ""minimum_hold"": 31.0, ""pnl"": -0.3906977792284613, ""profit_factor"": 0.3488370420120573, ""put_rate"": 0.0, ""trades"": 2, ""win_rate"": 0.5}, ""202303"": {""call_rate"": 0.0, ""max_drawdown"": 0.0, ""maximum_hold"": NaN, ""minimum_hold"": NaN, ""pnl"": 0.0, ""profit_factor"": 0.0, ""put_rate"": 0.0, ""trades"": 0, ""win_rate"": 0.0}}"
development,202304,SPXW,X1,lightgbm_quantile_distribution_utility_v1,95,10,0.4859191673358293,0.06648191791669567,False,5,3,-0.3906977792284613,0.0,0.0,0,-0.13428752908825292,0.7761874540605818,"{""202301"": {""call_rate"": 0.0, ""max_drawdown"": -0.0, ""maximum_hold"": 35.0, ""minimum_hold"": 35.0, ""pnl"": 0.25641025014020835, ""profit_factor"": Infinity, ""put_rate"": 1.0, ""trades"": 1, ""win_rate"": 1.0}, ""202302"": {""call_rate"": 1.0, ""max_drawdown"": 0.6000000068119594, ""maximum_hold"": 38.0, ""minimum_hold"": 31.0, ""pnl"": -0.3906977792284613, ""profit_factor"": 0.3488370420120573, ""put_rate"": 0.0, ""trades"": 2, ""win_rate"": 0.5}, ""202303"": {""call_rate"": 0.0, ""max_drawdown"": 0.0, ""maximum_hold"": NaN, ""minimum_hold"": NaN, ""pnl"": 0.0, ""profit_factor"": 0.0, ""put_rate"": 0.0, ""trades"": 0, ""win_rate"": 0.0}}"
development,202304,SPXW,X1,lightgbm_quantile_distribution_utility_v1,95,20,0.4859191673358293,0.1331889120505271,False,5,3,-0.3906977792284613,0.0,0.0,0,-0.13428752908825292,0.7761874540605818,"{""202301"": {""call_rate"": 0.0, ""max_drawdown"": -0.0, ""maximum_hold"": 35.0, ""minimum_hold"": 35.0, ""pnl"": 0.25641025014020835, ""profit_factor"": Infinity, ""put_rate"": 1.0, ""trades"": 1, ""win_rate"": 1.0}, ""202302"": {""call_rate"": 1.0, ""max_drawdown"": 0.6000000068119594, ""maximum_hold"": 38.0, ""minimum_hold"": 31.0, ""pnl"": -0.3906977792284613, ""profit_factor"": 0.3488370420120573, ""put_rate"": 0.0, ""trades"": 2, ""win_rate"": 0.5}, ""202303"": {""call_rate"": 0.0, ""max_drawdown"": 0.0, ""maximum_hold"": NaN, ""minimum_hold"": NaN, ""pnl"": 0.0, ""profit_factor"": 0.0, ""put_rate"": 0.0, ""trades"": 0, ""win_rate"": 0.0}}"
development,202304,SPXW,X1,lightgbm_quantile_distribution_utility_v1,95,30,0.4859191673358293,0.19960867925819373,False,5,3,-0.3906977792284613,0.0,0.0,0,-0.13428752908825292,0.7761874540605818,"{""202301"": {""call_rate"": 0.0, ""max_drawdown"": -0.0, ""maximum_hold"": 35.0, ""minimum_hold"": 35.0, ""pnl"": 0.25641025014020835, ""profit_factor"": Infinity, ""put_rate"": 1.0, ""trades"": 1, ""win_rate"": 1.0}, ""202302"": {""call_rate"": 1.0, ""max_drawdown"": 0.6000000068119594, ""maximum_hold"": 38.0, ""minimum_hold"": 31.0, ""pnl"": -0.3906977792284613, ""profit_factor"": 0.3488370420120573, ""put_rate"": 0.0, ""trades"": 2, ""win_rate"": 0.5}, ""202303"": {""call_rate"": 0.0, ""max_drawdown"": 0.0, ""maximum_hold"": NaN, ""minimum_hold"": NaN, ""pnl"": 0.0, ""profit_factor"": 0.0, ""put_rate"": 0.0, ""trades"": 0, ""win_rate"": 0.0}}"
development,202304,SPXW,X1,lightgbm_quantile_distribution_utility_v1,95,40,0.4859191673358293,0.26733805803833033,False,5,3,-0.3906977792284613,0.0,0.0,0,-0.13428752908825292,0.7761874540605818,"{""202301"": {""call_rate"": 0.0, ""max_drawdown"": -0.0, ""maximum_hold"": 35.0, ""minimum_hold"": 35.0, ""pnl"": 0.25641025014020835, ""profit_factor"": Infinity, ""put_rate"": 1.0, ""trades"": 1, ""win_rate"": 1.0}, ""202302"": {""call_rate"": 1.0, ""max_drawdown"": 0.6000000068119594, ""maximum_hold"": 38.0, ""minimum_hold"": 31.0, ""pnl"": -0.3906977792284613, ""profit_factor"": 0.3488370420120573, ""put_rate"": 0.0, ""trades"": 2, ""win_rate"": 0.5}, ""202303"": {""call_rate"": 0.0, ""max_drawdown"": 0.0, ""maximum_hold"": NaN, ""minimum_hold"": NaN, ""pnl"": 0.0, ""profit_factor"": 0.0, ""put_rate"": 0.0, ""trades"": 0, ""win_rate"": 0.0}}"
development,202304,SPXW,X1,lightgbm_quantile_distribution_utility_v1,95,50,0.4859191673358293,0.33776177420424763,False,5,3,-0.3906977792284613,0.0,0.0,0,-0.13428752908825292,0.7761874540605818,"{""202301"": {""call_rate"": 0.0, ""max_drawdown"": -0.0, ""maximum_hold"": 35.0, ""minimum_hold"": 35.0, ""pnl"": 0.25641025014020835, ""profit_factor"": Infinity, ""put_rate"": 1.0, ""trades"": 1, ""win_rate"": 1.0}, ""202302"": {""call_rate"": 1.0, ""max_drawdown"": 0.6000000068119594, ""maximum_hold"": 38.0, ""minimum_hold"": 31.0, ""pnl"": -0.3906977792284613, ""profit_factor"": 0.3488370420120573, ""put_rate"": 0.0, ""trades"": 2, ""win_rate"": 0.5}, ""202303"": {""call_rate"": 0.0, ""max_drawdown"": 0.0, ""maximum_hold"": NaN, ""minimum_hold"": NaN, ""pnl"": 0.0, ""profit_factor"": 0.0, ""put_rate"": 0.0, ""trades"": 0, ""win_rate"": 0.0}}"
