ticker,date,month,time,minute,expiry_mode,action,score,pred_call_return,pred_put_return,call_return,put_return,realized_return,deploy_config,test_month,entry_minute,static_source,static_source_file,static_source_priority,static_union_max_day,static_union_cooldown_minutes,static_union_count_before
SPY,20260102,202601,13:45,825,zero_dte,PUT,0.6378459266204837,0.1341610775202128,0.6378459266204837,-0.3,0.5,0.5,thr0.564_maxday2,202601,825,ptdj,research_papers\JEPA\results\event_option_gate_spy_mixed_delta35_win_ptdj_2025h2_2026\event_option_gate_trades.csv,0,999,0,0
SPY,20260102,202601,14:15,855,zero_dte,PUT,0.6013184545113068,0.1740912983636138,0.6013184545113068,-0.3,-0.3,-0.3,thr0.564_maxday2,202601,855,ptdj,research_papers\JEPA\results\event_option_gate_spy_mixed_delta35_win_ptdj_2025h2_2026\event_option_gate_trades.csv,0,999,0,1
SPY,20260105,202601,15:00,900,zero_dte,CALL,0.5830092325889045,0.5830092325889045,0.2407961819695546,0.5,-0.3,0.5,thr0.564_maxday2,202601,900,ptdj,research_papers\JEPA\results\event_option_gate_spy_mixed_delta35_win_ptdj_2025h2_2026\event_option_gate_trades.csv,0,999,0,0
SPY,20260106,202601,11:15,675,front_weekly,CALL,0.6372455674465932,0.6372455674465932,0.2953774118570708,0.5,-0.3,0.5,thr0.564_maxday2,202601,675,ptdj,research_papers\JEPA\results\event_option_gate_spy_mixed_delta35_win_ptdj_2025h2_2026\event_option_gate_trades.csv,0,999,0,0
SPY,20260106,202601,11:45,705,front_weekly,CALL,0.6119772528055034,0.6119772528055034,0.2686985236818358,0.5,-0.3,0.5,thr0.564_maxday2,202601,705,ptdj,research_papers\JEPA\results\event_option_gate_spy_mixed_delta35_win_ptdj_2025h2_2026\event_option_gate_trades.csv,0,999,0,1
SPY,20260107,202601,10:30,630,front_weekly,PUT,0.6309442148280637,0.2153632635710881,0.6309442148280637,0.5,-0.3,-0.3,thr0.564_maxday2,202601,630,ptdj,research_papers\JEPA\results\event_option_gate_spy_mixed_delta35_win_ptdj_2025h2_2026\event_option_gate_trades.csv,0,999,0,0
SPY,20260107,202601,13:45,825,front_weekly,PUT,0.66034603364384,0.1711308073034794,0.66034603364384,-0.3,0.5,0.5,thr0.564_maxday2,202601,825,ptdj,research_papers\JEPA\results\event_option_gate_spy_mixed_delta35_win_ptdj_2025h2_2026\event_option_gate_trades.csv,0,999,0,1
SPY,20260108,202601,11:00,660,front_weekly,CALL,0.6142825488435762,0.6142825488435762,0.2300293879708258,-0.3,0.3708608916002291,-0.3,thr0.564_maxday2,202601,660,ptdj,research_papers\JEPA\results\event_option_gate_spy_mixed_delta35_win_ptdj_2025h2_2026\event_option_gate_trades.csv,0,999,0,0
SPY,20260108,202601,14:00,840,front_weekly,CALL,0.5743252457007031,0.5743252457007031,0.128317594603661,0.0067567502259338,-0.3,0.0067567502259338,thr0.564_maxday2,202601,840,ptdj,research_papers\JEPA\results\event_option_gate_spy_mixed_delta35_win_ptdj_2025h2_2026\event_option_gate_trades.csv,0,999,0,1
SPY,20260112,202601,11:30,690,zero_dte,PUT,0.788425115700089,0.1042477926404955,0.788425115700089,-0.3,-0.3,-0.3,thr0.564_maxday2,202601,690,ptdj,research_papers\JEPA\results\event_option_gate_spy_mixed_delta35_win_ptdj_2025h2_2026\event_option_gate_trades.csv,0,999,0,0
SPY,20260112,202601,12:45,765,zero_dte,PUT,0.6141698327544731,0.1687951685468447,0.6141698327544731,0.5,-0.3,-0.3,thr0.564_maxday2,202601,765,ptdj,research_papers\JEPA\results\event_option_gate_spy_mixed_delta35_win_ptdj_2025h2_2026\event_option_gate_trades.csv,0,999,0,1
SPY,20260113,202601,13:15,795,zero_dte,PUT,0.5841458791224862,0.296123040856157,0.5841458791224862,-0.3,0.5,0.5,thr0.564_maxday2,202601,795,ptdj,research_papers\JEPA\results\event_option_gate_spy_mixed_delta35_win_ptdj_2025h2_2026\event_option_gate_trades.csv,0,999,0,0
SPY,20260113,202601,14:45,885,zero_dte,PUT,0.6117887315357856,0.1873379788393062,0.6117887315357856,-0.3,0.5,0.5,thr0.564_maxday2,202601,885,ptdj,research_papers\JEPA\results\event_option_gate_spy_mixed_delta35_win_ptdj_2025h2_2026\event_option_gate_trades.csv,0,999,0,1
SPY,20260114,202601,11:15,675,front_weekly,PUT,0.5710391380100848,0.3797516073296777,0.5710391380100848,-0.0285714013235909,-0.3,-0.3,thr0.564_maxday2,202601,675,ptdj,research_papers\JEPA\results\event_option_gate_spy_mixed_delta35_win_ptdj_2025h2_2026\event_option_gate_trades.csv,0,999,0,0
SPY,20260114,202601,12:15,735,front_weekly,PUT,0.6023988432796671,0.1496706692997528,0.6023988432796671,0.5,-0.3,-0.3,thr0.564_maxday2,202601,735,ptdj,research_papers\JEPA\results\event_option_gate_spy_mixed_delta35_win_ptdj_2025h2_2026\event_option_gate_trades.csv,0,999,0,1
SPY,20260115,202601,15:15,915,front_weekly,CALL,0.5657596662367835,0.5657596662367835,0.2706847697939453,-0.3,0.0087719215690702,-0.3,thr0.564_maxday2,202601,915,ptdj,research_papers\JEPA\results\event_option_gate_spy_mixed_delta35_win_ptdj_2025h2_2026\event_option_gate_trades.csv,0,999,0,0
SPY,20260120,202601,10:30,630,zero_dte,PUT,0.8137032265597929,0.1078376881748907,0.8137032265597929,-0.3,-0.3,-0.3,thr0.564_maxday2,202601,630,ptdj,research_papers\JEPA\results\event_option_gate_spy_mixed_delta35_win_ptdj_2025h2_2026\event_option_gate_trades.csv,0,999,0,0
SPY,20260120,202601,11:00,660,zero_dte,PUT,0.6343076717868001,0.1602653792927844,0.6343076717868001,-0.3,0.5,0.5,thr0.564_maxday2,202601,660,ptdj,research_papers\JEPA\results\event_option_gate_spy_mixed_delta35_win_ptdj_2025h2_2026\event_option_gate_trades.csv,0,999,0,1
SPY,20260121,202601,10:45,645,zero_dte,PUT,0.7043676823755339,0.1625597302436661,0.7043676823755339,-0.3,0.5,0.5,thr0.564_maxday2,202601,645,ptdj,research_papers\JEPA\results\event_option_gate_spy_mixed_delta35_win_ptdj_2025h2_2026\event_option_gate_trades.csv,0,999,0,0
SPY,20260121,202601,14:15,855,zero_dte,PUT,0.5703436406660156,0.2078895284134496,0.5703436406660156,0.5,-0.3,-0.3,thr0.564_maxday2,202601,855,ptdj,research_papers\JEPA\results\event_option_gate_spy_mixed_delta35_win_ptdj_2025h2_2026\event_option_gate_trades.csv,0,999,0,1
SPY,20260122,202601,15:00,900,front_weekly,CALL,0.6857923860666062,0.6857923860666062,0.212366523257001,-0.3,-0.1607142914162606,-0.3,thr0.564_maxday2,202601,900,ptdj,research_papers\JEPA\results\event_option_gate_spy_mixed_delta35_win_ptdj_2025h2_2026\event_option_gate_trades.csv,0,999,0,0
SPY,20260126,202601,10:30,630,front_weekly,CALL,0.8544818456782183,0.8544818456782183,0.2908274010219166,0.1936937212682794,-0.2052238576925796,0.1936937212682794,thr0.564_maxday2,202601,630,ptdj,research_papers\JEPA\results\event_option_gate_spy_mixed_delta35_win_ptdj_2025h2_2026\event_option_gate_trades.csv,0,999,0,0
SPY,20260126,202601,11:00,660,front_weekly,CALL,0.875042402466845,0.875042402466845,0.1941867155609111,0.0436681854659199,-0.1107142671638602,0.0436681854659199,thr0.564_maxday2,202601,660,ptdj,research_papers\JEPA\results\event_option_gate_spy_mixed_delta35_win_ptdj_2025h2_2026\event_option_gate_trades.csv,0,999,0,1
SPY,20260128,202601,10:30,630,zero_dte,PUT,0.6507254841777955,0.1884835987596276,0.6507254841777955,-0.3,0.5,0.5,thr0.564_maxday2,202601,630,ptdj,research_papers\JEPA\results\event_option_gate_spy_mixed_delta35_win_ptdj_2025h2_2026\event_option_gate_trades.csv,0,999,0,0
SPY,20260128,202601,11:00,660,zero_dte,PUT,0.5822453785251743,0.06515648923664,0.5822453785251743,-0.3,-0.1009174412262676,-0.1009174412262676,thr0.564_maxday2,202601,660,ptdj,research_papers\JEPA\results\event_option_gate_spy_mixed_delta35_win_ptdj_2025h2_2026\event_option_gate_trades.csv,0,999,0,1
SPY,20260129,202601,10:30,630,zero_dte,PUT,0.8428649196407835,0.1221945383303124,0.8428649196407835,-0.3,0.5,0.5,thr0.564_maxday2,202601,630,ptdj,research_papers\JEPA\results\event_option_gate_spy_mixed_delta35_win_ptdj_2025h2_2026\event_option_gate_trades.csv,0,999,0,0
SPY,20260129,202601,11:00,660,zero_dte,PUT,0.8344938811742905,0.0939433945906867,0.8344938811742905,0.5,-0.3,-0.3,thr0.564_maxday2,202601,660,ptdj,research_papers\JEPA\results\event_option_gate_spy_mixed_delta35_win_ptdj_2025h2_2026\event_option_gate_trades.csv,0,999,0,1
SPY,20260130,202601,10:30,630,front_weekly,PUT,0.5747715500733599,0.2013499824780542,0.5747715500733599,-0.3,0.1937984553432747,0.1937984553432747,thr0.564_maxday2,202601,630,ptdj,research_papers\JEPA\results\event_option_gate_spy_mixed_delta35_win_ptdj_2025h2_2026\event_option_gate_trades.csv,0,999,0,0
SPY,20260130,202601,14:30,870,front_weekly,CALL,0.5668888553007644,0.5668888553007644,0.4591807864147575,0.0689654492027858,-0.0680628259180472,0.0689654492027858,thr0.564_maxday2,202601,870,ptdj,research_papers\JEPA\results\event_option_gate_spy_mixed_delta35_win_ptdj_2025h2_2026\event_option_gate_trades.csv,0,999,0,1
SPY,20260204,202602,11:00,660,zero_dte,PUT,0.6546522421644593,0.2355357494690188,0.6546522421644593,-0.3,0.5,0.5,thr0.606_maxday4,202602,660,ptdj,research_papers\JEPA\results\event_option_gate_spy_mixed_delta35_win_ptdj_2025h2_2026\event_option_gate_trades.csv,0,999,0,0
SPY,20260204,202602,11:30,690,zero_dte,PUT,0.6868082574679569,0.185750941899425,0.6868082574679569,-0.3,0.5,0.5,thr0.606_maxday4,202602,690,ptdj,research_papers\JEPA\results\event_option_gate_spy_mixed_delta35_win_ptdj_2025h2_2026\event_option_gate_trades.csv,0,999,0,1
SPY,20260204,202602,12:15,735,zero_dte,PUT,0.6645427981591863,0.1974352899909032,0.6645427981591863,-0.3,0.5,0.5,thr0.606_maxday4,202602,735,ptdj,research_papers\JEPA\results\event_option_gate_spy_mixed_delta35_win_ptdj_2025h2_2026\event_option_gate_trades.csv,0,999,0,2
SPY,20260204,202602,13:15,795,zero_dte,PUT,0.6390975858852452,0.119192823746652,0.6390975858852452,0.5,-0.3,-0.3,thr0.606_maxday4,202602,795,ptdj,research_papers\JEPA\results\event_option_gate_spy_mixed_delta35_win_ptdj_2025h2_2026\event_option_gate_trades.csv,0,999,0,3
SPY,20260205,202602,10:30,630,zero_dte,PUT,0.7654896163179772,0.1547252239438775,0.7654896163179772,-0.3,-0.3,-0.3,thr0.606_maxday4,202602,630,ptdj,research_papers\JEPA\results\event_option_gate_spy_mixed_delta35_win_ptdj_2025h2_2026\event_option_gate_trades.csv,0,999,0,0
SPY,20260205,202602,11:15,675,zero_dte,PUT,0.8470358277751475,0.1855120280066462,0.8470358277751475,0.5,-0.3,-0.3,thr0.606_maxday4,202602,675,ptdj,research_papers\JEPA\results\event_option_gate_spy_mixed_delta35_win_ptdj_2025h2_2026\event_option_gate_trades.csv,0,999,0,1
SPY,20260205,202602,15:30,930,zero_dte,PUT,0.7433784070258034,0.1975931388844383,0.7433784070258034,-0.3,0.5,0.5,thr0.606_maxday4,202602,930,ptdj,research_papers\JEPA\results\event_option_gate_spy_mixed_delta35_win_ptdj_2025h2_2026\event_option_gate_trades.csv,0,999,0,2
SPY,20260209,202602,11:00,660,front_weekly,CALL,0.632981882016576,0.632981882016576,0.0868220177762711,-0.0466925636872167,-0.1071428419375903,-0.0466925636872167,thr0.606_maxday4,202602,660,ptdj,research_papers\JEPA\results\event_option_gate_spy_mixed_delta35_win_ptdj_2025h2_2026\event_option_gate_trades.csv,0,999,0,0
SPY,20260210,202602,11:00,660,front_weekly,PUT,0.6127440915906245,0.5571101018294912,0.6127440915906245,-0.3,0.2435644097239844,0.2435644097239844,thr0.606_maxday4,202602,660,ptdj,research_papers\JEPA\results\event_option_gate_spy_mixed_delta35_win_ptdj_2025h2_2026\event_option_gate_trades.csv,0,999,0,0
SPY,20260210,202602,12:00,720,front_weekly,PUT,0.6455468228438916,0.3181815800827346,0.6455468228438916,-0.2399999830457899,0.1124744254636498,0.1124744254636498,thr0.606_maxday4,202602,720,ptdj,research_papers\JEPA\results\event_option_gate_spy_mixed_delta35_win_ptdj_2025h2_2026\event_option_gate_trades.csv,0,999,0,1
SPY,20260210,202602,12:30,750,front_weekly,PUT,0.6298425719871823,0.2622538743381487,0.6298425719871823,-0.3,0.2753036675630369,0.2753036675630369,thr0.606_maxday4,202602,750,ptdj,research_papers\JEPA\results\event_option_gate_spy_mixed_delta35_win_ptdj_2025h2_2026\event_option_gate_trades.csv,0,999,0,2
SPY,20260210,202602,13:00,780,front_weekly,PUT,0.611783008023359,0.4723674283749515,0.611783008023359,-0.3,0.5,0.5,thr0.606_maxday4,202602,780,ptdj,research_papers\JEPA\results\event_option_gate_spy_mixed_delta35_win_ptdj_2025h2_2026\event_option_gate_trades.csv,0,999,0,3
SPY,20260212,202602,10:30,630,zero_dte,PUT,0.8334757320189201,0.1115895849203545,0.8334757320189201,-0.3,0.5,0.5,thr0.606_maxday4,202602,630,ptdj,research_papers\JEPA\results\event_option_gate_spy_mixed_delta35_win_ptdj_2025h2_2026\event_option_gate_trades.csv,0,999,0,0
SPY,20260217,202602,12:15,735,front_weekly,CALL,0.6388141274084748,0.6388141274084748,0.4310857998711401,0.1766666571299235,-0.3,0.1766666571299235,thr0.606_maxday4,202602,735,ptdj,research_papers\JEPA\results\event_option_gate_spy_mixed_delta35_win_ptdj_2025h2_2026\event_option_gate_trades.csv,0,999,0,0
SPY,20260217,202602,14:45,885,front_weekly,CALL,0.620702086344427,0.620702086344427,0.5332301260719732,-0.3,0.1699346374674024,-0.3,thr0.606_maxday4,202602,885,ptdj,research_papers\JEPA\results\event_option_gate_spy_mixed_delta35_win_ptdj_2025h2_2026\event_option_gate_trades.csv,0,999,0,1
SPY,20260218,202602,10:30,630,front_weekly,PUT,0.7676050609398994,0.0935759955168211,0.7676050609398994,-0.1042653650894843,-0.0894309045523216,-0.0894309045523216,thr0.606_maxday4,202602,630,ptdj,research_papers\JEPA\results\event_option_gate_spy_mixed_delta35_win_ptdj_2025h2_2026\event_option_gate_trades.csv,0,999,0,0
SPY,20260218,202602,11:45,705,front_weekly,PUT,0.6925999650041744,0.3407863541819837,0.6925999650041744,-0.3,0.5,0.5,thr0.606_maxday4,202602,705,ptdj,research_papers\JEPA\results\event_option_gate_spy_mixed_delta35_win_ptdj_2025h2_2026\event_option_gate_trades.csv,0,999,0,1
SPY,20260218,202602,13:00,780,front_weekly,PUT,0.6259657614194304,0.2601294487992259,0.6259657614194304,-0.3,0.5,0.5,thr0.606_maxday4,202602,780,ptdj,research_papers\JEPA\results\event_option_gate_spy_mixed_delta35_win_ptdj_2025h2_2026\event_option_gate_trades.csv,0,999,0,2
SPY,20260218,202602,13:30,810,front_weekly,PUT,0.6840361876748685,0.1357112057673086,0.6840361876748685,-0.3,0.5,0.5,thr0.606_maxday4,202602,810,ptdj,research_papers\JEPA\results\event_option_gate_spy_mixed_delta35_win_ptdj_2025h2_2026\event_option_gate_trades.csv,0,999,0,3
SPY,20260219,202602,10:45,645,front_weekly,PUT,0.6570877144492461,0.1236956391898956,0.6570877144492461,-0.3,0.5,0.5,thr0.606_maxday4,202602,645,ptdj,research_papers\JEPA\results\event_option_gate_spy_mixed_delta35_win_ptdj_2025h2_2026\event_option_gate_trades.csv,0,999,0,0
SPY,20260219,202602,12:45,765,front_weekly,PUT,0.6996013398048778,0.2243891563155492,0.6996013398048778,-0.1351351656123088,-0.0558140086766616,-0.0558140086766616,thr0.606_maxday4,202602,765,ptdj,research_papers\JEPA\results\event_option_gate_spy_mixed_delta35_win_ptdj_2025h2_2026\event_option_gate_trades.csv,0,999,0,1
SPY,20260219,202602,13:30,810,front_weekly,PUT,0.6319359070641987,0.1049634891172172,0.6319359070641987,0.25,-0.3,-0.3,thr0.606_maxday4,202602,810,ptdj,research_papers\JEPA\results\event_option_gate_spy_mixed_delta35_win_ptdj_2025h2_2026\event_option_gate_trades.csv,0,999,0,2
SPY,20260219,202602,14:45,885,front_weekly,PUT,0.611529899858924,0.3463195667212383,0.611529899858924,0.3265305377701246,-0.3,-0.3,thr0.606_maxday4,202602,885,ptdj,research_papers\JEPA\results\event_option_gate_spy_mixed_delta35_win_ptdj_2025h2_2026\event_option_gate_trades.csv,0,999,0,3
SPY,20260223,202602,15:00,900,zero_dte,PUT,0.6824380542744175,0.222899598629305,0.6824380542744175,-0.3,0.5,0.5,thr0.606_maxday4,202602,900,ptdj,research_papers\JEPA\results\event_option_gate_spy_mixed_delta35_win_ptdj_2025h2_2026\event_option_gate_trades.csv,0,999,0,0
SPY,20260225,202602,10:30,630,front_weekly,PUT,0.8215863351929914,0.2002467425851357,0.8215863351929914,0.2315789176486531,-0.2320000171661377,-0.2320000171661377,thr0.606_maxday4,202602,630,ptdj,research_papers\JEPA\results\event_option_gate_spy_mixed_delta35_win_ptdj_2025h2_2026\event_option_gate_trades.csv,0,999,0,0
SPY,20260225,202602,11:15,675,front_weekly,PUT,0.7378261169428356,0.3380984321137794,0.7378261169428356,0.3532608501993419,-0.27459018876302,-0.27459018876302,thr0.606_maxday4,202602,675,ptdj,research_papers\JEPA\results\event_option_gate_spy_mixed_delta35_win_ptdj_2025h2_2026\event_option_gate_trades.csv,0,999,0,1
SPY,20260226,202602,10:30,630,front_weekly,PUT,0.822710740792166,0.0892736731925089,0.822710740792166,0.5,-0.3,-0.3,thr0.606_maxday4,202602,630,ptdj,research_papers\JEPA\results\event_option_gate_spy_mixed_delta35_win_ptdj_2025h2_2026\event_option_gate_trades.csv,0,999,0,0
SPY,20260226,202602,11:45,705,front_weekly,PUT,0.727417266417751,0.1003250340481482,0.727417266417751,-0.3,-0.3,-0.3,thr0.606_maxday4,202602,705,ptdj,research_papers\JEPA\results\event_option_gate_spy_mixed_delta35_win_ptdj_2025h2_2026\event_option_gate_trades.csv,0,999,0,1
SPY,20260226,202602,12:15,735,front_weekly,PUT,0.6975627493076271,0.1234668222744274,0.6975627493076271,0.5,-0.3,-0.3,thr0.606_maxday4,202602,735,ptdj,research_papers\JEPA\results\event_option_gate_spy_mixed_delta35_win_ptdj_2025h2_2026\event_option_gate_trades.csv,0,999,0,2
SPY,20260226,202602,12:45,765,front_weekly,PUT,0.8038308700459796,0.1163888280819395,0.8038308700459796,0.5,-0.3,-0.3,thr0.606_maxday4,202602,765,ptdj,research_papers\JEPA\results\event_option_gate_spy_mixed_delta35_win_ptdj_2025h2_2026\event_option_gate_trades.csv,0,999,0,3
SPY,20260302,202603,14:00,840,zero_dte,CALL,0.6185313720982581,0.6185313720982581,0.220130330803115,0.5,-0.3,0.5,thr0.515_maxday4,202603,840,ptdj,research_papers\JEPA\results\event_option_gate_spy_mixed_delta35_win_ptdj_2025h2_2026\event_option_gate_trades.csv,0,999,0,0
SPY,20260303,202603,10:30,630,zero_dte,PUT,0.5821851126848575,0.178940441673261,0.5821851126848575,0.5,-0.3,-0.3,thr0.515_maxday4,202603,630,ptdj,research_papers\JEPA\results\event_option_gate_spy_mixed_delta35_win_ptdj_2025h2_2026\event_option_gate_trades.csv,0,999,0,0
SPY,20260303,202603,12:15,735,zero_dte,CALL,0.6423809829376586,0.6423809829376586,0.3603795487188982,0.5,-0.3,0.5,thr0.515_maxday4,202603,735,ptdj,research_papers\JEPA\results\event_option_gate_spy_mixed_delta35_win_ptdj_2025h2_2026\event_option_gate_trades.csv,0,999,0,1
SPY,20260303,202603,13:15,795,zero_dte,PUT,0.5408196292838042,0.201181793036363,0.5408196292838042,0.5,-0.3,-0.3,thr0.515_maxday4,202603,795,ptdj,research_papers\JEPA\results\event_option_gate_spy_mixed_delta35_win_ptdj_2025h2_2026\event_option_gate_trades.csv,0,999,0,2
SPY,20260303,202603,14:30,870,zero_dte,CALL,0.5150282501880316,0.5150282501880316,0.1710472169277348,-0.3,0.5,-0.3,thr0.515_maxday4,202603,870,ptdj,research_papers\JEPA\results\event_option_gate_spy_mixed_delta35_win_ptdj_2025h2_2026\event_option_gate_trades.csv,0,999,0,3
SPY,20260304,202603,10:30,630,front_weekly,CALL,0.5460072761893716,0.5460072761893716,0.2761397159937442,-0.0240384394953229,-0.1619717653628668,-0.0240384394953229,thr0.515_maxday4,202603,630,ptdj,research_papers\JEPA\results\event_option_gate_spy_mixed_delta35_win_ptdj_2025h2_2026\event_option_gate_trades.csv,0,999,0,0
SPY,20260304,202603,11:15,675,front_weekly,CALL,0.6201489448271613,0.6201489448271613,0.2796336988057417,0.2692308662205793,-0.3,0.2692308662205793,thr0.515_maxday4,202603,675,ptdj,research_papers\JEPA\results\event_option_gate_spy_mixed_delta35_win_ptdj_2025h2_2026\event_option_gate_trades.csv,0,999,0,1
SPY,20260304,202603,11:45,705,front_weekly,PUT,0.5254555858633396,0.4233417469313416,0.5254555858633396,-0.0047846846286744,-0.1319999694824218,-0.1319999694824218,thr0.515_maxday4,202603,705,ptdj,research_papers\JEPA\results\event_option_gate_spy_mixed_delta35_win_ptdj_2025h2_2026\event_option_gate_trades.csv,0,999,0,2
SPY,20260304,202603,12:30,750,front_weekly,PUT,0.6232387642355729,0.3362994825553974,0.6232387642355729,0.129629611233135,-0.1902984991639781,-0.1902984991639781,thr0.515_maxday4,202603,750,ptdj,research_papers\JEPA\results\event_option_gate_spy_mixed_delta35_win_ptdj_2025h2_2026\event_option_gate_trades.csv,0,999,0,3
SPY,20260305,202603,10:30,630,front_weekly,PUT,0.6958222223092004,0.1810803543324232,0.6958222223092004,-0.3,-0.3,-0.3,thr0.515_maxday4,202603,630,ptdj,research_papers\JEPA\results\event_option_gate_spy_mixed_delta35_win_ptdj_2025h2_2026\event_option_gate_trades.csv,0,999,0,0
SPY,20260305,202603,11:00,660,front_weekly,PUT,0.5183994519636206,0.1950729605272061,0.5183994519636206,-0.3,0.5,0.5,thr0.515_maxday4,202603,660,ptdj,research_papers\JEPA\results\event_option_gate_spy_mixed_delta35_win_ptdj_2025h2_2026\event_option_gate_trades.csv,0,999,0,1
SPY,20260305,202603,11:30,690,front_weekly,PUT,0.5181368911031813,0.2412095516851723,0.5181368911031813,-0.3,-0.3,-0.3,thr0.515_maxday4,202603,690,ptdj,research_papers\JEPA\results\event_option_gate_spy_mixed_delta35_win_ptdj_2025h2_2026\event_option_gate_trades.csv,0,999,0,2
SPY,20260305,202603,12:15,735,front_weekly,PUT,0.5381870878789125,0.225981539371761,0.5381870878789125,-0.3,0.5,0.5,thr0.515_maxday4,202603,735,ptdj,research_papers\JEPA\results\event_option_gate_spy_mixed_delta35_win_ptdj_2025h2_2026\event_option_gate_trades.csv,0,999,0,3
SPY,20260306,202603,11:30,690,front_weekly,CALL,0.6173422030316553,0.6173422030316553,0.3603960698146938,0.0597519436087101,-0.0250000158945719,0.0597519436087101,thr0.515_maxday4,202603,690,ptdj,research_papers\JEPA\results\event_option_gate_spy_mixed_delta35_win_ptdj_2025h2_2026\event_option_gate_trades.csv,0,999,0,0
SPY,20260306,202603,12:30,750,front_weekly,CALL,0.6551725065926549,0.6551725065926549,0.2767403081500525,-0.0296827471091442,0.1566666762034099,-0.0296827471091442,thr0.515_maxday4,202603,750,ptdj,research_papers\JEPA\results\event_option_gate_spy_mixed_delta35_win_ptdj_2025h2_2026\event_option_gate_trades.csv,0,999,0,1
SPY,20260306,202603,14:00,840,front_weekly,CALL,0.5757144660806052,0.5757144660806052,0.5130598731201126,-0.0110865162300135,0.187290950165015,-0.0110865162300135,thr0.515_maxday4,202603,840,ptdj,research_papers\JEPA\results\event_option_gate_spy_mixed_delta35_win_ptdj_2025h2_2026\event_option_gate_trades.csv,0,999,0,2
SPY,20260306,202603,15:15,915,front_weekly,PUT,0.6153304795260757,0.4920972146319698,0.6153304795260757,-0.0132743757270908,0.1269840777265736,0.1269840777265736,thr0.515_maxday4,202603,915,ptdj,research_papers\JEPA\results\event_option_gate_spy_mixed_delta35_win_ptdj_2025h2_2026\event_option_gate_trades.csv,0,999,0,3
SPY,20260310,202603,11:45,705,zero_dte,PUT,0.5343499319139602,0.3046136045320286,0.5343499319139602,-0.3,0.5,0.5,thr0.515_maxday4,202603,705,ptdj,research_papers\JEPA\results\event_option_gate_spy_mixed_delta35_win_ptdj_2025h2_2026\event_option_gate_trades.csv,0,999,0,0
SPY,20260311,202603,11:45,705,zero_dte,PUT,0.6768490727820538,0.1964590361980542,0.6768490727820538,0.5,-0.3,-0.3,thr0.515_maxday4,202603,705,ptdj,research_papers\JEPA\results\event_option_gate_spy_mixed_delta35_win_ptdj_2025h2_2026\event_option_gate_trades.csv,0,999,0,0
SPY,20260311,202603,12:15,735,zero_dte,PUT,0.644800827074434,0.1147996751890729,0.644800827074434,0.5,-0.3,-0.3,thr0.515_maxday4,202603,735,ptdj,research_papers\JEPA\results\event_option_gate_spy_mixed_delta35_win_ptdj_2025h2_2026\event_option_gate_trades.csv,0,999,0,1
SPY,20260311,202603,12:45,765,zero_dte,PUT,0.5697261269420145,0.3262285177927101,0.5697261269420145,-0.3,-0.3,-0.3,thr0.515_maxday4,202603,765,ptdj,research_papers\JEPA\results\event_option_gate_spy_mixed_delta35_win_ptdj_2025h2_2026\event_option_gate_trades.csv,0,999,0,2
SPY,20260311,202603,15:15,915,zero_dte,PUT,0.5677452213684198,0.3646308446794362,0.5677452213684198,0.5,-0.3,-0.3,thr0.515_maxday4,202603,915,ptdj,research_papers\JEPA\results\event_option_gate_spy_mixed_delta35_win_ptdj_2025h2_2026\event_option_gate_trades.csv,0,999,0,3
SPY,20260312,202603,11:30,690,front_weekly,PUT,0.7007324444934308,0.2410214001595749,0.7007324444934308,-0.0946502110102481,-0.3,-0.3,thr0.515_maxday4,202603,690,ptdj,research_papers\JEPA\results\event_option_gate_spy_mixed_delta35_win_ptdj_2025h2_2026\event_option_gate_trades.csv,0,999,0,0
SPY,20260312,202603,12:45,765,front_weekly,CALL,0.6562501523889719,0.6562501523889719,0.433939986257116,-0.3,0.2730769477652384,-0.3,thr0.515_maxday4,202603,765,ptdj,research_papers\JEPA\results\event_option_gate_spy_mixed_delta35_win_ptdj_2025h2_2026\event_option_gate_trades.csv,0,999,0,1
SPY,20260312,202603,13:45,825,front_weekly,PUT,0.5996305658267628,0.4229521421061008,0.5996305658267628,-0.2633928709226298,0.3409962224812652,0.3409962224812652,thr0.515_maxday4,202603,825,ptdj,research_papers\JEPA\results\event_option_gate_spy_mixed_delta35_win_ptdj_2025h2_2026\event_option_gate_trades.csv,0,999,0,2
SPY,20260312,202603,14:45,885,front_weekly,CALL,0.606084116500144,0.606084116500144,0.4258801131750942,-0.2105262947754957,0.2622950210971124,-0.2105262947754957,thr0.515_maxday4,202603,885,ptdj,research_papers\JEPA\results\event_option_gate_spy_mixed_delta35_win_ptdj_2025h2_2026\event_option_gate_trades.csv,0,999,0,3
SPY,20260313,202603,10:30,630,front_weekly,CALL,0.7126703883560335,0.7126703883560335,0.1957082310621227,-0.3,0.5,-0.3,thr0.515_maxday4,202603,630,ptdj,research_papers\JEPA\results\event_option_gate_spy_mixed_delta35_win_ptdj_2025h2_2026\event_option_gate_trades.csv,0,999,0,0
SPY,20260313,202603,11:00,660,front_weekly,CALL,0.6993668739325395,0.6993668739325395,0.2094945756278116,-0.1673386930085867,0.1199999915228948,-0.1673386930085867,thr0.515_maxday4,202603,660,ptdj,research_papers\JEPA\results\event_option_gate_spy_mixed_delta35_win_ptdj_2025h2_2026\event_option_gate_trades.csv,0,999,0,1
SPY,20260313,202603,11:45,705,front_weekly,CALL,0.6351006040893731,0.6351006040893731,0.219586268314511,-0.0283400536161871,-0.0706767308704586,-0.0283400536161871,thr0.515_maxday4,202603,705,ptdj,research_papers\JEPA\results\event_option_gate_spy_mixed_delta35_win_ptdj_2025h2_2026\event_option_gate_trades.csv,0,999,0,2
SPY,20260313,202603,12:15,735,front_weekly,CALL,0.5805289780140933,0.5805289780140933,0.3207024133116826,-0.0578842716214837,-0.015243888034273,-0.0578842716214837,thr0.515_maxday4,202603,735,ptdj,research_papers\JEPA\results\event_option_gate_spy_mixed_delta35_win_ptdj_2025h2_2026\event_option_gate_trades.csv,0,999,0,3
SPY,20260317,202603,11:45,705,zero_dte,PUT,0.6229958522745517,0.3536325636548267,0.6229958522745517,-0.3,0.5,0.5,thr0.515_maxday4,202603,705,ptdj,research_papers\JEPA\results\event_option_gate_spy_mixed_delta35_win_ptdj_2025h2_2026\event_option_gate_trades.csv,0,999,0,0
SPY,20260317,202603,12:15,735,zero_dte,CALL,0.559499256948666,0.559499256948666,0.1377883448966632,0.5,-0.3,0.5,thr0.515_maxday4,202603,735,ptdj,research_papers\JEPA\results\event_option_gate_spy_mixed_delta35_win_ptdj_2025h2_2026\event_option_gate_trades.csv,0,999,0,1
SPY,20260317,202603,13:00,780,zero_dte,CALL,0.548655107731029,0.548655107731029,0.3609157875753794,0.5,-0.3,0.5,thr0.515_maxday4,202603,780,ptdj,research_papers\JEPA\results\event_option_gate_spy_mixed_delta35_win_ptdj_2025h2_2026\event_option_gate_trades.csv,0,999,0,2
SPY,20260318,202603,10:30,630,zero_dte,CALL,0.533975150293133,0.533975150293133,0.4022760082362734,-0.3,-0.3,-0.3,thr0.515_maxday4,202603,630,ptdj,research_papers\JEPA\results\event_option_gate_spy_mixed_delta35_win_ptdj_2025h2_2026\event_option_gate_trades.csv,0,999,0,0
SPY,20260318,202603,11:00,660,zero_dte,PUT,0.5830864304750561,0.4647614089242033,0.5830864304750561,-0.3,0.5,0.5,thr0.515_maxday4,202603,660,ptdj,research_papers\JEPA\results\event_option_gate_spy_mixed_delta35_win_ptdj_2025h2_2026\event_option_gate_trades.csv,0,999,0,1
SPY,20260318,202603,11:45,705,zero_dte,CALL,0.701627456565266,0.701627456565266,0.3529351650490367,-0.3,0.5,-0.3,thr0.515_maxday4,202603,705,ptdj,research_papers\JEPA\results\event_option_gate_spy_mixed_delta35_win_ptdj_2025h2_2026\event_option_gate_trades.csv,0,999,0,2
SPY,20260318,202603,12:15,735,zero_dte,CALL,0.5678232919340944,0.5678232919340944,0.5343847002005127,-0.3,0.5,-0.3,thr0.515_maxday4,202603,735,ptdj,research_papers\JEPA\results\event_option_gate_spy_mixed_delta35_win_ptdj_2025h2_2026\event_option_gate_trades.csv,0,999,0,3
SPY,20260319,202603,12:45,765,zero_dte,PUT,0.6135005869668314,0.136843319071015,0.6135005869668314,-0.3,0.5,0.5,thr0.515_maxday4,202603,765,ptdj,research_papers\JEPA\results\event_option_gate_spy_mixed_delta35_win_ptdj_2025h2_2026\event_option_gate_trades.csv,0,999,0,0
SPY,20260319,202603,13:45,825,zero_dte,PUT,0.625885950262273,0.2290041077228887,0.625885950262273,0.5,-0.3,-0.3,thr0.515_maxday4,202603,825,ptdj,research_papers\JEPA\results\event_option_gate_spy_mixed_delta35_win_ptdj_2025h2_2026\event_option_gate_trades.csv,0,999,0,1
SPY,20260319,202603,15:00,900,zero_dte,PUT,0.5213892344365643,0.2643176034818278,0.5213892344365643,0.5,-0.3,-0.3,thr0.515_maxday4,202603,900,ptdj,research_papers\JEPA\results\event_option_gate_spy_mixed_delta35_win_ptdj_2025h2_2026\event_option_gate_trades.csv,0,999,0,2
SPY,20260320,202603,11:15,675,front_weekly,CALL,0.6495327869122887,0.6495327869122887,0.0840628529159159,-0.1727272668160684,0.1969981624323884,-0.1727272668160684,thr0.515_maxday4,202603,675,ptdj,research_papers\JEPA\results\event_option_gate_spy_mixed_delta35_win_ptdj_2025h2_2026\event_option_gate_trades.csv,0,999,0,0
SPY,20260320,202603,11:45,705,front_weekly,CALL,0.5266234125092759,0.5266234125092759,0.1676839318916347,-0.184530391281499,0.4466109518382515,-0.184530391281499,thr0.515_maxday4,202603,705,ptdj,research_papers\JEPA\results\event_option_gate_spy_mixed_delta35_win_ptdj_2025h2_2026\event_option_gate_trades.csv,0,999,0,1
SPY,20260320,202603,12:45,765,front_weekly,CALL,0.5459971860551779,0.5459971860551779,0.3352933599998098,-0.2245809826681677,0.5,-0.2245809826681677,thr0.515_maxday4,202603,765,ptdj,research_papers\JEPA\results\event_option_gate_spy_mixed_delta35_win_ptdj_2025h2_2026\event_option_gate_trades.csv,0,999,0,2
SPY,20260320,202603,13:15,795,front_weekly,CALL,0.6076253288414306,0.6076253288414306,0.3474984785883449,-0.1764705342944371,0.5,-0.1764705342944371,thr0.515_maxday4,202603,795,ptdj,research_papers\JEPA\results\event_option_gate_spy_mixed_delta35_win_ptdj_2025h2_2026\event_option_gate_trades.csv,0,999,0,3
SPY,20260323,202603,10:45,645,front_weekly,PUT,0.6866503357757265,0.4208524858741611,0.6866503357757265,-0.3,0.5,0.5,thr0.515_maxday4,202603,645,ptdj,research_papers\JEPA\results\event_option_gate_spy_mixed_delta35_win_ptdj_2025h2_2026\event_option_gate_trades.csv,0,999,0,0
SPY,20260323,202603,11:30,690,front_weekly,CALL,0.5969841324590188,0.5969841324590188,0.2828231519751245,-0.3,0.5,-0.3,thr0.515_maxday4,202603,690,ptdj,research_papers\JEPA\results\event_option_gate_spy_mixed_delta35_win_ptdj_2025h2_2026\event_option_gate_trades.csv,0,999,0,1
SPY,20260323,202603,13:00,780,front_weekly,PUT,0.5603208435149714,0.2936313962829155,0.5603208435149714,-0.0193236536922803,-0.0384615031925166,-0.0384615031925166,thr0.515_maxday4,202603,780,ptdj,research_papers\JEPA\results\event_option_gate_spy_mixed_delta35_win_ptdj_2025h2_2026\event_option_gate_trades.csv,0,999,0,2
SPY,20260323,202603,13:30,810,front_weekly,PUT,0.6920742242270875,0.2731421719414553,0.6920742242270875,-0.0049019562011037,-0.0625000372529015,-0.0625000372529015,thr0.515_maxday4,202603,810,ptdj,research_papers\JEPA\results\event_option_gate_spy_mixed_delta35_win_ptdj_2025h2_2026\event_option_gate_trades.csv,0,999,0,3
SPY,20260326,202603,10:30,630,zero_dte,CALL,0.5983196690677782,0.5983196690677782,0.2054898777255856,-0.3,0.5,-0.3,thr0.515_maxday4,202603,630,ptdj,research_papers\JEPA\results\event_option_gate_spy_mixed_delta35_win_ptdj_2025h2_2026\event_option_gate_trades.csv,0,999,0,0
SPY,20260326,202603,11:15,675,zero_dte,PUT,0.6328154222485256,0.3951013853655214,0.6328154222485256,-0.3,0.5,0.5,thr0.515_maxday4,202603,675,ptdj,research_papers\JEPA\results\event_option_gate_spy_mixed_delta35_win_ptdj_2025h2_2026\event_option_gate_trades.csv,0,999,0,1
SPY,20260326,202603,13:15,795,zero_dte,CALL,0.5492602770690111,0.5492602770690111,0.2942207868344918,-0.3,0.5,-0.3,thr0.515_maxday4,202603,795,ptdj,research_papers\JEPA\results\event_option_gate_spy_mixed_delta35_win_ptdj_2025h2_2026\event_option_gate_trades.csv,0,999,0,2
SPY,20260326,202603,13:45,825,zero_dte,CALL,0.5440668872737053,0.5440668872737053,0.1179962883866044,-0.3,0.5,-0.3,thr0.515_maxday4,202603,825,ptdj,research_papers\JEPA\results\event_option_gate_spy_mixed_delta35_win_ptdj_2025h2_2026\event_option_gate_trades.csv,0,999,0,3
SPY,20260327,202603,11:00,660,front_weekly,CALL,0.5468422798211101,0.5468422798211101,0.2650584142064718,-0.2173037687886561,0.3171187884321715,-0.2173037687886561,thr0.515_maxday4,202603,660,ptdj,research_papers\JEPA\results\event_option_gate_spy_mixed_delta35_win_ptdj_2025h2_2026\event_option_gate_trades.csv,0,999,0,0
SPY,20260327,202603,11:30,690,front_weekly,CALL,0.6099376259529651,0.6099376259529651,0.112030201805878,-0.2629399587965301,0.5,-0.2629399587965301,thr0.515_maxday4,202603,690,ptdj,research_papers\JEPA\results\event_option_gate_spy_mixed_delta35_win_ptdj_2025h2_2026\event_option_gate_trades.csv,0,999,0,1
SPY,20260327,202603,12:00,720,front_weekly,CALL,0.7045385825128389,0.7045385825128389,0.2457540906877335,-0.2187500310440846,0.4233241680472248,-0.2187500310440846,thr0.515_maxday4,202603,720,ptdj,research_papers\JEPA\results\event_option_gate_spy_mixed_delta35_win_ptdj_2025h2_2026\event_option_gate_trades.csv,0,999,0,2
SPY,20260327,202603,13:00,780,front_weekly,PUT,0.5172860176616325,0.2445387628974479,0.5172860176616325,-0.1629955981838176,0.3327120377740353,0.3327120377740353,thr0.515_maxday4,202603,780,ptdj,research_papers\JEPA\results\event_option_gate_spy_mixed_delta35_win_ptdj_2025h2_2026\event_option_gate_trades.csv,0,999,0,3
SPY,20260330,202603,12:15,735,front_weekly,PUT,0.7545012753737399,0.2965312572546995,0.7545012753737399,-0.3,0.5,0.5,thr0.515_maxday4,202603,735,ptdj,research_papers\JEPA\results\event_option_gate_spy_mixed_delta35_win_ptdj_2025h2_2026\event_option_gate_trades.csv,0,999,0,0
SPY,20260330,202603,12:45,765,front_weekly,PUT,0.7565033076466917,0.3466540586392037,0.7565033076466917,-0.3,0.5,0.5,thr0.515_maxday4,202603,765,ptdj,research_papers\JEPA\results\event_option_gate_spy_mixed_delta35_win_ptdj_2025h2_2026\event_option_gate_trades.csv,0,999,0,1
SPY,20260330,202603,13:15,795,front_weekly,PUT,0.5552836063068094,0.1827893100578409,0.5552836063068094,-0.3,0.5,0.5,thr0.515_maxday4,202603,795,ptdj,research_papers\JEPA\results\event_option_gate_spy_mixed_delta35_win_ptdj_2025h2_2026\event_option_gate_trades.csv,0,999,0,2
SPY,20260330,202603,14:00,840,front_weekly,PUT,0.633848491928601,0.2895612826580723,0.633848491928601,-0.3,0.1304348032119751,0.1304348032119751,thr0.515_maxday4,202603,840,ptdj,research_papers\JEPA\results\event_option_gate_spy_mixed_delta35_win_ptdj_2025h2_2026\event_option_gate_trades.csv,0,999,0,3
SPY,20260331,202603,10:30,630,front_weekly,CALL,0.5730941994115365,0.5730941994115365,0.3488626718494708,-0.3,0.5,-0.3,thr0.515_maxday4,202603,630,ptdj,research_papers\JEPA\results\event_option_gate_spy_mixed_delta35_win_ptdj_2025h2_2026\event_option_gate_trades.csv,0,999,0,0
SPY,20260331,202603,11:00,660,front_weekly,CALL,0.6493697639738345,0.6493697639738345,0.2208217332773409,0.5,-0.3,0.5,thr0.515_maxday4,202603,660,ptdj,research_papers\JEPA\results\event_option_gate_spy_mixed_delta35_win_ptdj_2025h2_2026\event_option_gate_trades.csv,0,999,0,1
SPY,20260331,202603,12:00,720,front_weekly,CALL,0.6483525216966629,0.6483525216966629,0.2623546789411136,0.5,-0.3,0.5,thr0.515_maxday4,202603,720,ptdj,research_papers\JEPA\results\event_option_gate_spy_mixed_delta35_win_ptdj_2025h2_2026\event_option_gate_trades.csv,0,999,0,2
SPY,20260331,202603,12:30,750,front_weekly,PUT,0.6126160716494718,0.1790407560282733,0.6126160716494718,0.5,-0.3,-0.3,thr0.515_maxday4,202603,750,ptdj,research_papers\JEPA\results\event_option_gate_spy_mixed_delta35_win_ptdj_2025h2_2026\event_option_gate_trades.csv,0,999,0,3
SPY,20260406,202604,10:45,645,front_weekly,CALL,0.6199674068777459,0.6199674068777459,0.4866688247541518,-0.0822510718256777,0.0116278399255513,-0.0822510718256777,thr0.500_maxday2,202604,645,ptdj,research_papers\JEPA\results\event_option_gate_spy_mixed_delta35_win_ptdj_2025h2_2026\event_option_gate_trades.csv,0,999,0,0
SPY,20260406,202604,11:15,675,front_weekly,PUT,0.5938429918412208,0.4659677928867469,0.5938429918412208,-0.0045385736559585,0.0060459146327715,0.0060459146327715,thr0.500_maxday2,202604,675,ptdj,research_papers\JEPA\results\event_option_gate_spy_mixed_delta35_win_ptdj_2025h2_2026\event_option_gate_trades.csv,0,999,0,1
SPY,20260407,202604,11:15,675,front_weekly,CALL,0.5786878712809862,0.5786878712809862,0.3293294181466353,0.5,-0.3,0.5,thr0.500_maxday2,202604,675,ptdj,research_papers\JEPA\results\event_option_gate_spy_mixed_delta35_win_ptdj_2025h2_2026\event_option_gate_trades.csv,0,999,0,0
SPY,20260407,202604,11:45,705,front_weekly,CALL,0.5537270791587618,0.5537270791587618,0.1901430952422126,0.5,-0.3,0.5,thr0.500_maxday2,202604,705,ptdj,research_papers\JEPA\results\event_option_gate_spy_mixed_delta35_win_ptdj_2025h2_2026\event_option_gate_trades.csv,0,999,0,1
SPY,20260410,202604,10:30,630,zero_dte,PUT,0.5600057211115291,0.3317139301241248,0.5600057211115291,-0.3,0.5,0.5,thr0.500_maxday2,202604,630,ptdj,research_papers\JEPA\results\event_option_gate_spy_mixed_delta35_win_ptdj_2025h2_2026\event_option_gate_trades.csv,0,999,0,0
SPY,20260410,202604,11:00,660,zero_dte,PUT,0.7029302939028149,0.2203584733471319,0.7029302939028149,0.5,-0.3,-0.3,thr0.500_maxday2,202604,660,ptdj,research_papers\JEPA\results\event_option_gate_spy_mixed_delta35_win_ptdj_2025h2_2026\event_option_gate_trades.csv,0,999,0,1
SPY,20260413,202604,11:30,690,zero_dte,CALL,0.6181587069270544,0.6181587069270544,0.2228081172330274,0.5,-0.3,0.5,thr0.500_maxday2,202604,690,ptdj,research_papers\JEPA\results\event_option_gate_spy_mixed_delta35_win_ptdj_2025h2_2026\event_option_gate_trades.csv,0,999,0,0
SPY,20260414,202604,10:45,645,front_weekly,CALL,0.6317261939621962,0.6317261939621962,0.1522639506638238,0.5,-0.2256637135466167,0.5,thr0.500_maxday2,202604,645,ptdj,research_papers\JEPA\results\event_option_gate_spy_mixed_delta35_win_ptdj_2025h2_2026\event_option_gate_trades.csv,0,999,0,0
SPY,20260414,202604,11:15,675,front_weekly,CALL,0.5633692670184982,0.5633692670184982,0.1213052774168377,0.5,-0.2179486709233554,0.5,thr0.500_maxday2,202604,675,ptdj,research_papers\JEPA\results\event_option_gate_spy_mixed_delta35_win_ptdj_2025h2_2026\event_option_gate_trades.csv,0,999,0,1
SPY,20260416,202604,10:30,630,front_weekly,PUT,0.5697681535310264,0.1652718358353083,0.5697681535310264,0.5,-0.3,-0.3,thr0.500_maxday2,202604,630,ptdj,research_papers\JEPA\results\event_option_gate_spy_mixed_delta35_win_ptdj_2025h2_2026\event_option_gate_trades.csv,0,999,0,0
SPY,20260416,202604,11:00,660,front_weekly,PUT,0.5930602280302433,0.3057147481383751,0.5930602280302433,0.5,-0.3,-0.3,thr0.500_maxday2,202604,660,ptdj,research_papers\JEPA\results\event_option_gate_spy_mixed_delta35_win_ptdj_2025h2_2026\event_option_gate_trades.csv,0,999,0,1
SPY,20260420,202604,10:30,630,zero_dte,PUT,0.5573107287645755,0.3641567057225188,0.5573107287645755,-0.3,0.5,0.5,thr0.500_maxday2,202604,630,ptdj,research_papers\JEPA\results\event_option_gate_spy_mixed_delta35_win_ptdj_2025h2_2026\event_option_gate_trades.csv,0,999,0,0
SPY,20260420,202604,11:00,660,zero_dte,CALL,0.6301306771013003,0.6301306771013003,0.1252463173788068,-0.3,0.5,-0.3,thr0.500_maxday2,202604,660,ptdj,research_papers\JEPA\results\event_option_gate_spy_mixed_delta35_win_ptdj_2025h2_2026\event_option_gate_trades.csv,0,999,0,1
SPY,20260421,202604,12:30,750,zero_dte,CALL,0.6116567154327017,0.6116567154327017,0.0928187853842937,-0.3,-0.3,-0.3,thr0.500_maxday2,202604,750,ptdj,research_papers\JEPA\results\event_option_gate_spy_mixed_delta35_win_ptdj_2025h2_2026\event_option_gate_trades.csv,0,999,0,0
SPY,20260422,202604,10:30,630,zero_dte,PUT,0.5480384012040549,0.114293900824366,0.5480384012040549,-0.3,-0.3,-0.3,thr0.500_maxday2,202604,630,ptdj,research_papers\JEPA\results\event_option_gate_spy_mixed_delta35_win_ptdj_2025h2_2026\event_option_gate_trades.csv,0,999,0,0
SPY,20260423,202604,11:30,690,front_weekly,CALL,0.525781101813156,0.525781101813156,0.5120843359835534,-0.3,0.5,-0.3,thr0.500_maxday2,202604,690,ptdj,research_papers\JEPA\results\event_option_gate_spy_mixed_delta35_win_ptdj_2025h2_2026\event_option_gate_trades.csv,0,999,0,0
SPY,20260423,202604,15:00,900,front_weekly,CALL,0.5563407420912155,0.5563407420912155,0.1961468156242254,-0.3,-0.3,-0.3,thr0.500_maxday2,202604,900,ptdj,research_papers\JEPA\results\event_option_gate_spy_mixed_delta35_win_ptdj_2025h2_2026\event_option_gate_trades.csv,0,999,0,1
SPY,20260424,202604,10:30,630,front_weekly,CALL,0.6541507544317384,0.6541507544317384,0.1635623279801936,0.5,-0.2057074970822782,0.5,thr0.500_maxday2,202604,630,ptdj,research_papers\JEPA\results\event_option_gate_spy_mixed_delta35_win_ptdj_2025h2_2026\event_option_gate_trades.csv,0,999,0,0
SPY,20260424,202604,11:00,660,front_weekly,CALL,0.593832631974157,0.593832631974157,0.2599350184109043,0.3095975213916087,-0.1242603239761516,0.3095975213916087,thr0.500_maxday2,202604,660,ptdj,research_papers\JEPA\results\event_option_gate_spy_mixed_delta35_win_ptdj_2025h2_2026\event_option_gate_trades.csv,0,999,0,1
SPY,20260429,202604,10:30,630,zero_dte,PUT,0.6632065875118867,0.1914811523827049,0.6632065875118867,-0.3,0.5,0.5,thr0.500_maxday2,202604,630,ptdj,research_papers\JEPA\results\event_option_gate_spy_mixed_delta35_win_ptdj_2025h2_2026\event_option_gate_trades.csv,0,999,0,0
SPY,20260429,202604,11:30,690,zero_dte,PUT,0.52814476652236,0.2239923553137091,0.52814476652236,-0.3,0.5,0.5,thr0.500_maxday2,202604,690,ptdj,research_papers\JEPA\results\event_option_gate_spy_mixed_delta35_win_ptdj_2025h2_2026\event_option_gate_trades.csv,0,999,0,1
SPY,20260430,202604,10:30,630,zero_dte,PUT,0.5298148477580399,0.2446302823642387,0.5298148477580399,0.5,-0.3,-0.3,thr0.500_maxday2,202604,630,ptdj,research_papers\JEPA\results\event_option_gate_spy_mixed_delta35_win_ptdj_2025h2_2026\event_option_gate_trades.csv,0,999,0,0
SPY,20260501,202605,11:00,660,front_weekly,CALL,0.6530107850111371,0.6530107850111371,0.2792586221597722,0.0470588730280796,-0.0158730759432027,0.0470588730280796,thr0.641_maxdayall,202605,660,ptdj,research_papers\JEPA\results\event_option_gate_spy_mixed_delta35_win_ptdj_2025h2_2026\event_option_gate_trades.csv,0,999,0,0
SPY,20260501,202605,11:30,690,front_weekly,CALL,0.6766269950896147,0.6766269950896147,0.3470116828438448,-0.1648745678983649,0.1740506130941139,-0.1648745678983649,thr0.641_maxdayall,202605,690,ptdj,research_papers\JEPA\results\event_option_gate_spy_mixed_delta35_win_ptdj_2025h2_2026\event_option_gate_trades.csv,0,999,0,1
SPY,20260501,202605,13:15,795,front_weekly,CALL,0.6447118984763048,0.6447118984763048,0.063701652801233,-0.2434607708614696,0.2218750086147336,-0.2434607708614696,thr0.641_maxdayall,202605,795,ptdj,research_papers\JEPA\results\event_option_gate_spy_mixed_delta35_win_ptdj_2025h2_2026\event_option_gate_trades.csv,0,999,0,2
SPY,20260504,202605,11:45,705,front_weekly,CALL,0.7105369425048125,0.7105369425048125,0.0416190916614878,-0.1924528196639719,0.1398176423953168,-0.1924528196639719,thr0.641_maxdayall,202605,705,ptdj,research_papers\JEPA\results\event_option_gate_spy_mixed_delta35_win_ptdj_2025h2_2026\event_option_gate_trades.csv,0,999,0,0
SPY,20260504,202605,12:15,735,front_weekly,CALL,0.6773757740277458,0.6773757740277458,0.0850580766070896,0.1103448009377578,-0.3,0.1103448009377578,thr0.641_maxdayall,202605,735,ptdj,research_papers\JEPA\results\event_option_gate_spy_mixed_delta35_win_ptdj_2025h2_2026\event_option_gate_trades.csv,0,999,0,1
SPY,20260504,202605,12:45,765,front_weekly,CALL,0.7101460196499217,0.7101460196499217,0.0435885300233637,-0.0464285279415084,-0.1636363544411566,-0.0464285279415084,thr0.641_maxdayall,202605,765,ptdj,research_papers\JEPA\results\event_option_gate_spy_mixed_delta35_win_ptdj_2025h2_2026\event_option_gate_trades.csv,0,999,0,2
SPY,20260504,202605,13:45,825,front_weekly,CALL,0.6576311889912873,0.6576311889912873,0.0620696527725903,-0.1317829163657171,-0.0303951081434801,-0.1317829163657171,thr0.641_maxdayall,202605,825,ptdj,research_papers\JEPA\results\event_option_gate_spy_mixed_delta35_win_ptdj_2025h2_2026\event_option_gate_trades.csv,0,999,0,3
SPY,20260504,202605,14:15,855,front_weekly,CALL,0.6571045356735565,0.6571045356735565,0.0715566364601948,-0.124999976716935,0.0191693100913059,-0.124999976716935,thr0.641_maxdayall,202605,855,ptdj,research_papers\JEPA\results\event_option_gate_spy_mixed_delta35_win_ptdj_2025h2_2026\event_option_gate_trades.csv,0,999,0,4
SPY,20260504,202605,15:00,900,front_weekly,CALL,0.6675571619243765,0.6675571619243765,0.0601353824408652,0.0264150681976078,-0.1189710283085657,0.0264150681976078,thr0.641_maxdayall,202605,900,ptdj,research_papers\JEPA\results\event_option_gate_spy_mixed_delta35_win_ptdj_2025h2_2026\event_option_gate_trades.csv,0,999,0,5
SPY,20260505,202605,11:30,690,front_weekly,PUT,0.6611443138465012,0.1552693767893373,0.6611443138465012,0.1238095248907873,-0.186722004837028,-0.186722004837028,thr0.641_maxdayall,202605,690,ptdj,research_papers\JEPA\results\event_option_gate_spy_mixed_delta35_win_ptdj_2025h2_2026\event_option_gate_trades.csv,0,999,0,0
SPY,20260507,202605,11:00,660,zero_dte,PUT,0.6682550782837181,0.2470853549744329,0.6682550782837181,-0.3,0.5,0.5,thr0.641_maxdayall,202605,660,ptdj,research_papers\JEPA\results\event_option_gate_spy_mixed_delta35_win_ptdj_2025h2_2026\event_option_gate_trades.csv,0,999,0,0
SPY,20260508,202605,15:00,900,zero_dte,CALL,0.6650406373889863,0.6650406373889863,0.2014729109610288,-0.3,-0.3,-0.3,thr0.641_maxdayall,202605,900,ptdj,research_papers\JEPA\results\event_option_gate_spy_mixed_delta35_win_ptdj_2025h2_2026\event_option_gate_trades.csv,0,999,0,0
SPY,20260511,202605,10:30,630,front_weekly,CALL,0.7619743543778389,0.7619743543778389,0.2933287713474712,0.1616540655878733,-0.1684587939198647,0.1616540655878733,thr0.641_maxdayall,202605,630,ptdj,research_papers\JEPA\results\event_option_gate_spy_mixed_delta35_win_ptdj_2025h2_2026\event_option_gate_trades.csv,0,999,0,0
SPY,20260511,202605,11:15,675,front_weekly,CALL,0.7633183156121647,0.7633183156121647,0.1450279590925626,0.1666667176108094,-0.1294963664750884,0.1666667176108094,thr0.641_maxdayall,202605,675,ptdj,research_papers\JEPA\results\event_option_gate_spy_mixed_delta35_win_ptdj_2025h2_2026\event_option_gate_trades.csv,0,999,0,1
SPY,20260511,202605,11:45,705,front_weekly,CALL,0.7494859622807215,0.7494859622807215,0.0654389886936187,-0.0229884847475589,0.0210526958617058,-0.0229884847475589,thr0.641_maxdayall,202605,705,ptdj,research_papers\JEPA\results\event_option_gate_spy_mixed_delta35_win_ptdj_2025h2_2026\event_option_gate_trades.csv,0,999,0,2
SPY,20260511,202605,12:45,765,front_weekly,CALL,0.7651505181289316,0.7651505181289316,0.099731498248671,-0.1699605026165261,0.1889081726500914,-0.1699605026165261,thr0.641_maxdayall,202605,765,ptdj,research_papers\JEPA\results\event_option_gate_spy_mixed_delta35_win_ptdj_2025h2_2026\event_option_gate_trades.csv,0,999,0,3
SPY,20260511,202605,13:15,795,front_weekly,CALL,0.855231038184057,0.855231038184057,0.0564144594843052,-0.068965453455194,0.0,-0.068965453455194,thr0.641_maxdayall,202605,795,ptdj,research_papers\JEPA\results\event_option_gate_spy_mixed_delta35_win_ptdj_2025h2_2026\event_option_gate_trades.csv,0,999,0,4
SPY,20260511,202605,14:45,885,front_weekly,CALL,0.6927695474976723,0.6927695474976723,0.1729648064381899,-0.1445544133758017,0.0618556092884925,-0.1445544133758017,thr0.641_maxdayall,202605,885,ptdj,research_papers\JEPA\results\event_option_gate_spy_mixed_delta35_win_ptdj_2025h2_2026\event_option_gate_trades.csv,0,999,0,5
SPY,20260511,202605,15:15,915,front_weekly,CALL,0.8505161033361783,0.8505161033361783,0.183738070463104,-0.0038314141245932,-0.0666666825612386,-0.0038314141245932,thr0.641_maxdayall,202605,915,ptdj,research_papers\JEPA\results\event_option_gate_spy_mixed_delta35_win_ptdj_2025h2_2026\event_option_gate_trades.csv,0,999,0,6
SPY,20260512,202605,11:00,660,front_weekly,CALL,0.6668204557101435,0.6668204557101435,0.1647287604843964,0.1446809218662716,-0.2490842717971783,0.1446809218662716,thr0.641_maxdayall,202605,660,ptdj,research_papers\JEPA\results\event_option_gate_spy_mixed_delta35_win_ptdj_2025h2_2026\event_option_gate_trades.csv,0,999,0,0
SPY,20260512,202605,12:45,765,front_weekly,CALL,0.6554651484525562,0.6554651484525562,0.0898893759256737,0.5,-0.3,0.5,thr0.641_maxdayall,202605,765,ptdj,research_papers\JEPA\results\event_option_gate_spy_mixed_delta35_win_ptdj_2025h2_2026\event_option_gate_trades.csv,0,999,0,1
SPY,20260512,202605,14:00,840,front_weekly,CALL,0.6573515536772381,0.6573515536772381,0.1091001949438683,0.5,-0.3,0.5,thr0.641_maxdayall,202605,840,ptdj,research_papers\JEPA\results\event_option_gate_spy_mixed_delta35_win_ptdj_2025h2_2026\event_option_gate_trades.csv,0,999,0,2
SPY,20260512,202605,15:15,915,front_weekly,CALL,0.6551482387755951,0.6551482387755951,0.2482328769535082,0.0986547205060717,-0.1041666625274554,0.0986547205060717,thr0.641_maxdayall,202605,915,ptdj,research_papers\JEPA\results\event_option_gate_spy_mixed_delta35_win_ptdj_2025h2_2026\event_option_gate_trades.csv,0,999,0,3
SPY,20260519,202605,11:45,705,front_weekly,CALL,0.680442322670667,0.680442322670667,0.1049903170468153,0.5,-0.3,0.5,thr0.641_maxdayall,202605,705,ptdj,research_papers\JEPA\results\event_option_gate_spy_mixed_delta35_win_ptdj_2025h2_2026\event_option_gate_trades.csv,0,999,0,0
SPY,20260519,202605,12:15,735,front_weekly,CALL,0.6802725705513163,0.6802725705513163,0.0745931414127477,0.5,-0.3,0.5,thr0.641_maxdayall,202605,735,ptdj,research_papers\JEPA\results\event_option_gate_spy_mixed_delta35_win_ptdj_2025h2_2026\event_option_gate_trades.csv,0,999,0,1
SPY,20260519,202605,13:15,795,front_weekly,CALL,0.8464368882295344,0.8464368882295344,0.0311964448615804,-0.3,0.5,-0.3,thr0.641_maxdayall,202605,795,ptdj,research_papers\JEPA\results\event_option_gate_spy_mixed_delta35_win_ptdj_2025h2_2026\event_option_gate_trades.csv,0,999,0,2
SPY,20260519,202605,13:45,825,front_weekly,CALL,0.7786352571325462,0.7786352571325462,0.0503320948960606,-0.3,0.5,-0.3,thr0.641_maxdayall,202605,825,ptdj,research_papers\JEPA\results\event_option_gate_spy_mixed_delta35_win_ptdj_2025h2_2026\event_option_gate_trades.csv,0,999,0,3
SPY,20260519,202605,14:15,855,front_weekly,CALL,0.7486683401712257,0.7486683401712257,0.0522500484296013,-0.3,0.5,-0.3,thr0.641_maxdayall,202605,855,ptdj,research_papers\JEPA\results\event_option_gate_spy_mixed_delta35_win_ptdj_2025h2_2026\event_option_gate_trades.csv,0,999,0,4
SPY,20260519,202605,15:00,900,front_weekly,CALL,0.7616948913670368,0.7616948913670368,0.103667867695899,-0.0992907723468597,0.0945454510775478,-0.0992907723468597,thr0.641_maxdayall,202605,900,ptdj,research_papers\JEPA\results\event_option_gate_spy_mixed_delta35_win_ptdj_2025h2_2026\event_option_gate_trades.csv,0,999,0,5
SPY,20260521,202605,13:45,825,front_weekly,PUT,0.7024895524973717,0.1974846698316777,0.7024895524973717,-0.3,0.5,0.5,thr0.641_maxdayall,202605,825,ptdj,research_papers\JEPA\results\event_option_gate_spy_mixed_delta35_win_ptdj_2025h2_2026\event_option_gate_trades.csv,0,999,0,0
SPY,20260521,202605,14:15,855,front_weekly,PUT,0.6777886357514981,0.2178307741551868,0.6777886357514981,-0.3,0.5,0.5,thr0.641_maxdayall,202605,855,ptdj,research_papers\JEPA\results\event_option_gate_spy_mixed_delta35_win_ptdj_2025h2_2026\event_option_gate_trades.csv,0,999,0,1
SPY,20260521,202605,15:15,915,front_weekly,PUT,0.6632086398579721,0.2646907532269199,0.6632086398579721,-0.0308641680056248,-0.1164384053782005,-0.1164384053782005,thr0.641_maxdayall,202605,915,ptdj,research_papers\JEPA\results\event_option_gate_spy_mixed_delta35_win_ptdj_2025h2_2026\event_option_gate_trades.csv,0,999,0,2
