cell_id,family,arm,fold,ticker,horizon,bin,lower,upper,count,mean_probability,event_rate
lr_2024_SPXW_30m,lr,F0,2024,SPXW,30,0,0.0,0.1,0,,
lr_2024_SPXW_30m,lr,F0,2024,SPXW,30,1,0.1,0.2,0,,
lr_2024_SPXW_30m,lr,F0,2024,SPXW,30,2,0.2,0.30000000000000004,36,0.25763367495122436,0.19444444444444445
lr_2024_SPXW_30m,lr,F0,2024,SPXW,30,3,0.30000000000000004,0.4,111,0.35126783219137253,0.15315315315315314
lr_2024_SPXW_30m,lr,F0,2024,SPXW,30,4,0.4,0.5,130,0.4515099548503795,0.27692307692307694
lr_2024_SPXW_30m,lr,F0,2024,SPXW,30,5,0.5,0.6000000000000001,120,0.5479544581022239,0.375
lr_2024_SPXW_30m,lr,F0,2024,SPXW,30,6,0.6000000000000001,0.7000000000000001,65,0.6401915284693721,0.47692307692307695
lr_2024_SPXW_30m,lr,F0,2024,SPXW,30,7,0.7000000000000001,0.8,13,0.7458829210404905,0.46153846153846156
lr_2024_SPXW_30m,lr,F0,2024,SPXW,30,8,0.8,0.9,2,0.8742179976821872,0.5
lr_2024_SPXW_30m,lr,F0,2024,SPXW,30,9,0.9,1.0,0,,
lr_2024_SPXW_30m,lr,F1,2024,SPXW,30,0,0.0,0.1,0,,
lr_2024_SPXW_30m,lr,F1,2024,SPXW,30,1,0.1,0.2,18,0.16100116333648518,0.1111111111111111
lr_2024_SPXW_30m,lr,F1,2024,SPXW,30,2,0.2,0.30000000000000004,73,0.2571396179047526,0.2328767123287671
lr_2024_SPXW_30m,lr,F1,2024,SPXW,30,3,0.30000000000000004,0.4,89,0.3460497593790335,0.2247191011235955
lr_2024_SPXW_30m,lr,F1,2024,SPXW,30,4,0.4,0.5,125,0.45006594430975805,0.304
lr_2024_SPXW_30m,lr,F1,2024,SPXW,30,5,0.5,0.6000000000000001,86,0.5471823666926667,0.29069767441860467
lr_2024_SPXW_30m,lr,F1,2024,SPXW,30,6,0.6000000000000001,0.7000000000000001,53,0.6455957508021155,0.49056603773584906
lr_2024_SPXW_30m,lr,F1,2024,SPXW,30,7,0.7000000000000001,0.8,27,0.7273851092739868,0.48148148148148145
lr_2024_SPXW_30m,lr,F1,2024,SPXW,30,8,0.8,0.9,5,0.8212644686015989,0.4
lr_2024_SPXW_30m,lr,F1,2024,SPXW,30,9,0.9,1.0,1,0.9377953597435175,0.0
lr_2024_SPXW_60m,lr,F0,2024,SPXW,60,0,0.0,0.1,0,,
lr_2024_SPXW_60m,lr,F0,2024,SPXW,60,1,0.1,0.2,0,,
lr_2024_SPXW_60m,lr,F0,2024,SPXW,60,2,0.2,0.30000000000000004,6,0.26793507183402143,0.16666666666666666
lr_2024_SPXW_60m,lr,F0,2024,SPXW,60,3,0.30000000000000004,0.4,123,0.3596649398080342,0.23577235772357724
lr_2024_SPXW_60m,lr,F0,2024,SPXW,60,4,0.4,0.5,182,0.4515117861496225,0.3516483516483517
lr_2024_SPXW_60m,lr,F0,2024,SPXW,60,5,0.5,0.6000000000000001,182,0.5472378110630296,0.4340659340659341
lr_2024_SPXW_60m,lr,F0,2024,SPXW,60,6,0.6000000000000001,0.7000000000000001,71,0.6316026390089142,0.4225352112676056
lr_2024_SPXW_60m,lr,F0,2024,SPXW,60,7,0.7000000000000001,0.8,3,0.7363251900981438,0.6666666666666666
lr_2024_SPXW_60m,lr,F0,2024,SPXW,60,8,0.8,0.9,1,0.8899331103406417,0.0
lr_2024_SPXW_60m,lr,F0,2024,SPXW,60,9,0.9,1.0,0,,
lr_2024_SPXW_60m,lr,F1,2024,SPXW,60,0,0.0,0.1,0,,
lr_2024_SPXW_60m,lr,F1,2024,SPXW,60,1,0.1,0.2,11,0.1823259136426618,0.18181818181818182
lr_2024_SPXW_60m,lr,F1,2024,SPXW,60,2,0.2,0.30000000000000004,52,0.257710694900212,0.38461538461538464
lr_2024_SPXW_60m,lr,F1,2024,SPXW,60,3,0.30000000000000004,0.4,129,0.3517824577059421,0.2868217054263566
lr_2024_SPXW_60m,lr,F1,2024,SPXW,60,4,0.4,0.5,143,0.45547408239047377,0.38461538461538464
lr_2024_SPXW_60m,lr,F1,2024,SPXW,60,5,0.5,0.6000000000000001,125,0.5442420329575557,0.344
lr_2024_SPXW_60m,lr,F1,2024,SPXW,60,6,0.6000000000000001,0.7000000000000001,84,0.6457188538287738,0.42857142857142855
lr_2024_SPXW_60m,lr,F1,2024,SPXW,60,7,0.7000000000000001,0.8,19,0.7472101573812002,0.47368421052631576
lr_2024_SPXW_60m,lr,F1,2024,SPXW,60,8,0.8,0.9,4,0.8408232179282941,0.75
lr_2024_SPXW_60m,lr,F1,2024,SPXW,60,9,0.9,1.0,1,0.9325871123425076,0.0
lr_2024_SPXW_120m,lr,F0,2024,SPXW,120,0,0.0,0.1,0,,
lr_2024_SPXW_120m,lr,F0,2024,SPXW,120,1,0.1,0.2,0,,
lr_2024_SPXW_120m,lr,F0,2024,SPXW,120,2,0.2,0.30000000000000004,8,0.2715809715779953,0.125
lr_2024_SPXW_120m,lr,F0,2024,SPXW,120,3,0.30000000000000004,0.4,51,0.35684227058946133,0.3333333333333333
lr_2024_SPXW_120m,lr,F0,2024,SPXW,120,4,0.4,0.5,231,0.46624422413457484,0.42857142857142855
lr_2024_SPXW_120m,lr,F0,2024,SPXW,120,5,0.5,0.6000000000000001,320,0.5428460405586147,0.415625
lr_2024_SPXW_120m,lr,F0,2024,SPXW,120,6,0.6000000000000001,0.7000000000000001,52,0.6300095210823617,0.36538461538461536
lr_2024_SPXW_120m,lr,F0,2024,SPXW,120,7,0.7000000000000001,0.8,0,,
lr_2024_SPXW_120m,lr,F0,2024,SPXW,120,8,0.8,0.9,0,,
lr_2024_SPXW_120m,lr,F0,2024,SPXW,120,9,0.9,1.0,0,,
lr_2024_SPXW_120m,lr,F1,2024,SPXW,120,0,0.0,0.1,2,0.09659402788196432,0.0
lr_2024_SPXW_120m,lr,F1,2024,SPXW,120,1,0.1,0.2,26,0.15744352992763372,0.19230769230769232
lr_2024_SPXW_120m,lr,F1,2024,SPXW,120,2,0.2,0.30000000000000004,94,0.25666328083374895,0.4148936170212766
lr_2024_SPXW_120m,lr,F1,2024,SPXW,120,3,0.30000000000000004,0.4,157,0.3547375812573252,0.39490445859872614
lr_2024_SPXW_120m,lr,F1,2024,SPXW,120,4,0.4,0.5,167,0.45087910613338505,0.4311377245508982
lr_2024_SPXW_120m,lr,F1,2024,SPXW,120,5,0.5,0.6000000000000001,132,0.5446725453464695,0.45454545454545453
lr_2024_SPXW_120m,lr,F1,2024,SPXW,120,6,0.6000000000000001,0.7000000000000001,63,0.6416886639791068,0.3492063492063492
lr_2024_SPXW_120m,lr,F1,2024,SPXW,120,7,0.7000000000000001,0.8,18,0.7452260802778737,0.3333333333333333
lr_2024_SPXW_120m,lr,F1,2024,SPXW,120,8,0.8,0.9,3,0.8389108301914479,1.0
lr_2024_SPXW_120m,lr,F1,2024,SPXW,120,9,0.9,1.0,0,,
lr_2024_SPXW_180m,lr,F0,2024,SPXW,180,0,0.0,0.1,0,,
lr_2024_SPXW_180m,lr,F0,2024,SPXW,180,1,0.1,0.2,0,,
lr_2024_SPXW_180m,lr,F0,2024,SPXW,180,2,0.2,0.30000000000000004,2,0.27138392257271704,0.0
lr_2024_SPXW_180m,lr,F0,2024,SPXW,180,3,0.30000000000000004,0.4,47,0.3664964118060006,0.46808510638297873
lr_2024_SPXW_180m,lr,F0,2024,SPXW,180,4,0.4,0.5,193,0.4580071368784312,0.42487046632124353
lr_2024_SPXW_180m,lr,F0,2024,SPXW,180,5,0.5,0.6000000000000001,189,0.5479485263119644,0.3915343915343915
lr_2024_SPXW_180m,lr,F0,2024,SPXW,180,6,0.6000000000000001,0.7000000000000001,67,0.6340816063681582,0.3582089552238806
lr_2024_SPXW_180m,lr,F0,2024,SPXW,180,7,0.7000000000000001,0.8,4,0.7210852804493353,0.5
lr_2024_SPXW_180m,lr,F0,2024,SPXW,180,8,0.8,0.9,0,,
lr_2024_SPXW_180m,lr,F0,2024,SPXW,180,9,0.9,1.0,0,,
lr_2024_SPXW_180m,lr,F1,2024,SPXW,180,0,0.0,0.1,3,0.09073717543773963,0.6666666666666666
lr_2024_SPXW_180m,lr,F1,2024,SPXW,180,1,0.1,0.2,52,0.16123475776372004,0.36538461538461536
lr_2024_SPXW_180m,lr,F1,2024,SPXW,180,2,0.2,0.30000000000000004,103,0.2460879403511189,0.4174757281553398
lr_2024_SPXW_180m,lr,F1,2024,SPXW,180,3,0.30000000000000004,0.4,126,0.3485237280150466,0.40476190476190477
lr_2024_SPXW_180m,lr,F1,2024,SPXW,180,4,0.4,0.5,110,0.4486447891749449,0.36363636363636365
lr_2024_SPXW_180m,lr,F1,2024,SPXW,180,5,0.5,0.6000000000000001,72,0.5451707374951122,0.4305555555555556
lr_2024_SPXW_180m,lr,F1,2024,SPXW,180,6,0.6000000000000001,0.7000000000000001,23,0.6429444448779847,0.5217391304347826
lr_2024_SPXW_180m,lr,F1,2024,SPXW,180,7,0.7000000000000001,0.8,6,0.7475064245948123,0.6666666666666666
lr_2024_SPXW_180m,lr,F1,2024,SPXW,180,8,0.8,0.9,0,,
lr_2024_SPXW_180m,lr,F1,2024,SPXW,180,9,0.9,1.0,7,0.9985032220097179,0.2857142857142857
lr_2024_QQQ_30m,lr,F0,2024,QQQ,30,0,0.0,0.1,0,,
lr_2024_QQQ_30m,lr,F0,2024,QQQ,30,1,0.1,0.2,1,0.16567616488226933,0.0
lr_2024_QQQ_30m,lr,F0,2024,QQQ,30,2,0.2,0.30000000000000004,19,0.2791022558859576,0.3684210526315789
lr_2024_QQQ_30m,lr,F0,2024,QQQ,30,3,0.30000000000000004,0.4,95,0.36231610419515325,0.2631578947368421
lr_2024_QQQ_30m,lr,F0,2024,QQQ,30,4,0.4,0.5,226,0.4527927608986994,0.33185840707964603
lr_2024_QQQ_30m,lr,F0,2024,QQQ,30,5,0.5,0.6000000000000001,198,0.5483053469495909,0.35858585858585856
lr_2024_QQQ_30m,lr,F0,2024,QQQ,30,6,0.6000000000000001,0.7000000000000001,105,0.6436542429040665,0.45714285714285713
lr_2024_QQQ_30m,lr,F0,2024,QQQ,30,7,0.7000000000000001,0.8,24,0.7358546984760025,0.5833333333333334
lr_2024_QQQ_30m,lr,F0,2024,QQQ,30,8,0.8,0.9,5,0.8227902771001145,0.4
lr_2024_QQQ_30m,lr,F0,2024,QQQ,30,9,0.9,1.0,0,,
lr_2024_QQQ_30m,lr,F1,2024,QQQ,30,0,0.0,0.1,1,0.08188896549943658,0.0
lr_2024_QQQ_30m,lr,F1,2024,QQQ,30,1,0.1,0.2,24,0.16515869607404252,0.25
lr_2024_QQQ_30m,lr,F1,2024,QQQ,30,2,0.2,0.30000000000000004,68,0.2557989620189202,0.29411764705882354
lr_2024_QQQ_30m,lr,F1,2024,QQQ,30,3,0.30000000000000004,0.4,136,0.35526303849212165,0.3014705882352941
lr_2024_QQQ_30m,lr,F1,2024,QQQ,30,4,0.4,0.5,149,0.4516507443101119,0.31543624161073824
lr_2024_QQQ_30m,lr,F1,2024,QQQ,30,5,0.5,0.6000000000000001,136,0.5496535082986841,0.375
lr_2024_QQQ_30m,lr,F1,2024,QQQ,30,6,0.6000000000000001,0.7000000000000001,93,0.6425566154427038,0.4946236559139785
lr_2024_QQQ_30m,lr,F1,2024,QQQ,30,7,0.7000000000000001,0.8,46,0.7482766025621997,0.45652173913043476
lr_2024_QQQ_30m,lr,F1,2024,QQQ,30,8,0.8,0.9,18,0.8391957491355712,0.4444444444444444
lr_2024_QQQ_30m,lr,F1,2024,QQQ,30,9,0.9,1.0,2,0.9118271005437713,1.0
lr_2024_QQQ_60m,lr,F0,2024,QQQ,60,0,0.0,0.1,0,,
lr_2024_QQQ_60m,lr,F0,2024,QQQ,60,1,0.1,0.2,0,,
lr_2024_QQQ_60m,lr,F0,2024,QQQ,60,2,0.2,0.30000000000000004,11,0.2607983909107043,0.36363636363636365
lr_2024_QQQ_60m,lr,F0,2024,QQQ,60,3,0.30000000000000004,0.4,87,0.364824826621801,0.3103448275862069
lr_2024_QQQ_60m,lr,F0,2024,QQQ,60,4,0.4,0.5,205,0.4586412353748498,0.3804878048780488
lr_2024_QQQ_60m,lr,F0,2024,QQQ,60,5,0.5,0.6000000000000001,274,0.548061189989826,0.3978102189781022
lr_2024_QQQ_60m,lr,F0,2024,QQQ,60,6,0.6000000000000001,0.7000000000000001,154,0.6433208491227023,0.37012987012987014
lr_2024_QQQ_60m,lr,F0,2024,QQQ,60,7,0.7000000000000001,0.8,32,0.7257889007671969,0.4375
lr_2024_QQQ_60m,lr,F0,2024,QQQ,60,8,0.8,0.9,0,,
lr_2024_QQQ_60m,lr,F0,2024,QQQ,60,9,0.9,1.0,0,,
lr_2024_QQQ_60m,lr,F1,2024,QQQ,60,0,0.0,0.1,2,0.06624862213054754,0.5
lr_2024_QQQ_60m,lr,F1,2024,QQQ,60,1,0.1,0.2,20,0.1598301909472008,0.45
lr_2024_QQQ_60m,lr,F1,2024,QQQ,60,2,0.2,0.30000000000000004,60,0.26440084280283305,0.3333333333333333
lr_2024_QQQ_60m,lr,F1,2024,QQQ,60,3,0.30000000000000004,0.4,139,0.3539158378452355,0.34532374100719426
lr_2024_QQQ_60m,lr,F1,2024,QQQ,60,4,0.4,0.5,182,0.45109717492652684,0.38461538461538464
lr_2024_QQQ_60m,lr,F1,2024,QQQ,60,5,0.5,0.6000000000000001,175,0.549693057873338,0.41714285714285715
lr_2024_QQQ_60m,lr,F1,2024,QQQ,60,6,0.6000000000000001,0.7000000000000001,115,0.6449917092353187,0.3391304347826087
lr_2024_QQQ_60m,lr,F1,2024,QQQ,60,7,0.7000000000000001,0.8,52,0.7410892470818631,0.38461538461538464
lr_2024_QQQ_60m,lr,F1,2024,QQQ,60,8,0.8,0.9,13,0.8392221854341366,0.6153846153846154
lr_2024_QQQ_60m,lr,F1,2024,QQQ,60,9,0.9,1.0,5,0.9349875904397761,0.2
lr_2024_QQQ_120m,lr,F0,2024,QQQ,120,0,0.0,0.1,0,,
lr_2024_QQQ_120m,lr,F0,2024,QQQ,120,1,0.1,0.2,1,0.1863737516160991,0.0
lr_2024_QQQ_120m,lr,F0,2024,QQQ,120,2,0.2,0.30000000000000004,9,0.2810020732621613,0.6666666666666666
lr_2024_QQQ_120m,lr,F0,2024,QQQ,120,3,0.30000000000000004,0.4,80,0.3628794309218648,0.4125
lr_2024_QQQ_120m,lr,F0,2024,QQQ,120,4,0.4,0.5,241,0.45389569141209096,0.4024896265560166
lr_2024_QQQ_120m,lr,F0,2024,QQQ,120,5,0.5,0.6000000000000001,234,0.5456542850464525,0.3504273504273504
lr_2024_QQQ_120m,lr,F0,2024,QQQ,120,6,0.6000000000000001,0.7000000000000001,118,0.6504710322849799,0.4067796610169492
lr_2024_QQQ_120m,lr,F0,2024,QQQ,120,7,0.7000000000000001,0.8,68,0.7407635850122097,0.5147058823529411
lr_2024_QQQ_120m,lr,F0,2024,QQQ,120,8,0.8,0.9,5,0.818683835852865,0.6
lr_2024_QQQ_120m,lr,F0,2024,QQQ,120,9,0.9,1.0,0,,
lr_2024_QQQ_120m,lr,F1,2024,QQQ,120,0,0.0,0.1,3,0.0891793814243309,0.6666666666666666
lr_2024_QQQ_120m,lr,F1,2024,QQQ,120,1,0.1,0.2,29,0.17249316198804782,0.5172413793103449
lr_2024_QQQ_120m,lr,F1,2024,QQQ,120,2,0.2,0.30000000000000004,101,0.2610231226243078,0.2871287128712871
lr_2024_QQQ_120m,lr,F1,2024,QQQ,120,3,0.30000000000000004,0.4,174,0.3551421470318606,0.40229885057471265
lr_2024_QQQ_120m,lr,F1,2024,QQQ,120,4,0.4,0.5,190,0.45039602948162233,0.4263157894736842
lr_2024_QQQ_120m,lr,F1,2024,QQQ,120,5,0.5,0.6000000000000001,130,0.5433173552190909,0.3769230769230769
lr_2024_QQQ_120m,lr,F1,2024,QQQ,120,6,0.6000000000000001,0.7000000000000001,80,0.6493142480890801,0.4
lr_2024_QQQ_120m,lr,F1,2024,QQQ,120,7,0.7000000000000001,0.8,32,0.746235860346663,0.5
lr_2024_QQQ_120m,lr,F1,2024,QQQ,120,8,0.8,0.9,14,0.846066627629722,0.6428571428571429
lr_2024_QQQ_120m,lr,F1,2024,QQQ,120,9,0.9,1.0,3,0.9618078470687923,0.3333333333333333
lr_2024_QQQ_180m,lr,F0,2024,QQQ,180,0,0.0,0.1,0,,
lr_2024_QQQ_180m,lr,F0,2024,QQQ,180,1,0.1,0.2,0,,
lr_2024_QQQ_180m,lr,F0,2024,QQQ,180,2,0.2,0.30000000000000004,20,0.278961251529391,0.25
lr_2024_QQQ_180m,lr,F0,2024,QQQ,180,3,0.30000000000000004,0.4,84,0.3548144539517388,0.5714285714285714
lr_2024_QQQ_180m,lr,F0,2024,QQQ,180,4,0.4,0.5,182,0.4558666995668668,0.3131868131868132
lr_2024_QQQ_180m,lr,F0,2024,QQQ,180,5,0.5,0.6000000000000001,190,0.5477607576160852,0.4368421052631579
lr_2024_QQQ_180m,lr,F0,2024,QQQ,180,6,0.6000000000000001,0.7000000000000001,114,0.638952757158808,0.43859649122807015
lr_2024_QQQ_180m,lr,F0,2024,QQQ,180,7,0.7000000000000001,0.8,9,0.7212940221515417,0.6666666666666666
lr_2024_QQQ_180m,lr,F0,2024,QQQ,180,8,0.8,0.9,0,,
lr_2024_QQQ_180m,lr,F0,2024,QQQ,180,9,0.9,1.0,0,,
lr_2024_QQQ_180m,lr,F1,2024,QQQ,180,0,0.0,0.1,20,0.06169285077070287,0.6
lr_2024_QQQ_180m,lr,F1,2024,QQQ,180,1,0.1,0.2,73,0.16181401775400625,0.3835616438356164
lr_2024_QQQ_180m,lr,F1,2024,QQQ,180,2,0.2,0.30000000000000004,134,0.2515329369166935,0.3805970149253731
lr_2024_QQQ_180m,lr,F1,2024,QQQ,180,3,0.30000000000000004,0.4,176,0.3466955659743313,0.38636363636363635
lr_2024_QQQ_180m,lr,F1,2024,QQQ,180,4,0.4,0.5,119,0.4484506806023741,0.3949579831932773
lr_2024_QQQ_180m,lr,F1,2024,QQQ,180,5,0.5,0.6000000000000001,58,0.5345201878062035,0.5689655172413793
lr_2024_QQQ_180m,lr,F1,2024,QQQ,180,6,0.6000000000000001,0.7000000000000001,14,0.6413365273033735,0.5714285714285714
lr_2024_QQQ_180m,lr,F1,2024,QQQ,180,7,0.7000000000000001,0.8,1,0.7209309955033101,0.0
lr_2024_QQQ_180m,lr,F1,2024,QQQ,180,8,0.8,0.9,1,0.8925612225167171,1.0
lr_2024_QQQ_180m,lr,F1,2024,QQQ,180,9,0.9,1.0,3,0.9655615267397382,0.3333333333333333
lr_2024_SPY_30m,lr,F0,2024,SPY,30,0,0.0,0.1,0,,
lr_2024_SPY_30m,lr,F0,2024,SPY,30,1,0.1,0.2,3,0.17934733049961005,0.0
lr_2024_SPY_30m,lr,F0,2024,SPY,30,2,0.2,0.30000000000000004,52,0.2692918233267303,0.2692307692307692
lr_2024_SPY_30m,lr,F0,2024,SPY,30,3,0.30000000000000004,0.4,129,0.3513096179725687,0.2248062015503876
lr_2024_SPY_30m,lr,F0,2024,SPY,30,4,0.4,0.5,152,0.45141167003852445,0.29605263157894735
lr_2024_SPY_30m,lr,F0,2024,SPY,30,5,0.5,0.6000000000000001,125,0.5494626556911874,0.424
lr_2024_SPY_30m,lr,F0,2024,SPY,30,6,0.6000000000000001,0.7000000000000001,78,0.6420545008287317,0.38461538461538464
lr_2024_SPY_30m,lr,F0,2024,SPY,30,7,0.7000000000000001,0.8,39,0.734002397810958,0.5128205128205128
lr_2024_SPY_30m,lr,F0,2024,SPY,30,8,0.8,0.9,4,0.8348757045675048,0.25
lr_2024_SPY_30m,lr,F0,2024,SPY,30,9,0.9,1.0,0,,
lr_2024_SPY_30m,lr,F1,2024,SPY,30,0,0.0,0.1,0,,
lr_2024_SPY_30m,lr,F1,2024,SPY,30,1,0.1,0.2,4,0.18249546239091657,0.25
lr_2024_SPY_30m,lr,F1,2024,SPY,30,2,0.2,0.30000000000000004,31,0.2678146314712129,0.2903225806451613
lr_2024_SPY_30m,lr,F1,2024,SPY,30,3,0.30000000000000004,0.4,73,0.3555381532252853,0.2328767123287671
lr_2024_SPY_30m,lr,F1,2024,SPY,30,4,0.4,0.5,109,0.45085245268576185,0.2018348623853211
lr_2024_SPY_30m,lr,F1,2024,SPY,30,5,0.5,0.6000000000000001,137,0.5555401517431149,0.31386861313868614
lr_2024_SPY_30m,lr,F1,2024,SPY,30,6,0.6000000000000001,0.7000000000000001,108,0.6466794049896564,0.4166666666666667
lr_2024_SPY_30m,lr,F1,2024,SPY,30,7,0.7000000000000001,0.8,85,0.7501829480706909,0.43529411764705883
lr_2024_SPY_30m,lr,F1,2024,SPY,30,8,0.8,0.9,32,0.8300504062306905,0.53125
lr_2024_SPY_30m,lr,F1,2024,SPY,30,9,0.9,1.0,3,0.9152431834022535,0.3333333333333333
lr_2024_SPY_60m,lr,F0,2024,SPY,60,0,0.0,0.1,0,,
lr_2024_SPY_60m,lr,F0,2024,SPY,60,1,0.1,0.2,4,0.16363068551772517,0.75
lr_2024_SPY_60m,lr,F0,2024,SPY,60,2,0.2,0.30000000000000004,29,0.2579942823037749,0.2413793103448276
lr_2024_SPY_60m,lr,F0,2024,SPY,60,3,0.30000000000000004,0.4,131,0.3572492135792601,0.33587786259541985
lr_2024_SPY_60m,lr,F0,2024,SPY,60,4,0.4,0.5,210,0.4543373410776446,0.29523809523809524
lr_2024_SPY_60m,lr,F0,2024,SPY,60,5,0.5,0.6000000000000001,193,0.5471389223244003,0.41450777202072536
lr_2024_SPY_60m,lr,F0,2024,SPY,60,6,0.6000000000000001,0.7000000000000001,101,0.6454846875905019,0.3564356435643564
lr_2024_SPY_60m,lr,F0,2024,SPY,60,7,0.7000000000000001,0.8,29,0.734267538446858,0.5172413793103449
lr_2024_SPY_60m,lr,F0,2024,SPY,60,8,0.8,0.9,1,0.8010105833700134,0.0
lr_2024_SPY_60m,lr,F0,2024,SPY,60,9,0.9,1.0,0,,
lr_2024_SPY_60m,lr,F1,2024,SPY,60,0,0.0,0.1,4,0.06289480879207901,0.5
lr_2024_SPY_60m,lr,F1,2024,SPY,60,1,0.1,0.2,13,0.16675858748742228,0.23076923076923078
lr_2024_SPY_60m,lr,F1,2024,SPY,60,2,0.2,0.30000000000000004,44,0.26060025970655337,0.3181818181818182
lr_2024_SPY_60m,lr,F1,2024,SPY,60,3,0.30000000000000004,0.4,111,0.3555979162157577,0.3333333333333333
lr_2024_SPY_60m,lr,F1,2024,SPY,60,4,0.4,0.5,168,0.45274962093747223,0.3273809523809524
lr_2024_SPY_60m,lr,F1,2024,SPY,60,5,0.5,0.6000000000000001,170,0.5498005264006706,0.40588235294117647
lr_2024_SPY_60m,lr,F1,2024,SPY,60,6,0.6000000000000001,0.7000000000000001,126,0.6469071155846785,0.36507936507936506
lr_2024_SPY_60m,lr,F1,2024,SPY,60,7,0.7000000000000001,0.8,54,0.741781523005538,0.35185185185185186
lr_2024_SPY_60m,lr,F1,2024,SPY,60,8,0.8,0.9,8,0.8212919275611137,0.25
lr_2024_SPY_60m,lr,F1,2024,SPY,60,9,0.9,1.0,0,,
lr_2024_SPY_120m,lr,F0,2024,SPY,120,0,0.0,0.1,0,,
lr_2024_SPY_120m,lr,F0,2024,SPY,120,1,0.1,0.2,3,0.19188706811379683,0.6666666666666666
lr_2024_SPY_120m,lr,F0,2024,SPY,120,2,0.2,0.30000000000000004,20,0.27942605659661524,0.35
lr_2024_SPY_120m,lr,F0,2024,SPY,120,3,0.30000000000000004,0.4,134,0.3564303942521893,0.41044776119402987
lr_2024_SPY_120m,lr,F0,2024,SPY,120,4,0.4,0.5,229,0.4508737304391818,0.388646288209607
lr_2024_SPY_120m,lr,F0,2024,SPY,120,5,0.5,0.6000000000000001,259,0.5495196237074537,0.40540540540540543
lr_2024_SPY_120m,lr,F0,2024,SPY,120,6,0.6000000000000001,0.7000000000000001,146,0.6391274010387861,0.3904109589041096
lr_2024_SPY_120m,lr,F0,2024,SPY,120,7,0.7000000000000001,0.8,7,0.7185457348919468,0.5714285714285714
lr_2024_SPY_120m,lr,F0,2024,SPY,120,8,0.8,0.9,0,,
lr_2024_SPY_120m,lr,F0,2024,SPY,120,9,0.9,1.0,0,,
lr_2024_SPY_120m,lr,F1,2024,SPY,120,0,0.0,0.1,0,,
lr_2024_SPY_120m,lr,F1,2024,SPY,120,1,0.1,0.2,19,0.17117430497700156,0.3684210526315789
lr_2024_SPY_120m,lr,F1,2024,SPY,120,2,0.2,0.30000000000000004,70,0.26318109926605765,0.38571428571428573
lr_2024_SPY_120m,lr,F1,2024,SPY,120,3,0.30000000000000004,0.4,132,0.3548588461923589,0.4318181818181818
lr_2024_SPY_120m,lr,F1,2024,SPY,120,4,0.4,0.5,190,0.4508457716680274,0.39473684210526316
lr_2024_SPY_120m,lr,F1,2024,SPY,120,5,0.5,0.6000000000000001,216,0.5497968987128282,0.4074074074074074
lr_2024_SPY_120m,lr,F1,2024,SPY,120,6,0.6000000000000001,0.7000000000000001,137,0.6430202432043216,0.35036496350364965
lr_2024_SPY_120m,lr,F1,2024,SPY,120,7,0.7000000000000001,0.8,33,0.7284351865477336,0.48484848484848486
lr_2024_SPY_120m,lr,F1,2024,SPY,120,8,0.8,0.9,1,0.8034419038133184,1.0
lr_2024_SPY_120m,lr,F1,2024,SPY,120,9,0.9,1.0,0,,
lr_2024_SPY_180m,lr,F0,2024,SPY,180,0,0.0,0.1,0,,
lr_2024_SPY_180m,lr,F0,2024,SPY,180,1,0.1,0.2,1,0.1828414298587234,0.0
lr_2024_SPY_180m,lr,F0,2024,SPY,180,2,0.2,0.30000000000000004,8,0.2747204777366129,0.625
lr_2024_SPY_180m,lr,F0,2024,SPY,180,3,0.30000000000000004,0.4,122,0.35664841105163375,0.3770491803278688
lr_2024_SPY_180m,lr,F0,2024,SPY,180,4,0.4,0.5,238,0.44950932940310456,0.4327731092436975
lr_2024_SPY_180m,lr,F0,2024,SPY,180,5,0.5,0.6000000000000001,192,0.5483666124154298,0.4479166666666667
lr_2024_SPY_180m,lr,F0,2024,SPY,180,6,0.6000000000000001,0.7000000000000001,70,0.645077895888223,0.4714285714285714
lr_2024_SPY_180m,lr,F0,2024,SPY,180,7,0.7000000000000001,0.8,7,0.7313762046677708,0.42857142857142855
lr_2024_SPY_180m,lr,F0,2024,SPY,180,8,0.8,0.9,1,0.8150549077205407,0.0
lr_2024_SPY_180m,lr,F0,2024,SPY,180,9,0.9,1.0,0,,
lr_2024_SPY_180m,lr,F1,2024,SPY,180,0,0.0,0.1,1,0.03442290112462412,0.0
lr_2024_SPY_180m,lr,F1,2024,SPY,180,1,0.1,0.2,6,0.17846009561779486,0.5
lr_2024_SPY_180m,lr,F1,2024,SPY,180,2,0.2,0.30000000000000004,36,0.2581472741499571,0.3333333333333333
lr_2024_SPY_180m,lr,F1,2024,SPY,180,3,0.30000000000000004,0.4,97,0.35397222574795,0.422680412371134
lr_2024_SPY_180m,lr,F1,2024,SPY,180,4,0.4,0.5,146,0.45468727993728686,0.4041095890410959
lr_2024_SPY_180m,lr,F1,2024,SPY,180,5,0.5,0.6000000000000001,164,0.5523116908713858,0.4451219512195122
lr_2024_SPY_180m,lr,F1,2024,SPY,180,6,0.6000000000000001,0.7000000000000001,118,0.6426194050505446,0.4576271186440678
lr_2024_SPY_180m,lr,F1,2024,SPY,180,7,0.7000000000000001,0.8,54,0.7327924250780276,0.46296296296296297
lr_2024_SPY_180m,lr,F1,2024,SPY,180,8,0.8,0.9,15,0.842439811027014,0.6
lr_2024_SPY_180m,lr,F1,2024,SPY,180,9,0.9,1.0,2,0.9112090037222963,0.0
lr_2025_SPXW_30m,lr,F0,2025,SPXW,30,0,0.0,0.1,0,,
lr_2025_SPXW_30m,lr,F0,2025,SPXW,30,1,0.1,0.2,0,,
lr_2025_SPXW_30m,lr,F0,2025,SPXW,30,2,0.2,0.30000000000000004,49,0.2721510815918804,0.08163265306122448
lr_2025_SPXW_30m,lr,F0,2025,SPXW,30,3,0.30000000000000004,0.4,100,0.3493540137449299,0.2
lr_2025_SPXW_30m,lr,F0,2025,SPXW,30,4,0.4,0.5,104,0.4500874711791946,0.2692307692307692
lr_2025_SPXW_30m,lr,F0,2025,SPXW,30,5,0.5,0.6000000000000001,107,0.5518593478307442,0.3925233644859813
lr_2025_SPXW_30m,lr,F0,2025,SPXW,30,6,0.6000000000000001,0.7000000000000001,59,0.6418169912095976,0.4915254237288136
lr_2025_SPXW_30m,lr,F0,2025,SPXW,30,7,0.7000000000000001,0.8,24,0.7434560622813935,0.4166666666666667
lr_2025_SPXW_30m,lr,F0,2025,SPXW,30,8,0.8,0.9,10,0.8347808047456444,0.6
lr_2025_SPXW_30m,lr,F0,2025,SPXW,30,9,0.9,1.0,1,0.9037951868711344,0.0
lr_2025_SPXW_30m,lr,F1,2025,SPXW,30,0,0.0,0.1,4,0.02518201824296086,0.0
lr_2025_SPXW_30m,lr,F1,2025,SPXW,30,1,0.1,0.2,12,0.16962177175678428,0.0
lr_2025_SPXW_30m,lr,F1,2025,SPXW,30,2,0.2,0.30000000000000004,49,0.26090471386970904,0.10204081632653061
lr_2025_SPXW_30m,lr,F1,2025,SPXW,30,3,0.30000000000000004,0.4,100,0.3496577535361476,0.22
lr_2025_SPXW_30m,lr,F1,2025,SPXW,30,4,0.4,0.5,82,0.4513326799603417,0.25609756097560976
lr_2025_SPXW_30m,lr,F1,2025,SPXW,30,5,0.5,0.6000000000000001,96,0.5473289643246584,0.4166666666666667
lr_2025_SPXW_30m,lr,F1,2025,SPXW,30,6,0.6000000000000001,0.7000000000000001,67,0.6464744402417177,0.417910447761194
lr_2025_SPXW_30m,lr,F1,2025,SPXW,30,7,0.7000000000000001,0.8,31,0.7478737146631886,0.5483870967741935
lr_2025_SPXW_30m,lr,F1,2025,SPXW,30,8,0.8,0.9,11,0.8325153586497401,0.5454545454545454
lr_2025_SPXW_30m,lr,F1,2025,SPXW,30,9,0.9,1.0,2,0.9050834979325888,0.0
lr_2025_SPXW_60m,lr,F0,2025,SPXW,60,0,0.0,0.1,0,,
lr_2025_SPXW_60m,lr,F0,2025,SPXW,60,1,0.1,0.2,0,,
lr_2025_SPXW_60m,lr,F0,2025,SPXW,60,2,0.2,0.30000000000000004,12,0.28195250141382805,0.25
lr_2025_SPXW_60m,lr,F0,2025,SPXW,60,3,0.30000000000000004,0.4,133,0.35589169098575363,0.24812030075187969
lr_2025_SPXW_60m,lr,F0,2025,SPXW,60,4,0.4,0.5,164,0.4511483779152812,0.3597560975609756
lr_2025_SPXW_60m,lr,F0,2025,SPXW,60,5,0.5,0.6000000000000001,130,0.5476372655272054,0.4230769230769231
lr_2025_SPXW_60m,lr,F0,2025,SPXW,60,6,0.6000000000000001,0.7000000000000001,85,0.6342427422913159,0.5294117647058824
lr_2025_SPXW_60m,lr,F0,2025,SPXW,60,7,0.7000000000000001,0.8,15,0.7398044886866546,0.4
lr_2025_SPXW_60m,lr,F0,2025,SPXW,60,8,0.8,0.9,0,,
lr_2025_SPXW_60m,lr,F0,2025,SPXW,60,9,0.9,1.0,0,,
lr_2025_SPXW_60m,lr,F1,2025,SPXW,60,0,0.0,0.1,4,0.045982312664031647,0.5
lr_2025_SPXW_60m,lr,F1,2025,SPXW,60,1,0.1,0.2,6,0.16558901750768934,0.16666666666666666
lr_2025_SPXW_60m,lr,F1,2025,SPXW,60,2,0.2,0.30000000000000004,58,0.2698411690017603,0.22413793103448276
lr_2025_SPXW_60m,lr,F1,2025,SPXW,60,3,0.30000000000000004,0.4,116,0.3505809194713905,0.23275862068965517
lr_2025_SPXW_60m,lr,F1,2025,SPXW,60,4,0.4,0.5,145,0.4485248034731367,0.42758620689655175
lr_2025_SPXW_60m,lr,F1,2025,SPXW,60,5,0.5,0.6000000000000001,109,0.5464587015568152,0.4954128440366973
lr_2025_SPXW_60m,lr,F1,2025,SPXW,60,6,0.6000000000000001,0.7000000000000001,79,0.6393974426694246,0.4177215189873418
lr_2025_SPXW_60m,lr,F1,2025,SPXW,60,7,0.7000000000000001,0.8,20,0.7297695659134436,0.4
lr_2025_SPXW_60m,lr,F1,2025,SPXW,60,8,0.8,0.9,2,0.8391469920300624,0.5
lr_2025_SPXW_60m,lr,F1,2025,SPXW,60,9,0.9,1.0,0,,
lr_2025_SPXW_120m,lr,F0,2025,SPXW,120,0,0.0,0.1,0,,
lr_2025_SPXW_120m,lr,F0,2025,SPXW,120,1,0.1,0.2,0,,
lr_2025_SPXW_120m,lr,F0,2025,SPXW,120,2,0.2,0.30000000000000004,3,0.2560680026696707,0.3333333333333333
lr_2025_SPXW_120m,lr,F0,2025,SPXW,120,3,0.30000000000000004,0.4,69,0.3653459316389879,0.30434782608695654
lr_2025_SPXW_120m,lr,F0,2025,SPXW,120,4,0.4,0.5,230,0.45797058472829055,0.36086956521739133
lr_2025_SPXW_120m,lr,F0,2025,SPXW,120,5,0.5,0.6000000000000001,245,0.5389525350142402,0.42448979591836733
lr_2025_SPXW_120m,lr,F0,2025,SPXW,120,6,0.6000000000000001,0.7000000000000001,35,0.6246067872456783,0.5142857142857142
lr_2025_SPXW_120m,lr,F0,2025,SPXW,120,7,0.7000000000000001,0.8,9,0.7355998784671125,0.6666666666666666
lr_2025_SPXW_120m,lr,F0,2025,SPXW,120,8,0.8,0.9,2,0.8062873513227574,0.5
lr_2025_SPXW_120m,lr,F0,2025,SPXW,120,9,0.9,1.0,0,,
lr_2025_SPXW_120m,lr,F1,2025,SPXW,120,0,0.0,0.1,0,,
lr_2025_SPXW_120m,lr,F1,2025,SPXW,120,1,0.1,0.2,13,0.1754256964699756,0.38461538461538464
lr_2025_SPXW_120m,lr,F1,2025,SPXW,120,2,0.2,0.30000000000000004,92,0.26053020772421287,0.29347826086956524
lr_2025_SPXW_120m,lr,F1,2025,SPXW,120,3,0.30000000000000004,0.4,173,0.35065902496921025,0.3583815028901734
lr_2025_SPXW_120m,lr,F1,2025,SPXW,120,4,0.4,0.5,187,0.4490789463829673,0.40106951871657753
lr_2025_SPXW_120m,lr,F1,2025,SPXW,120,5,0.5,0.6000000000000001,103,0.5407242278463982,0.5145631067961165
lr_2025_SPXW_120m,lr,F1,2025,SPXW,120,6,0.6000000000000001,0.7000000000000001,16,0.6384027078024341,0.4375
lr_2025_SPXW_120m,lr,F1,2025,SPXW,120,7,0.7000000000000001,0.8,4,0.7213929721559984,0.75
lr_2025_SPXW_120m,lr,F1,2025,SPXW,120,8,0.8,0.9,3,0.8104695464293566,0.6666666666666666
lr_2025_SPXW_120m,lr,F1,2025,SPXW,120,9,0.9,1.0,2,0.999998635620313,0.0
lr_2025_SPXW_180m,lr,F0,2025,SPXW,180,0,0.0,0.1,0,,
lr_2025_SPXW_180m,lr,F0,2025,SPXW,180,1,0.1,0.2,0,,
lr_2025_SPXW_180m,lr,F0,2025,SPXW,180,2,0.2,0.30000000000000004,0,,
lr_2025_SPXW_180m,lr,F0,2025,SPXW,180,3,0.30000000000000004,0.4,25,0.37783044895998813,0.4
lr_2025_SPXW_180m,lr,F0,2025,SPXW,180,4,0.4,0.5,224,0.45948092801299756,0.33482142857142855
lr_2025_SPXW_180m,lr,F0,2025,SPXW,180,5,0.5,0.6000000000000001,189,0.5426732614364804,0.43386243386243384
lr_2025_SPXW_180m,lr,F0,2025,SPXW,180,6,0.6000000000000001,0.7000000000000001,34,0.6277664833136042,0.5294117647058824
lr_2025_SPXW_180m,lr,F0,2025,SPXW,180,7,0.7000000000000001,0.8,4,0.722182549107382,0.75
lr_2025_SPXW_180m,lr,F0,2025,SPXW,180,8,0.8,0.9,0,,
lr_2025_SPXW_180m,lr,F0,2025,SPXW,180,9,0.9,1.0,0,,
lr_2025_SPXW_180m,lr,F1,2025,SPXW,180,0,0.0,0.1,0,,
lr_2025_SPXW_180m,lr,F1,2025,SPXW,180,1,0.1,0.2,6,0.17664233433572682,0.16666666666666666
lr_2025_SPXW_180m,lr,F1,2025,SPXW,180,2,0.2,0.30000000000000004,101,0.25616285104968717,0.31683168316831684
lr_2025_SPXW_180m,lr,F1,2025,SPXW,180,3,0.30000000000000004,0.4,177,0.3510879463874927,0.4011299435028249
lr_2025_SPXW_180m,lr,F1,2025,SPXW,180,4,0.4,0.5,131,0.44395151348571266,0.44274809160305345
lr_2025_SPXW_180m,lr,F1,2025,SPXW,180,5,0.5,0.6000000000000001,50,0.533325933569444,0.44
lr_2025_SPXW_180m,lr,F1,2025,SPXW,180,6,0.6000000000000001,0.7000000000000001,8,0.6315157472871944,0.25
lr_2025_SPXW_180m,lr,F1,2025,SPXW,180,7,0.7000000000000001,0.8,3,0.7276397228466104,0.6666666666666666
lr_2025_SPXW_180m,lr,F1,2025,SPXW,180,8,0.8,0.9,0,,
lr_2025_SPXW_180m,lr,F1,2025,SPXW,180,9,0.9,1.0,0,,
lr_2025_QQQ_30m,lr,F0,2025,QQQ,30,0,0.0,0.1,0,,
lr_2025_QQQ_30m,lr,F0,2025,QQQ,30,1,0.1,0.2,0,,
lr_2025_QQQ_30m,lr,F0,2025,QQQ,30,2,0.2,0.30000000000000004,10,0.28231684421775355,0.2
lr_2025_QQQ_30m,lr,F0,2025,QQQ,30,3,0.30000000000000004,0.4,82,0.3631623492890816,0.3048780487804878
lr_2025_QQQ_30m,lr,F0,2025,QQQ,30,4,0.4,0.5,168,0.4468948370388444,0.25595238095238093
lr_2025_QQQ_30m,lr,F0,2025,QQQ,30,5,0.5,0.6000000000000001,145,0.5479674634757832,0.43448275862068964
lr_2025_QQQ_30m,lr,F0,2025,QQQ,30,6,0.6000000000000001,0.7000000000000001,71,0.6422829782910051,0.4225352112676056
lr_2025_QQQ_30m,lr,F0,2025,QQQ,30,7,0.7000000000000001,0.8,11,0.7403117853247158,0.8181818181818182
lr_2025_QQQ_30m,lr,F0,2025,QQQ,30,8,0.8,0.9,3,0.8555461635406963,0.6666666666666666
lr_2025_QQQ_30m,lr,F0,2025,QQQ,30,9,0.9,1.0,0,,
lr_2025_QQQ_30m,lr,F1,2025,QQQ,30,0,0.0,0.1,2,0.08386772676275703,0.0
lr_2025_QQQ_30m,lr,F1,2025,QQQ,30,1,0.1,0.2,10,0.14861777883730598,0.2
lr_2025_QQQ_30m,lr,F1,2025,QQQ,30,2,0.2,0.30000000000000004,52,0.26396728351339677,0.21153846153846154
lr_2025_QQQ_30m,lr,F1,2025,QQQ,30,3,0.30000000000000004,0.4,103,0.35179812437466135,0.3106796116504854
lr_2025_QQQ_30m,lr,F1,2025,QQQ,30,4,0.4,0.5,124,0.44782923341407066,0.3629032258064516
lr_2025_QQQ_30m,lr,F1,2025,QQQ,30,5,0.5,0.6000000000000001,109,0.5494777676826932,0.43119266055045874
lr_2025_QQQ_30m,lr,F1,2025,QQQ,30,6,0.6000000000000001,0.7000000000000001,62,0.643668110992536,0.3870967741935484
lr_2025_QQQ_30m,lr,F1,2025,QQQ,30,7,0.7000000000000001,0.8,18,0.7388825220276161,0.3888888888888889
lr_2025_QQQ_30m,lr,F1,2025,QQQ,30,8,0.8,0.9,7,0.8442406213985729,0.5714285714285714
lr_2025_QQQ_30m,lr,F1,2025,QQQ,30,9,0.9,1.0,3,0.9300209788072195,0.6666666666666666
lr_2025_QQQ_60m,lr,F0,2025,QQQ,60,0,0.0,0.1,0,,
lr_2025_QQQ_60m,lr,F0,2025,QQQ,60,1,0.1,0.2,1,0.11651897934383328,0.0
lr_2025_QQQ_60m,lr,F0,2025,QQQ,60,2,0.2,0.30000000000000004,4,0.2467238542376825,0.5
lr_2025_QQQ_60m,lr,F0,2025,QQQ,60,3,0.30000000000000004,0.4,62,0.37175487155575726,0.45161290322580644
lr_2025_QQQ_60m,lr,F0,2025,QQQ,60,4,0.4,0.5,215,0.4547397275011102,0.37209302325581395
lr_2025_QQQ_60m,lr,F0,2025,QQQ,60,5,0.5,0.6000000000000001,223,0.5431008923794793,0.43946188340807174
lr_2025_QQQ_60m,lr,F0,2025,QQQ,60,6,0.6000000000000001,0.7000000000000001,53,0.6328536662338257,0.6226415094339622
lr_2025_QQQ_60m,lr,F0,2025,QQQ,60,7,0.7000000000000001,0.8,0,,
lr_2025_QQQ_60m,lr,F0,2025,QQQ,60,8,0.8,0.9,0,,
lr_2025_QQQ_60m,lr,F0,2025,QQQ,60,9,0.9,1.0,0,,
lr_2025_QQQ_60m,lr,F1,2025,QQQ,60,0,0.0,0.1,0,,
lr_2025_QQQ_60m,lr,F1,2025,QQQ,60,1,0.1,0.2,4,0.17566589130342553,0.5
lr_2025_QQQ_60m,lr,F1,2025,QQQ,60,2,0.2,0.30000000000000004,23,0.26511682188587044,0.43478260869565216
lr_2025_QQQ_60m,lr,F1,2025,QQQ,60,3,0.30000000000000004,0.4,104,0.3580706509229572,0.3557692307692308
lr_2025_QQQ_60m,lr,F1,2025,QQQ,60,4,0.4,0.5,183,0.4500967219168675,0.4098360655737705
lr_2025_QQQ_60m,lr,F1,2025,QQQ,60,5,0.5,0.6000000000000001,158,0.5421769289360637,0.4620253164556962
lr_2025_QQQ_60m,lr,F1,2025,QQQ,60,6,0.6000000000000001,0.7000000000000001,60,0.6332073707891283,0.6
lr_2025_QQQ_60m,lr,F1,2025,QQQ,60,7,0.7000000000000001,0.8,23,0.7423741369967772,0.30434782608695654
lr_2025_QQQ_60m,lr,F1,2025,QQQ,60,8,0.8,0.9,3,0.8027392201070652,0.3333333333333333
lr_2025_QQQ_60m,lr,F1,2025,QQQ,60,9,0.9,1.0,0,,
lr_2025_QQQ_120m,lr,F0,2025,QQQ,120,0,0.0,0.1,0,,
lr_2025_QQQ_120m,lr,F0,2025,QQQ,120,1,0.1,0.2,0,,
lr_2025_QQQ_120m,lr,F0,2025,QQQ,120,2,0.2,0.30000000000000004,1,0.2876070042542828,1.0
lr_2025_QQQ_120m,lr,F0,2025,QQQ,120,3,0.30000000000000004,0.4,43,0.368232354047465,0.32558139534883723
lr_2025_QQQ_120m,lr,F0,2025,QQQ,120,4,0.4,0.5,252,0.45931583323557057,0.39285714285714285
lr_2025_QQQ_120m,lr,F0,2025,QQQ,120,5,0.5,0.6000000000000001,217,0.5427397645450917,0.4608294930875576
lr_2025_QQQ_120m,lr,F0,2025,QQQ,120,6,0.6000000000000001,0.7000000000000001,63,0.6295745761285938,0.6031746031746031
lr_2025_QQQ_120m,lr,F0,2025,QQQ,120,7,0.7000000000000001,0.8,3,0.7370595126630329,0.6666666666666666
lr_2025_QQQ_120m,lr,F0,2025,QQQ,120,8,0.8,0.9,0,,
lr_2025_QQQ_120m,lr,F0,2025,QQQ,120,9,0.9,1.0,0,,
lr_2025_QQQ_120m,lr,F1,2025,QQQ,120,0,0.0,0.1,1,0.021194922485361988,0.0
lr_2025_QQQ_120m,lr,F1,2025,QQQ,120,1,0.1,0.2,8,0.15077682792689495,0.375
lr_2025_QQQ_120m,lr,F1,2025,QQQ,120,2,0.2,0.30000000000000004,25,0.25998722116087586,0.44
lr_2025_QQQ_120m,lr,F1,2025,QQQ,120,3,0.30000000000000004,0.4,121,0.3606525286166117,0.4297520661157025
lr_2025_QQQ_120m,lr,F1,2025,QQQ,120,4,0.4,0.5,209,0.4501701335477428,0.40669856459330145
lr_2025_QQQ_120m,lr,F1,2025,QQQ,120,5,0.5,0.6000000000000001,132,0.5482502955588442,0.49242424242424243
lr_2025_QQQ_120m,lr,F1,2025,QQQ,120,6,0.6000000000000001,0.7000000000000001,60,0.6378406578824468,0.5333333333333333
lr_2025_QQQ_120m,lr,F1,2025,QQQ,120,7,0.7000000000000001,0.8,15,0.7387901470703537,0.4
lr_2025_QQQ_120m,lr,F1,2025,QQQ,120,8,0.8,0.9,8,0.8440404695616122,0.0
lr_2025_QQQ_120m,lr,F1,2025,QQQ,120,9,0.9,1.0,0,,
lr_2025_QQQ_180m,lr,F0,2025,QQQ,180,0,0.0,0.1,0,,
lr_2025_QQQ_180m,lr,F0,2025,QQQ,180,1,0.1,0.2,0,,
lr_2025_QQQ_180m,lr,F0,2025,QQQ,180,2,0.2,0.30000000000000004,0,,
lr_2025_QQQ_180m,lr,F0,2025,QQQ,180,3,0.30000000000000004,0.4,45,0.3706169821941648,0.35555555555555557
lr_2025_QQQ_180m,lr,F0,2025,QQQ,180,4,0.4,0.5,190,0.46316193200940164,0.41578947368421054
lr_2025_QQQ_180m,lr,F0,2025,QQQ,180,5,0.5,0.6000000000000001,196,0.5474659219216923,0.5561224489795918
lr_2025_QQQ_180m,lr,F0,2025,QQQ,180,6,0.6000000000000001,0.7000000000000001,29,0.6229155636736654,0.3103448275862069
lr_2025_QQQ_180m,lr,F0,2025,QQQ,180,7,0.7000000000000001,0.8,2,0.7322262340524963,0.5
lr_2025_QQQ_180m,lr,F0,2025,QQQ,180,8,0.8,0.9,0,,
lr_2025_QQQ_180m,lr,F0,2025,QQQ,180,9,0.9,1.0,0,,
lr_2025_QQQ_180m,lr,F1,2025,QQQ,180,0,0.0,0.1,0,,
lr_2025_QQQ_180m,lr,F1,2025,QQQ,180,1,0.1,0.2,7,0.17391342001297344,0.2857142857142857
lr_2025_QQQ_180m,lr,F1,2025,QQQ,180,2,0.2,0.30000000000000004,37,0.26280843014109223,0.5135135135135135
lr_2025_QQQ_180m,lr,F1,2025,QQQ,180,3,0.30000000000000004,0.4,118,0.35497938649047056,0.4067796610169492
lr_2025_QQQ_180m,lr,F1,2025,QQQ,180,4,0.4,0.5,153,0.44943925128984186,0.43790849673202614
lr_2025_QQQ_180m,lr,F1,2025,QQQ,180,5,0.5,0.6000000000000001,99,0.542621768922186,0.5151515151515151
lr_2025_QQQ_180m,lr,F1,2025,QQQ,180,6,0.6000000000000001,0.7000000000000001,34,0.6447644732630384,0.5882352941176471
lr_2025_QQQ_180m,lr,F1,2025,QQQ,180,7,0.7000000000000001,0.8,10,0.7357443362632579,0.6
lr_2025_QQQ_180m,lr,F1,2025,QQQ,180,8,0.8,0.9,4,0.8431846289033631,0.25
lr_2025_QQQ_180m,lr,F1,2025,QQQ,180,9,0.9,1.0,0,,
lr_2025_SPY_30m,lr,F0,2025,SPY,30,0,0.0,0.1,0,,
lr_2025_SPY_30m,lr,F0,2025,SPY,30,1,0.1,0.2,1,0.16828523901442527,0.0
lr_2025_SPY_30m,lr,F0,2025,SPY,30,2,0.2,0.30000000000000004,92,0.2721731350601689,0.09782608695652174
lr_2025_SPY_30m,lr,F0,2025,SPY,30,3,0.30000000000000004,0.4,140,0.3511300238640904,0.18571428571428572
lr_2025_SPY_30m,lr,F0,2025,SPY,30,4,0.4,0.5,143,0.4542214058453034,0.2727272727272727
lr_2025_SPY_30m,lr,F0,2025,SPY,30,5,0.5,0.6000000000000001,152,0.548869951686825,0.35526315789473684
lr_2025_SPY_30m,lr,F0,2025,SPY,30,6,0.6000000000000001,0.7000000000000001,93,0.6433042132104219,0.5268817204301075
lr_2025_SPY_30m,lr,F0,2025,SPY,30,7,0.7000000000000001,0.8,40,0.7414880954317246,0.475
lr_2025_SPY_30m,lr,F0,2025,SPY,30,8,0.8,0.9,5,0.8338260855655688,0.8
lr_2025_SPY_30m,lr,F0,2025,SPY,30,9,0.9,1.0,0,,
lr_2025_SPY_30m,lr,F1,2025,SPY,30,0,0.0,0.1,0,,
lr_2025_SPY_30m,lr,F1,2025,SPY,30,1,0.1,0.2,2,0.16725678008363995,0.0
lr_2025_SPY_30m,lr,F1,2025,SPY,30,2,0.2,0.30000000000000004,17,0.2749515318837785,0.058823529411764705
lr_2025_SPY_30m,lr,F1,2025,SPY,30,3,0.30000000000000004,0.4,84,0.3527348247596961,0.09523809523809523
lr_2025_SPY_30m,lr,F1,2025,SPY,30,4,0.4,0.5,139,0.4550921283955925,0.19424460431654678
lr_2025_SPY_30m,lr,F1,2025,SPY,30,5,0.5,0.6000000000000001,155,0.5507326253224247,0.2709677419354839
lr_2025_SPY_30m,lr,F1,2025,SPY,30,6,0.6000000000000001,0.7000000000000001,145,0.6522616473391203,0.41379310344827586
lr_2025_SPY_30m,lr,F1,2025,SPY,30,7,0.7000000000000001,0.8,94,0.7445040206925175,0.4787234042553192
lr_2025_SPY_30m,lr,F1,2025,SPY,30,8,0.8,0.9,28,0.832726061829593,0.5714285714285714
lr_2025_SPY_30m,lr,F1,2025,SPY,30,9,0.9,1.0,2,0.9121654113544049,0.5
lr_2025_SPY_60m,lr,F0,2025,SPY,60,0,0.0,0.1,0,,
lr_2025_SPY_60m,lr,F0,2025,SPY,60,1,0.1,0.2,1,0.19767064153119884,0.0
lr_2025_SPY_60m,lr,F0,2025,SPY,60,2,0.2,0.30000000000000004,13,0.28515083359760196,0.46153846153846156
lr_2025_SPY_60m,lr,F0,2025,SPY,60,3,0.30000000000000004,0.4,146,0.3618676086651046,0.2328767123287671
lr_2025_SPY_60m,lr,F0,2025,SPY,60,4,0.4,0.5,251,0.44830857089057874,0.30278884462151395
lr_2025_SPY_60m,lr,F0,2025,SPY,60,5,0.5,0.6000000000000001,250,0.5436338258497259,0.436
lr_2025_SPY_60m,lr,F0,2025,SPY,60,6,0.6000000000000001,0.7000000000000001,100,0.6400472231938947,0.44
lr_2025_SPY_60m,lr,F0,2025,SPY,60,7,0.7000000000000001,0.8,26,0.7466034027467252,0.46153846153846156
lr_2025_SPY_60m,lr,F0,2025,SPY,60,8,0.8,0.9,1,0.8371599234947491,1.0
lr_2025_SPY_60m,lr,F0,2025,SPY,60,9,0.9,1.0,0,,
lr_2025_SPY_60m,lr,F1,2025,SPY,60,0,0.0,0.1,0,,
lr_2025_SPY_60m,lr,F1,2025,SPY,60,1,0.1,0.2,2,0.13179686259949572,0.0
lr_2025_SPY_60m,lr,F1,2025,SPY,60,2,0.2,0.30000000000000004,14,0.26155544102592054,0.35714285714285715
lr_2025_SPY_60m,lr,F1,2025,SPY,60,3,0.30000000000000004,0.4,99,0.3592220641615477,0.21212121212121213
lr_2025_SPY_60m,lr,F1,2025,SPY,60,4,0.4,0.5,212,0.4535248219701403,0.25943396226415094
lr_2025_SPY_60m,lr,F1,2025,SPY,60,5,0.5,0.6000000000000001,239,0.5476831009545581,0.4225941422594142
lr_2025_SPY_60m,lr,F1,2025,SPY,60,6,0.6000000000000001,0.7000000000000001,166,0.6410915424186138,0.46987951807228917
lr_2025_SPY_60m,lr,F1,2025,SPY,60,7,0.7000000000000001,0.8,46,0.7369621698454797,0.32608695652173914
lr_2025_SPY_60m,lr,F1,2025,SPY,60,8,0.8,0.9,9,0.8335408371254652,0.6666666666666666
lr_2025_SPY_60m,lr,F1,2025,SPY,60,9,0.9,1.0,1,0.9299151225446808,1.0
lr_2025_SPY_120m,lr,F0,2025,SPY,120,0,0.0,0.1,1,0.09894851114633083,0.0
lr_2025_SPY_120m,lr,F0,2025,SPY,120,1,0.1,0.2,2,0.18712488793147097,0.5
lr_2025_SPY_120m,lr,F0,2025,SPY,120,2,0.2,0.30000000000000004,9,0.28203995740126603,0.5555555555555556
lr_2025_SPY_120m,lr,F0,2025,SPY,120,3,0.30000000000000004,0.4,57,0.3644560936474054,0.43859649122807015
lr_2025_SPY_120m,lr,F0,2025,SPY,120,4,0.4,0.5,349,0.45695646800158574,0.3553008595988539
lr_2025_SPY_120m,lr,F0,2025,SPY,120,5,0.5,0.6000000000000001,322,0.5424980988205959,0.5031055900621118
lr_2025_SPY_120m,lr,F0,2025,SPY,120,6,0.6000000000000001,0.7000000000000001,72,0.6301459117192905,0.5833333333333334
lr_2025_SPY_120m,lr,F0,2025,SPY,120,7,0.7000000000000001,0.8,6,0.7218330183637827,0.6666666666666666
lr_2025_SPY_120m,lr,F0,2025,SPY,120,8,0.8,0.9,0,,
lr_2025_SPY_120m,lr,F0,2025,SPY,120,9,0.9,1.0,0,,
lr_2025_SPY_120m,lr,F1,2025,SPY,120,0,0.0,0.1,2,0.05996424985152847,0.5
lr_2025_SPY_120m,lr,F1,2025,SPY,120,1,0.1,0.2,3,0.14455224440935585,0.6666666666666666
lr_2025_SPY_120m,lr,F1,2025,SPY,120,2,0.2,0.30000000000000004,14,0.26684498919169347,0.35714285714285715
lr_2025_SPY_120m,lr,F1,2025,SPY,120,3,0.30000000000000004,0.4,66,0.35870805478727164,0.3939393939393939
lr_2025_SPY_120m,lr,F1,2025,SPY,120,4,0.4,0.5,264,0.4582383047444659,0.3446969696969697
lr_2025_SPY_120m,lr,F1,2025,SPY,120,5,0.5,0.6000000000000001,327,0.5475428518451174,0.4923547400611621
lr_2025_SPY_120m,lr,F1,2025,SPY,120,6,0.6000000000000001,0.7000000000000001,123,0.6372643178217401,0.5203252032520326
lr_2025_SPY_120m,lr,F1,2025,SPY,120,7,0.7000000000000001,0.8,18,0.7331332076365622,0.6666666666666666
lr_2025_SPY_120m,lr,F1,2025,SPY,120,8,0.8,0.9,1,0.8160710204439362,1.0
lr_2025_SPY_120m,lr,F1,2025,SPY,120,9,0.9,1.0,0,,
lr_2025_SPY_180m,lr,F0,2025,SPY,180,0,0.0,0.1,0,,
lr_2025_SPY_180m,lr,F0,2025,SPY,180,1,0.1,0.2,0,,
lr_2025_SPY_180m,lr,F0,2025,SPY,180,2,0.2,0.30000000000000004,4,0.2712010203341543,0.25
lr_2025_SPY_180m,lr,F0,2025,SPY,180,3,0.30000000000000004,0.4,61,0.3596458109425467,0.26229508196721313
lr_2025_SPY_180m,lr,F0,2025,SPY,180,4,0.4,0.5,273,0.4553536761373278,0.3882783882783883
lr_2025_SPY_180m,lr,F0,2025,SPY,180,5,0.5,0.6000000000000001,249,0.542610048988743,0.4738955823293173
lr_2025_SPY_180m,lr,F0,2025,SPY,180,6,0.6000000000000001,0.7000000000000001,68,0.6372144233262658,0.5882352941176471
lr_2025_SPY_180m,lr,F0,2025,SPY,180,7,0.7000000000000001,0.8,12,0.7314321873189793,0.5833333333333334
lr_2025_SPY_180m,lr,F0,2025,SPY,180,8,0.8,0.9,2,0.8328582062985432,0.5
lr_2025_SPY_180m,lr,F0,2025,SPY,180,9,0.9,1.0,0,,
lr_2025_SPY_180m,lr,F1,2025,SPY,180,0,0.0,0.1,0,,
lr_2025_SPY_180m,lr,F1,2025,SPY,180,1,0.1,0.2,1,0.19949648317973123,1.0
lr_2025_SPY_180m,lr,F1,2025,SPY,180,2,0.2,0.30000000000000004,8,0.2748124682005352,0.0
lr_2025_SPY_180m,lr,F1,2025,SPY,180,3,0.30000000000000004,0.4,63,0.3669491948831612,0.2857142857142857
lr_2025_SPY_180m,lr,F1,2025,SPY,180,4,0.4,0.5,195,0.4559349471971891,0.358974358974359
lr_2025_SPY_180m,lr,F1,2025,SPY,180,5,0.5,0.6000000000000001,261,0.5490481550655854,0.47509578544061304
lr_2025_SPY_180m,lr,F1,2025,SPY,180,6,0.6000000000000001,0.7000000000000001,103,0.6393699164673512,0.5145631067961165
lr_2025_SPY_180m,lr,F1,2025,SPY,180,7,0.7000000000000001,0.8,33,0.7348656595228356,0.6060606060606061
lr_2025_SPY_180m,lr,F1,2025,SPY,180,8,0.8,0.9,4,0.8186943003854252,0.5
lr_2025_SPY_180m,lr,F1,2025,SPY,180,9,0.9,1.0,1,0.939792027548577,1.0
lgbm_sensitivity_2024_SPXW_30m,lgbm_sensitivity,F0,2024,SPXW,30,0,0.0,0.1,0,,
lgbm_sensitivity_2024_SPXW_30m,lgbm_sensitivity,F0,2024,SPXW,30,1,0.1,0.2,12,0.17818450754622542,0.0
lgbm_sensitivity_2024_SPXW_30m,lgbm_sensitivity,F0,2024,SPXW,30,2,0.2,0.30000000000000004,88,0.2539705691636471,0.17045454545454544
lgbm_sensitivity_2024_SPXW_30m,lgbm_sensitivity,F0,2024,SPXW,30,3,0.30000000000000004,0.4,111,0.3468590798146593,0.2702702702702703
lgbm_sensitivity_2024_SPXW_30m,lgbm_sensitivity,F0,2024,SPXW,30,4,0.4,0.5,104,0.45024183588139444,0.3942307692307692
lgbm_sensitivity_2024_SPXW_30m,lgbm_sensitivity,F0,2024,SPXW,30,5,0.5,0.6000000000000001,84,0.5513136881564946,0.27380952380952384
lgbm_sensitivity_2024_SPXW_30m,lgbm_sensitivity,F0,2024,SPXW,30,6,0.6000000000000001,0.7000000000000001,59,0.6465457786020542,0.3898305084745763
lgbm_sensitivity_2024_SPXW_30m,lgbm_sensitivity,F0,2024,SPXW,30,7,0.7000000000000001,0.8,17,0.7187322723182089,0.6470588235294118
lgbm_sensitivity_2024_SPXW_30m,lgbm_sensitivity,F0,2024,SPXW,30,8,0.8,0.9,2,0.8131754320371345,0.0
lgbm_sensitivity_2024_SPXW_30m,lgbm_sensitivity,F0,2024,SPXW,30,9,0.9,1.0,0,,
lgbm_sensitivity_2024_SPXW_30m,lgbm_sensitivity,F1,2024,SPXW,30,0,0.0,0.1,0,,
lgbm_sensitivity_2024_SPXW_30m,lgbm_sensitivity,F1,2024,SPXW,30,1,0.1,0.2,26,0.1720783912762308,0.11538461538461539
lgbm_sensitivity_2024_SPXW_30m,lgbm_sensitivity,F1,2024,SPXW,30,2,0.2,0.30000000000000004,78,0.2568091469412947,0.19230769230769232
lgbm_sensitivity_2024_SPXW_30m,lgbm_sensitivity,F1,2024,SPXW,30,3,0.30000000000000004,0.4,104,0.35315940112748734,0.25
lgbm_sensitivity_2024_SPXW_30m,lgbm_sensitivity,F1,2024,SPXW,30,4,0.4,0.5,116,0.4497800287670933,0.3017241379310345
lgbm_sensitivity_2024_SPXW_30m,lgbm_sensitivity,F1,2024,SPXW,30,5,0.5,0.6000000000000001,77,0.5493364611010365,0.4675324675324675
lgbm_sensitivity_2024_SPXW_30m,lgbm_sensitivity,F1,2024,SPXW,30,6,0.6000000000000001,0.7000000000000001,51,0.6454988622959595,0.37254901960784315
lgbm_sensitivity_2024_SPXW_30m,lgbm_sensitivity,F1,2024,SPXW,30,7,0.7000000000000001,0.8,21,0.7331735560238423,0.38095238095238093
lgbm_sensitivity_2024_SPXW_30m,lgbm_sensitivity,F1,2024,SPXW,30,8,0.8,0.9,4,0.8239498148679969,0.25
lgbm_sensitivity_2024_SPXW_30m,lgbm_sensitivity,F1,2024,SPXW,30,9,0.9,1.0,0,,
lgbm_sensitivity_2024_SPXW_60m,lgbm_sensitivity,F0,2024,SPXW,60,0,0.0,0.1,0,,
lgbm_sensitivity_2024_SPXW_60m,lgbm_sensitivity,F0,2024,SPXW,60,1,0.1,0.2,6,0.17561657815464907,0.0
lgbm_sensitivity_2024_SPXW_60m,lgbm_sensitivity,F0,2024,SPXW,60,2,0.2,0.30000000000000004,55,0.26231788050850613,0.2909090909090909
lgbm_sensitivity_2024_SPXW_60m,lgbm_sensitivity,F0,2024,SPXW,60,3,0.30000000000000004,0.4,132,0.35439528565899414,0.26515151515151514
lgbm_sensitivity_2024_SPXW_60m,lgbm_sensitivity,F0,2024,SPXW,60,4,0.4,0.5,154,0.45159961293895073,0.37012987012987014
lgbm_sensitivity_2024_SPXW_60m,lgbm_sensitivity,F0,2024,SPXW,60,5,0.5,0.6000000000000001,134,0.5470518260475307,0.417910447761194
lgbm_sensitivity_2024_SPXW_60m,lgbm_sensitivity,F0,2024,SPXW,60,6,0.6000000000000001,0.7000000000000001,70,0.6451611429111678,0.42857142857142855
lgbm_sensitivity_2024_SPXW_60m,lgbm_sensitivity,F0,2024,SPXW,60,7,0.7000000000000001,0.8,16,0.728642472205631,0.625
lgbm_sensitivity_2024_SPXW_60m,lgbm_sensitivity,F0,2024,SPXW,60,8,0.8,0.9,1,0.809715671174459,1.0
lgbm_sensitivity_2024_SPXW_60m,lgbm_sensitivity,F0,2024,SPXW,60,9,0.9,1.0,0,,
lgbm_sensitivity_2024_SPXW_60m,lgbm_sensitivity,F1,2024,SPXW,60,0,0.0,0.1,0,,
lgbm_sensitivity_2024_SPXW_60m,lgbm_sensitivity,F1,2024,SPXW,60,1,0.1,0.2,5,0.17506089050752743,0.2
lgbm_sensitivity_2024_SPXW_60m,lgbm_sensitivity,F1,2024,SPXW,60,2,0.2,0.30000000000000004,35,0.25761838729426234,0.14285714285714285
lgbm_sensitivity_2024_SPXW_60m,lgbm_sensitivity,F1,2024,SPXW,60,3,0.30000000000000004,0.4,123,0.3534751314175934,0.2926829268292683
lgbm_sensitivity_2024_SPXW_60m,lgbm_sensitivity,F1,2024,SPXW,60,4,0.4,0.5,158,0.4520893495973278,0.36075949367088606
lgbm_sensitivity_2024_SPXW_60m,lgbm_sensitivity,F1,2024,SPXW,60,5,0.5,0.6000000000000001,143,0.5508284038761792,0.38461538461538464
lgbm_sensitivity_2024_SPXW_60m,lgbm_sensitivity,F1,2024,SPXW,60,6,0.6000000000000001,0.7000000000000001,85,0.6428896229536064,0.4588235294117647
lgbm_sensitivity_2024_SPXW_60m,lgbm_sensitivity,F1,2024,SPXW,60,7,0.7000000000000001,0.8,19,0.7265563058966091,0.631578947368421
lgbm_sensitivity_2024_SPXW_60m,lgbm_sensitivity,F1,2024,SPXW,60,8,0.8,0.9,0,,
lgbm_sensitivity_2024_SPXW_60m,lgbm_sensitivity,F1,2024,SPXW,60,9,0.9,1.0,0,,
lgbm_sensitivity_2024_SPXW_120m,lgbm_sensitivity,F0,2024,SPXW,120,0,0.0,0.1,0,,
lgbm_sensitivity_2024_SPXW_120m,lgbm_sensitivity,F0,2024,SPXW,120,1,0.1,0.2,0,,
lgbm_sensitivity_2024_SPXW_120m,lgbm_sensitivity,F0,2024,SPXW,120,2,0.2,0.30000000000000004,51,0.2724466677439108,0.43137254901960786
lgbm_sensitivity_2024_SPXW_120m,lgbm_sensitivity,F0,2024,SPXW,120,3,0.30000000000000004,0.4,121,0.3564778349560764,0.4132231404958678
lgbm_sensitivity_2024_SPXW_120m,lgbm_sensitivity,F0,2024,SPXW,120,4,0.4,0.5,183,0.4516349885999908,0.3770491803278688
lgbm_sensitivity_2024_SPXW_120m,lgbm_sensitivity,F0,2024,SPXW,120,5,0.5,0.6000000000000001,182,0.5423253406532297,0.3956043956043956
lgbm_sensitivity_2024_SPXW_120m,lgbm_sensitivity,F0,2024,SPXW,120,6,0.6000000000000001,0.7000000000000001,102,0.6471802064560185,0.4215686274509804
lgbm_sensitivity_2024_SPXW_120m,lgbm_sensitivity,F0,2024,SPXW,120,7,0.7000000000000001,0.8,23,0.740809968995145,0.5652173913043478
lgbm_sensitivity_2024_SPXW_120m,lgbm_sensitivity,F0,2024,SPXW,120,8,0.8,0.9,0,,
lgbm_sensitivity_2024_SPXW_120m,lgbm_sensitivity,F0,2024,SPXW,120,9,0.9,1.0,0,,
lgbm_sensitivity_2024_SPXW_120m,lgbm_sensitivity,F1,2024,SPXW,120,0,0.0,0.1,0,,
lgbm_sensitivity_2024_SPXW_120m,lgbm_sensitivity,F1,2024,SPXW,120,1,0.1,0.2,8,0.18765438189355516,0.25
lgbm_sensitivity_2024_SPXW_120m,lgbm_sensitivity,F1,2024,SPXW,120,2,0.2,0.30000000000000004,60,0.2683800937204108,0.4166666666666667
lgbm_sensitivity_2024_SPXW_120m,lgbm_sensitivity,F1,2024,SPXW,120,3,0.30000000000000004,0.4,164,0.35810327732914193,0.34146341463414637
lgbm_sensitivity_2024_SPXW_120m,lgbm_sensitivity,F1,2024,SPXW,120,4,0.4,0.5,181,0.45229713879345546,0.43646408839779005
lgbm_sensitivity_2024_SPXW_120m,lgbm_sensitivity,F1,2024,SPXW,120,5,0.5,0.6000000000000001,145,0.5461858003602063,0.38620689655172413
lgbm_sensitivity_2024_SPXW_120m,lgbm_sensitivity,F1,2024,SPXW,120,6,0.6000000000000001,0.7000000000000001,80,0.6471817141586297,0.4875
lgbm_sensitivity_2024_SPXW_120m,lgbm_sensitivity,F1,2024,SPXW,120,7,0.7000000000000001,0.8,24,0.7275281951308958,0.5
lgbm_sensitivity_2024_SPXW_120m,lgbm_sensitivity,F1,2024,SPXW,120,8,0.8,0.9,0,,
lgbm_sensitivity_2024_SPXW_120m,lgbm_sensitivity,F1,2024,SPXW,120,9,0.9,1.0,0,,
lgbm_sensitivity_2024_SPXW_180m,lgbm_sensitivity,F0,2024,SPXW,180,0,0.0,0.1,0,,
lgbm_sensitivity_2024_SPXW_180m,lgbm_sensitivity,F0,2024,SPXW,180,1,0.1,0.2,0,,
lgbm_sensitivity_2024_SPXW_180m,lgbm_sensitivity,F0,2024,SPXW,180,2,0.2,0.30000000000000004,22,0.2688696745703723,0.5
lgbm_sensitivity_2024_SPXW_180m,lgbm_sensitivity,F0,2024,SPXW,180,3,0.30000000000000004,0.4,95,0.3561118845847103,0.3473684210526316
lgbm_sensitivity_2024_SPXW_180m,lgbm_sensitivity,F0,2024,SPXW,180,4,0.4,0.5,150,0.45019373038207505,0.44666666666666666
lgbm_sensitivity_2024_SPXW_180m,lgbm_sensitivity,F0,2024,SPXW,180,5,0.5,0.6000000000000001,152,0.547137632125237,0.4473684210526316
lgbm_sensitivity_2024_SPXW_180m,lgbm_sensitivity,F0,2024,SPXW,180,6,0.6000000000000001,0.7000000000000001,67,0.6489934092064044,0.3283582089552239
lgbm_sensitivity_2024_SPXW_180m,lgbm_sensitivity,F0,2024,SPXW,180,7,0.7000000000000001,0.8,16,0.7167779390649386,0.1875
lgbm_sensitivity_2024_SPXW_180m,lgbm_sensitivity,F0,2024,SPXW,180,8,0.8,0.9,0,,
lgbm_sensitivity_2024_SPXW_180m,lgbm_sensitivity,F0,2024,SPXW,180,9,0.9,1.0,0,,
lgbm_sensitivity_2024_SPXW_180m,lgbm_sensitivity,F1,2024,SPXW,180,0,0.0,0.1,0,,
lgbm_sensitivity_2024_SPXW_180m,lgbm_sensitivity,F1,2024,SPXW,180,1,0.1,0.2,8,0.16524254876627556,0.25
lgbm_sensitivity_2024_SPXW_180m,lgbm_sensitivity,F1,2024,SPXW,180,2,0.2,0.30000000000000004,71,0.26253080128556877,0.4647887323943662
lgbm_sensitivity_2024_SPXW_180m,lgbm_sensitivity,F1,2024,SPXW,180,3,0.30000000000000004,0.4,121,0.3586831868412816,0.38016528925619836
lgbm_sensitivity_2024_SPXW_180m,lgbm_sensitivity,F1,2024,SPXW,180,4,0.4,0.5,125,0.4479138430564757,0.408
lgbm_sensitivity_2024_SPXW_180m,lgbm_sensitivity,F1,2024,SPXW,180,5,0.5,0.6000000000000001,102,0.5442933907373375,0.3333333333333333
lgbm_sensitivity_2024_SPXW_180m,lgbm_sensitivity,F1,2024,SPXW,180,6,0.6000000000000001,0.7000000000000001,44,0.6483440787273147,0.5
lgbm_sensitivity_2024_SPXW_180m,lgbm_sensitivity,F1,2024,SPXW,180,7,0.7000000000000001,0.8,31,0.7350781426388635,0.5161290322580645
lgbm_sensitivity_2024_SPXW_180m,lgbm_sensitivity,F1,2024,SPXW,180,8,0.8,0.9,0,,
lgbm_sensitivity_2024_SPXW_180m,lgbm_sensitivity,F1,2024,SPXW,180,9,0.9,1.0,0,,
lgbm_sensitivity_2024_QQQ_30m,lgbm_sensitivity,F0,2024,QQQ,30,0,0.0,0.1,0,,
lgbm_sensitivity_2024_QQQ_30m,lgbm_sensitivity,F0,2024,QQQ,30,1,0.1,0.2,16,0.178356248992958,0.25
lgbm_sensitivity_2024_QQQ_30m,lgbm_sensitivity,F0,2024,QQQ,30,2,0.2,0.30000000000000004,92,0.25879505673573305,0.21739130434782608
lgbm_sensitivity_2024_QQQ_30m,lgbm_sensitivity,F0,2024,QQQ,30,3,0.30000000000000004,0.4,137,0.3486194393330603,0.30656934306569344
lgbm_sensitivity_2024_QQQ_30m,lgbm_sensitivity,F0,2024,QQQ,30,4,0.4,0.5,140,0.4506896173942305,0.34285714285714286
lgbm_sensitivity_2024_QQQ_30m,lgbm_sensitivity,F0,2024,QQQ,30,5,0.5,0.6000000000000001,138,0.5501268660694542,0.37681159420289856
lgbm_sensitivity_2024_QQQ_30m,lgbm_sensitivity,F0,2024,QQQ,30,6,0.6000000000000001,0.7000000000000001,114,0.6371828201711245,0.5263157894736842
lgbm_sensitivity_2024_QQQ_30m,lgbm_sensitivity,F0,2024,QQQ,30,7,0.7000000000000001,0.8,36,0.7373101476887496,0.4444444444444444
lgbm_sensitivity_2024_QQQ_30m,lgbm_sensitivity,F0,2024,QQQ,30,8,0.8,0.9,0,,
lgbm_sensitivity_2024_QQQ_30m,lgbm_sensitivity,F0,2024,QQQ,30,9,0.9,1.0,0,,
lgbm_sensitivity_2024_QQQ_30m,lgbm_sensitivity,F1,2024,QQQ,30,0,0.0,0.1,0,,
lgbm_sensitivity_2024_QQQ_30m,lgbm_sensitivity,F1,2024,QQQ,30,1,0.1,0.2,18,0.17298045529033967,0.2222222222222222
lgbm_sensitivity_2024_QQQ_30m,lgbm_sensitivity,F1,2024,QQQ,30,2,0.2,0.30000000000000004,67,0.2600141827765517,0.2835820895522388
lgbm_sensitivity_2024_QQQ_30m,lgbm_sensitivity,F1,2024,QQQ,30,3,0.30000000000000004,0.4,123,0.3499183355540286,0.3170731707317073
lgbm_sensitivity_2024_QQQ_30m,lgbm_sensitivity,F1,2024,QQQ,30,4,0.4,0.5,156,0.4509734208965668,0.3782051282051282
lgbm_sensitivity_2024_QQQ_30m,lgbm_sensitivity,F1,2024,QQQ,30,5,0.5,0.6000000000000001,139,0.5483640179856064,0.381294964028777
lgbm_sensitivity_2024_QQQ_30m,lgbm_sensitivity,F1,2024,QQQ,30,6,0.6000000000000001,0.7000000000000001,109,0.6427412127050042,0.3486238532110092
lgbm_sensitivity_2024_QQQ_30m,lgbm_sensitivity,F1,2024,QQQ,30,7,0.7000000000000001,0.8,58,0.7363143223475437,0.5
lgbm_sensitivity_2024_QQQ_30m,lgbm_sensitivity,F1,2024,QQQ,30,8,0.8,0.9,3,0.8347657594092287,0.3333333333333333
lgbm_sensitivity_2024_QQQ_30m,lgbm_sensitivity,F1,2024,QQQ,30,9,0.9,1.0,0,,
lgbm_sensitivity_2024_QQQ_60m,lgbm_sensitivity,F0,2024,QQQ,60,0,0.0,0.1,0,,
lgbm_sensitivity_2024_QQQ_60m,lgbm_sensitivity,F0,2024,QQQ,60,1,0.1,0.2,6,0.17978034390506148,0.0
lgbm_sensitivity_2024_QQQ_60m,lgbm_sensitivity,F0,2024,QQQ,60,2,0.2,0.30000000000000004,48,0.2554289900514471,0.3125
lgbm_sensitivity_2024_QQQ_60m,lgbm_sensitivity,F0,2024,QQQ,60,3,0.30000000000000004,0.4,147,0.3536208089893508,0.2653061224489796
lgbm_sensitivity_2024_QQQ_60m,lgbm_sensitivity,F0,2024,QQQ,60,4,0.4,0.5,202,0.4488060924246736,0.3910891089108911
lgbm_sensitivity_2024_QQQ_60m,lgbm_sensitivity,F0,2024,QQQ,60,5,0.5,0.6000000000000001,199,0.5446693786587834,0.41708542713567837
lgbm_sensitivity_2024_QQQ_60m,lgbm_sensitivity,F0,2024,QQQ,60,6,0.6000000000000001,0.7000000000000001,116,0.6466842184377706,0.45689655172413796
lgbm_sensitivity_2024_QQQ_60m,lgbm_sensitivity,F0,2024,QQQ,60,7,0.7000000000000001,0.8,44,0.7356793313979708,0.45454545454545453
lgbm_sensitivity_2024_QQQ_60m,lgbm_sensitivity,F0,2024,QQQ,60,8,0.8,0.9,1,0.8009884350721074,0.0
lgbm_sensitivity_2024_QQQ_60m,lgbm_sensitivity,F0,2024,QQQ,60,9,0.9,1.0,0,,
lgbm_sensitivity_2024_QQQ_60m,lgbm_sensitivity,F1,2024,QQQ,60,0,0.0,0.1,0,,
lgbm_sensitivity_2024_QQQ_60m,lgbm_sensitivity,F1,2024,QQQ,60,1,0.1,0.2,13,0.16347112217180945,0.3076923076923077
lgbm_sensitivity_2024_QQQ_60m,lgbm_sensitivity,F1,2024,QQQ,60,2,0.2,0.30000000000000004,48,0.26352375569299147,0.3541666666666667
lgbm_sensitivity_2024_QQQ_60m,lgbm_sensitivity,F1,2024,QQQ,60,3,0.30000000000000004,0.4,146,0.35274820707441656,0.3287671232876712
lgbm_sensitivity_2024_QQQ_60m,lgbm_sensitivity,F1,2024,QQQ,60,4,0.4,0.5,200,0.4518676041746961,0.375
lgbm_sensitivity_2024_QQQ_60m,lgbm_sensitivity,F1,2024,QQQ,60,5,0.5,0.6000000000000001,183,0.5489036195792113,0.3879781420765027
lgbm_sensitivity_2024_QQQ_60m,lgbm_sensitivity,F1,2024,QQQ,60,6,0.6000000000000001,0.7000000000000001,109,0.6482493187730558,0.43119266055045874
lgbm_sensitivity_2024_QQQ_60m,lgbm_sensitivity,F1,2024,QQQ,60,7,0.7000000000000001,0.8,54,0.7360063808545896,0.42592592592592593
lgbm_sensitivity_2024_QQQ_60m,lgbm_sensitivity,F1,2024,QQQ,60,8,0.8,0.9,10,0.8272839777258889,0.4
lgbm_sensitivity_2024_QQQ_60m,lgbm_sensitivity,F1,2024,QQQ,60,9,0.9,1.0,0,,
lgbm_sensitivity_2024_QQQ_120m,lgbm_sensitivity,F0,2024,QQQ,120,0,0.0,0.1,0,,
lgbm_sensitivity_2024_QQQ_120m,lgbm_sensitivity,F0,2024,QQQ,120,1,0.1,0.2,4,0.1866412949582257,0.25
lgbm_sensitivity_2024_QQQ_120m,lgbm_sensitivity,F0,2024,QQQ,120,2,0.2,0.30000000000000004,59,0.2591787138537486,0.423728813559322
lgbm_sensitivity_2024_QQQ_120m,lgbm_sensitivity,F0,2024,QQQ,120,3,0.30000000000000004,0.4,150,0.3540086154352276,0.3933333333333333
lgbm_sensitivity_2024_QQQ_120m,lgbm_sensitivity,F0,2024,QQQ,120,4,0.4,0.5,178,0.4501735020951177,0.4101123595505618
lgbm_sensitivity_2024_QQQ_120m,lgbm_sensitivity,F0,2024,QQQ,120,5,0.5,0.6000000000000001,175,0.5476456955924469,0.3314285714285714
lgbm_sensitivity_2024_QQQ_120m,lgbm_sensitivity,F0,2024,QQQ,120,6,0.6000000000000001,0.7000000000000001,113,0.6452187904176395,0.504424778761062
lgbm_sensitivity_2024_QQQ_120m,lgbm_sensitivity,F0,2024,QQQ,120,7,0.7000000000000001,0.8,73,0.737119132475991,0.410958904109589
lgbm_sensitivity_2024_QQQ_120m,lgbm_sensitivity,F0,2024,QQQ,120,8,0.8,0.9,4,0.8125808686359758,0.25
lgbm_sensitivity_2024_QQQ_120m,lgbm_sensitivity,F0,2024,QQQ,120,9,0.9,1.0,0,,
lgbm_sensitivity_2024_QQQ_120m,lgbm_sensitivity,F1,2024,QQQ,120,0,0.0,0.1,0,,
lgbm_sensitivity_2024_QQQ_120m,lgbm_sensitivity,F1,2024,QQQ,120,1,0.1,0.2,8,0.17259022881956898,0.25
lgbm_sensitivity_2024_QQQ_120m,lgbm_sensitivity,F1,2024,QQQ,120,2,0.2,0.30000000000000004,67,0.2672107345077917,0.3880597014925373
lgbm_sensitivity_2024_QQQ_120m,lgbm_sensitivity,F1,2024,QQQ,120,3,0.30000000000000004,0.4,155,0.35352178654613475,0.3870967741935484
lgbm_sensitivity_2024_QQQ_120m,lgbm_sensitivity,F1,2024,QQQ,120,4,0.4,0.5,200,0.4490861408214186,0.36
lgbm_sensitivity_2024_QQQ_120m,lgbm_sensitivity,F1,2024,QQQ,120,5,0.5,0.6000000000000001,168,0.5539656296435095,0.42857142857142855
lgbm_sensitivity_2024_QQQ_120m,lgbm_sensitivity,F1,2024,QQQ,120,6,0.6000000000000001,0.7000000000000001,110,0.6451974587569985,0.4727272727272727
lgbm_sensitivity_2024_QQQ_120m,lgbm_sensitivity,F1,2024,QQQ,120,7,0.7000000000000001,0.8,40,0.7394486980761878,0.375
lgbm_sensitivity_2024_QQQ_120m,lgbm_sensitivity,F1,2024,QQQ,120,8,0.8,0.9,8,0.8319314809843865,0.625
lgbm_sensitivity_2024_QQQ_120m,lgbm_sensitivity,F1,2024,QQQ,120,9,0.9,1.0,0,,
lgbm_sensitivity_2024_QQQ_180m,lgbm_sensitivity,F0,2024,QQQ,180,0,0.0,0.1,0,,
lgbm_sensitivity_2024_QQQ_180m,lgbm_sensitivity,F0,2024,QQQ,180,1,0.1,0.2,14,0.17618787032649694,0.5714285714285714
lgbm_sensitivity_2024_QQQ_180m,lgbm_sensitivity,F0,2024,QQQ,180,2,0.2,0.30000000000000004,87,0.2619192671810371,0.3793103448275862
lgbm_sensitivity_2024_QQQ_180m,lgbm_sensitivity,F0,2024,QQQ,180,3,0.30000000000000004,0.4,109,0.3490352100026922,0.3761467889908257
lgbm_sensitivity_2024_QQQ_180m,lgbm_sensitivity,F0,2024,QQQ,180,4,0.4,0.5,121,0.4494338731821282,0.4214876033057851
lgbm_sensitivity_2024_QQQ_180m,lgbm_sensitivity,F0,2024,QQQ,180,5,0.5,0.6000000000000001,127,0.5469839556412955,0.3858267716535433
lgbm_sensitivity_2024_QQQ_180m,lgbm_sensitivity,F0,2024,QQQ,180,6,0.6000000000000001,0.7000000000000001,96,0.644291745772787,0.5
lgbm_sensitivity_2024_QQQ_180m,lgbm_sensitivity,F0,2024,QQQ,180,7,0.7000000000000001,0.8,44,0.7342608769811476,0.4318181818181818
lgbm_sensitivity_2024_QQQ_180m,lgbm_sensitivity,F0,2024,QQQ,180,8,0.8,0.9,1,0.8039536522735721,0.0
lgbm_sensitivity_2024_QQQ_180m,lgbm_sensitivity,F0,2024,QQQ,180,9,0.9,1.0,0,,
lgbm_sensitivity_2024_QQQ_180m,lgbm_sensitivity,F1,2024,QQQ,180,0,0.0,0.1,0,,
lgbm_sensitivity_2024_QQQ_180m,lgbm_sensitivity,F1,2024,QQQ,180,1,0.1,0.2,13,0.1732852921599975,0.38461538461538464
lgbm_sensitivity_2024_QQQ_180m,lgbm_sensitivity,F1,2024,QQQ,180,2,0.2,0.30000000000000004,72,0.2626730219063406,0.4166666666666667
lgbm_sensitivity_2024_QQQ_180m,lgbm_sensitivity,F1,2024,QQQ,180,3,0.30000000000000004,0.4,140,0.3473792788619347,0.39285714285714285
lgbm_sensitivity_2024_QQQ_180m,lgbm_sensitivity,F1,2024,QQQ,180,4,0.4,0.5,172,0.446881536842618,0.3953488372093023
lgbm_sensitivity_2024_QQQ_180m,lgbm_sensitivity,F1,2024,QQQ,180,5,0.5,0.6000000000000001,128,0.546489058352317,0.453125
lgbm_sensitivity_2024_QQQ_180m,lgbm_sensitivity,F1,2024,QQQ,180,6,0.6000000000000001,0.7000000000000001,58,0.6513107522957863,0.39655172413793105
lgbm_sensitivity_2024_QQQ_180m,lgbm_sensitivity,F1,2024,QQQ,180,7,0.7000000000000001,0.8,15,0.7472748614963456,0.6
lgbm_sensitivity_2024_QQQ_180m,lgbm_sensitivity,F1,2024,QQQ,180,8,0.8,0.9,1,0.801789675978333,1.0
lgbm_sensitivity_2024_QQQ_180m,lgbm_sensitivity,F1,2024,QQQ,180,9,0.9,1.0,0,,
lgbm_sensitivity_2024_SPY_30m,lgbm_sensitivity,F0,2024,SPY,30,0,0.0,0.1,3,0.09138372471972649,0.3333333333333333
lgbm_sensitivity_2024_SPY_30m,lgbm_sensitivity,F0,2024,SPY,30,1,0.1,0.2,42,0.16411843322101508,0.11904761904761904
lgbm_sensitivity_2024_SPY_30m,lgbm_sensitivity,F0,2024,SPY,30,2,0.2,0.30000000000000004,103,0.25209941661879004,0.21359223300970873
lgbm_sensitivity_2024_SPY_30m,lgbm_sensitivity,F0,2024,SPY,30,3,0.30000000000000004,0.4,112,0.34810045493934744,0.25
lgbm_sensitivity_2024_SPY_30m,lgbm_sensitivity,F0,2024,SPY,30,4,0.4,0.5,104,0.4475468923360398,0.3942307692307692
lgbm_sensitivity_2024_SPY_30m,lgbm_sensitivity,F0,2024,SPY,30,5,0.5,0.6000000000000001,91,0.5519501349963117,0.4175824175824176
lgbm_sensitivity_2024_SPY_30m,lgbm_sensitivity,F0,2024,SPY,30,6,0.6000000000000001,0.7000000000000001,86,0.6444162979920647,0.4186046511627907
lgbm_sensitivity_2024_SPY_30m,lgbm_sensitivity,F0,2024,SPY,30,7,0.7000000000000001,0.8,34,0.7313645232282282,0.5294117647058824
lgbm_sensitivity_2024_SPY_30m,lgbm_sensitivity,F0,2024,SPY,30,8,0.8,0.9,7,0.8339410283515154,0.42857142857142855
lgbm_sensitivity_2024_SPY_30m,lgbm_sensitivity,F0,2024,SPY,30,9,0.9,1.0,0,,
lgbm_sensitivity_2024_SPY_30m,lgbm_sensitivity,F1,2024,SPY,30,0,0.0,0.1,3,0.09202895482450058,0.0
lgbm_sensitivity_2024_SPY_30m,lgbm_sensitivity,F1,2024,SPY,30,1,0.1,0.2,37,0.16535672529341444,0.2702702702702703
lgbm_sensitivity_2024_SPY_30m,lgbm_sensitivity,F1,2024,SPY,30,2,0.2,0.30000000000000004,71,0.24947962528911605,0.19718309859154928
lgbm_sensitivity_2024_SPY_30m,lgbm_sensitivity,F1,2024,SPY,30,3,0.30000000000000004,0.4,118,0.3553342652086099,0.23728813559322035
lgbm_sensitivity_2024_SPY_30m,lgbm_sensitivity,F1,2024,SPY,30,4,0.4,0.5,133,0.45195996949055633,0.3609022556390977
lgbm_sensitivity_2024_SPY_30m,lgbm_sensitivity,F1,2024,SPY,30,5,0.5,0.6000000000000001,97,0.5511087593129105,0.4020618556701031
lgbm_sensitivity_2024_SPY_30m,lgbm_sensitivity,F1,2024,SPY,30,6,0.6000000000000001,0.7000000000000001,82,0.6486776717142375,0.4146341463414634
lgbm_sensitivity_2024_SPY_30m,lgbm_sensitivity,F1,2024,SPY,30,7,0.7000000000000001,0.8,36,0.7315630292652302,0.4722222222222222
lgbm_sensitivity_2024_SPY_30m,lgbm_sensitivity,F1,2024,SPY,30,8,0.8,0.9,5,0.8199069135968162,0.4
lgbm_sensitivity_2024_SPY_30m,lgbm_sensitivity,F1,2024,SPY,30,9,0.9,1.0,0,,
lgbm_sensitivity_2024_SPY_60m,lgbm_sensitivity,F0,2024,SPY,60,0,0.0,0.1,0,,
lgbm_sensitivity_2024_SPY_60m,lgbm_sensitivity,F0,2024,SPY,60,1,0.1,0.2,25,0.1832795792275689,0.32
lgbm_sensitivity_2024_SPY_60m,lgbm_sensitivity,F0,2024,SPY,60,2,0.2,0.30000000000000004,99,0.2597985383649726,0.24242424242424243
lgbm_sensitivity_2024_SPY_60m,lgbm_sensitivity,F0,2024,SPY,60,3,0.30000000000000004,0.4,131,0.3556363214826107,0.2824427480916031
lgbm_sensitivity_2024_SPY_60m,lgbm_sensitivity,F0,2024,SPY,60,4,0.4,0.5,147,0.4484855731076341,0.42857142857142855
lgbm_sensitivity_2024_SPY_60m,lgbm_sensitivity,F0,2024,SPY,60,5,0.5,0.6000000000000001,132,0.5427518344946504,0.3484848484848485
lgbm_sensitivity_2024_SPY_60m,lgbm_sensitivity,F0,2024,SPY,60,6,0.6000000000000001,0.7000000000000001,102,0.6494524890186324,0.38235294117647056
lgbm_sensitivity_2024_SPY_60m,lgbm_sensitivity,F0,2024,SPY,60,7,0.7000000000000001,0.8,47,0.7441320419079419,0.48936170212765956
lgbm_sensitivity_2024_SPY_60m,lgbm_sensitivity,F0,2024,SPY,60,8,0.8,0.9,15,0.8329085866811483,0.4666666666666667
lgbm_sensitivity_2024_SPY_60m,lgbm_sensitivity,F0,2024,SPY,60,9,0.9,1.0,0,,
lgbm_sensitivity_2024_SPY_60m,lgbm_sensitivity,F1,2024,SPY,60,0,0.0,0.1,0,,
lgbm_sensitivity_2024_SPY_60m,lgbm_sensitivity,F1,2024,SPY,60,1,0.1,0.2,17,0.17176288237106485,0.058823529411764705
lgbm_sensitivity_2024_SPY_60m,lgbm_sensitivity,F1,2024,SPY,60,2,0.2,0.30000000000000004,95,0.25558284075022913,0.35789473684210527
lgbm_sensitivity_2024_SPY_60m,lgbm_sensitivity,F1,2024,SPY,60,3,0.30000000000000004,0.4,163,0.3522357895503293,0.3128834355828221
lgbm_sensitivity_2024_SPY_60m,lgbm_sensitivity,F1,2024,SPY,60,4,0.4,0.5,143,0.45209268688340315,0.32167832167832167
lgbm_sensitivity_2024_SPY_60m,lgbm_sensitivity,F1,2024,SPY,60,5,0.5,0.6000000000000001,137,0.5453470164485469,0.41605839416058393
lgbm_sensitivity_2024_SPY_60m,lgbm_sensitivity,F1,2024,SPY,60,6,0.6000000000000001,0.7000000000000001,86,0.6439281035894849,0.38372093023255816
lgbm_sensitivity_2024_SPY_60m,lgbm_sensitivity,F1,2024,SPY,60,7,0.7000000000000001,0.8,48,0.7452276717467302,0.4166666666666667
lgbm_sensitivity_2024_SPY_60m,lgbm_sensitivity,F1,2024,SPY,60,8,0.8,0.9,9,0.8368676257099442,0.5555555555555556
lgbm_sensitivity_2024_SPY_60m,lgbm_sensitivity,F1,2024,SPY,60,9,0.9,1.0,0,,
lgbm_sensitivity_2024_SPY_120m,lgbm_sensitivity,F0,2024,SPY,120,0,0.0,0.1,0,,
lgbm_sensitivity_2024_SPY_120m,lgbm_sensitivity,F0,2024,SPY,120,1,0.1,0.2,14,0.17024325360326226,0.5
lgbm_sensitivity_2024_SPY_120m,lgbm_sensitivity,F0,2024,SPY,120,2,0.2,0.30000000000000004,79,0.263714692449567,0.4430379746835443
lgbm_sensitivity_2024_SPY_120m,lgbm_sensitivity,F0,2024,SPY,120,3,0.30000000000000004,0.4,174,0.3548042261321005,0.3505747126436782
lgbm_sensitivity_2024_SPY_120m,lgbm_sensitivity,F0,2024,SPY,120,4,0.4,0.5,186,0.45256829717673114,0.41935483870967744
lgbm_sensitivity_2024_SPY_120m,lgbm_sensitivity,F0,2024,SPY,120,5,0.5,0.6000000000000001,187,0.5509666913295472,0.36363636363636365
lgbm_sensitivity_2024_SPY_120m,lgbm_sensitivity,F0,2024,SPY,120,6,0.6000000000000001,0.7000000000000001,122,0.6390107174986912,0.4426229508196721
lgbm_sensitivity_2024_SPY_120m,lgbm_sensitivity,F0,2024,SPY,120,7,0.7000000000000001,0.8,34,0.7331826234205122,0.4411764705882353
lgbm_sensitivity_2024_SPY_120m,lgbm_sensitivity,F0,2024,SPY,120,8,0.8,0.9,2,0.8098796937188231,0.5
lgbm_sensitivity_2024_SPY_120m,lgbm_sensitivity,F0,2024,SPY,120,9,0.9,1.0,0,,
lgbm_sensitivity_2024_SPY_120m,lgbm_sensitivity,F1,2024,SPY,120,0,0.0,0.1,0,,
lgbm_sensitivity_2024_SPY_120m,lgbm_sensitivity,F1,2024,SPY,120,1,0.1,0.2,13,0.16116894456034483,0.6153846153846154
lgbm_sensitivity_2024_SPY_120m,lgbm_sensitivity,F1,2024,SPY,120,2,0.2,0.30000000000000004,82,0.25884767970296163,0.4024390243902439
lgbm_sensitivity_2024_SPY_120m,lgbm_sensitivity,F1,2024,SPY,120,3,0.30000000000000004,0.4,165,0.34925053022583696,0.3575757575757576
lgbm_sensitivity_2024_SPY_120m,lgbm_sensitivity,F1,2024,SPY,120,4,0.4,0.5,217,0.4506663589472463,0.3870967741935484
lgbm_sensitivity_2024_SPY_120m,lgbm_sensitivity,F1,2024,SPY,120,5,0.5,0.6000000000000001,183,0.5449135467170112,0.4207650273224044
lgbm_sensitivity_2024_SPY_120m,lgbm_sensitivity,F1,2024,SPY,120,6,0.6000000000000001,0.7000000000000001,117,0.6404456392072011,0.4017094017094017
lgbm_sensitivity_2024_SPY_120m,lgbm_sensitivity,F1,2024,SPY,120,7,0.7000000000000001,0.8,21,0.7352347316052844,0.5238095238095238
lgbm_sensitivity_2024_SPY_120m,lgbm_sensitivity,F1,2024,SPY,120,8,0.8,0.9,0,,
lgbm_sensitivity_2024_SPY_120m,lgbm_sensitivity,F1,2024,SPY,120,9,0.9,1.0,0,,
lgbm_sensitivity_2024_SPY_180m,lgbm_sensitivity,F0,2024,SPY,180,0,0.0,0.1,0,,
lgbm_sensitivity_2024_SPY_180m,lgbm_sensitivity,F0,2024,SPY,180,1,0.1,0.2,5,0.18505055617482397,0.6
lgbm_sensitivity_2024_SPY_180m,lgbm_sensitivity,F0,2024,SPY,180,2,0.2,0.30000000000000004,55,0.2615631749766672,0.4909090909090909
lgbm_sensitivity_2024_SPY_180m,lgbm_sensitivity,F0,2024,SPY,180,3,0.30000000000000004,0.4,129,0.35199821211753635,0.4496124031007752
lgbm_sensitivity_2024_SPY_180m,lgbm_sensitivity,F0,2024,SPY,180,4,0.4,0.5,192,0.4467795449902702,0.4270833333333333
lgbm_sensitivity_2024_SPY_180m,lgbm_sensitivity,F0,2024,SPY,180,5,0.5,0.6000000000000001,149,0.5483609241944003,0.436241610738255
lgbm_sensitivity_2024_SPY_180m,lgbm_sensitivity,F0,2024,SPY,180,6,0.6000000000000001,0.7000000000000001,83,0.6425460584632338,0.43373493975903615
lgbm_sensitivity_2024_SPY_180m,lgbm_sensitivity,F0,2024,SPY,180,7,0.7000000000000001,0.8,26,0.7360310858183765,0.19230769230769232
lgbm_sensitivity_2024_SPY_180m,lgbm_sensitivity,F0,2024,SPY,180,8,0.8,0.9,0,,
lgbm_sensitivity_2024_SPY_180m,lgbm_sensitivity,F0,2024,SPY,180,9,0.9,1.0,0,,
lgbm_sensitivity_2024_SPY_180m,lgbm_sensitivity,F1,2024,SPY,180,0,0.0,0.1,0,,
lgbm_sensitivity_2024_SPY_180m,lgbm_sensitivity,F1,2024,SPY,180,1,0.1,0.2,4,0.18030976112684008,0.5
lgbm_sensitivity_2024_SPY_180m,lgbm_sensitivity,F1,2024,SPY,180,2,0.2,0.30000000000000004,61,0.2547907575241559,0.47540983606557374
lgbm_sensitivity_2024_SPY_180m,lgbm_sensitivity,F1,2024,SPY,180,3,0.30000000000000004,0.4,145,0.35486727362440557,0.4482758620689655
lgbm_sensitivity_2024_SPY_180m,lgbm_sensitivity,F1,2024,SPY,180,4,0.4,0.5,174,0.4470784698426286,0.39080459770114945
lgbm_sensitivity_2024_SPY_180m,lgbm_sensitivity,F1,2024,SPY,180,5,0.5,0.6000000000000001,133,0.5441365955257101,0.46616541353383456
lgbm_sensitivity_2024_SPY_180m,lgbm_sensitivity,F1,2024,SPY,180,6,0.6000000000000001,0.7000000000000001,87,0.6426543441729283,0.4367816091954023
lgbm_sensitivity_2024_SPY_180m,lgbm_sensitivity,F1,2024,SPY,180,7,0.7000000000000001,0.8,31,0.7315639000791074,0.3548387096774194
lgbm_sensitivity_2024_SPY_180m,lgbm_sensitivity,F1,2024,SPY,180,8,0.8,0.9,4,0.8288827663775805,0.25
lgbm_sensitivity_2024_SPY_180m,lgbm_sensitivity,F1,2024,SPY,180,9,0.9,1.0,0,,
lgbm_sensitivity_2025_SPXW_30m,lgbm_sensitivity,F0,2025,SPXW,30,0,0.0,0.1,4,0.0865292082441829,0.0
lgbm_sensitivity_2025_SPXW_30m,lgbm_sensitivity,F0,2025,SPXW,30,1,0.1,0.2,46,0.1573800986108864,0.043478260869565216
lgbm_sensitivity_2025_SPXW_30m,lgbm_sensitivity,F0,2025,SPXW,30,2,0.2,0.30000000000000004,62,0.2523634763820446,0.14516129032258066
lgbm_sensitivity_2025_SPXW_30m,lgbm_sensitivity,F0,2025,SPXW,30,3,0.30000000000000004,0.4,69,0.35495600945184086,0.2463768115942029
lgbm_sensitivity_2025_SPXW_30m,lgbm_sensitivity,F0,2025,SPXW,30,4,0.4,0.5,82,0.44537334160081277,0.35365853658536583
lgbm_sensitivity_2025_SPXW_30m,lgbm_sensitivity,F0,2025,SPXW,30,5,0.5,0.6000000000000001,86,0.545710909358499,0.46511627906976744
lgbm_sensitivity_2025_SPXW_30m,lgbm_sensitivity,F0,2025,SPXW,30,6,0.6000000000000001,0.7000000000000001,70,0.64642675310969,0.4142857142857143
lgbm_sensitivity_2025_SPXW_30m,lgbm_sensitivity,F0,2025,SPXW,30,7,0.7000000000000001,0.8,34,0.7356335987122135,0.38235294117647056
lgbm_sensitivity_2025_SPXW_30m,lgbm_sensitivity,F0,2025,SPXW,30,8,0.8,0.9,1,0.8139185188629157,0.0
lgbm_sensitivity_2025_SPXW_30m,lgbm_sensitivity,F0,2025,SPXW,30,9,0.9,1.0,0,,
lgbm_sensitivity_2025_SPXW_30m,lgbm_sensitivity,F1,2025,SPXW,30,0,0.0,0.1,3,0.08808957752478706,0.0
lgbm_sensitivity_2025_SPXW_30m,lgbm_sensitivity,F1,2025,SPXW,30,1,0.1,0.2,41,0.16565600062553576,0.07317073170731707
lgbm_sensitivity_2025_SPXW_30m,lgbm_sensitivity,F1,2025,SPXW,30,2,0.2,0.30000000000000004,70,0.25306841198209573,0.2571428571428571
lgbm_sensitivity_2025_SPXW_30m,lgbm_sensitivity,F1,2025,SPXW,30,3,0.30000000000000004,0.4,78,0.3552348645216203,0.16666666666666666
lgbm_sensitivity_2025_SPXW_30m,lgbm_sensitivity,F1,2025,SPXW,30,4,0.4,0.5,82,0.4516560696315262,0.32926829268292684
lgbm_sensitivity_2025_SPXW_30m,lgbm_sensitivity,F1,2025,SPXW,30,5,0.5,0.6000000000000001,96,0.5475081079504834,0.40625
lgbm_sensitivity_2025_SPXW_30m,lgbm_sensitivity,F1,2025,SPXW,30,6,0.6000000000000001,0.7000000000000001,62,0.6413626831580416,0.4838709677419355
lgbm_sensitivity_2025_SPXW_30m,lgbm_sensitivity,F1,2025,SPXW,30,7,0.7000000000000001,0.8,22,0.7290600642799095,0.4090909090909091
lgbm_sensitivity_2025_SPXW_30m,lgbm_sensitivity,F1,2025,SPXW,30,8,0.8,0.9,0,,
lgbm_sensitivity_2025_SPXW_30m,lgbm_sensitivity,F1,2025,SPXW,30,9,0.9,1.0,0,,
lgbm_sensitivity_2025_SPXW_60m,lgbm_sensitivity,F0,2025,SPXW,60,0,0.0,0.1,0,,
lgbm_sensitivity_2025_SPXW_60m,lgbm_sensitivity,F0,2025,SPXW,60,1,0.1,0.2,13,0.1737961731708935,0.15384615384615385
lgbm_sensitivity_2025_SPXW_60m,lgbm_sensitivity,F0,2025,SPXW,60,2,0.2,0.30000000000000004,63,0.25649929301130936,0.2698412698412698
lgbm_sensitivity_2025_SPXW_60m,lgbm_sensitivity,F0,2025,SPXW,60,3,0.30000000000000004,0.4,110,0.348053049406076,0.34545454545454546
lgbm_sensitivity_2025_SPXW_60m,lgbm_sensitivity,F0,2025,SPXW,60,4,0.4,0.5,115,0.45175952361380867,0.3130434782608696
lgbm_sensitivity_2025_SPXW_60m,lgbm_sensitivity,F0,2025,SPXW,60,5,0.5,0.6000000000000001,116,0.5523203978969903,0.3793103448275862
lgbm_sensitivity_2025_SPXW_60m,lgbm_sensitivity,F0,2025,SPXW,60,6,0.6000000000000001,0.7000000000000001,90,0.639338981006804,0.5
lgbm_sensitivity_2025_SPXW_60m,lgbm_sensitivity,F0,2025,SPXW,60,7,0.7000000000000001,0.8,26,0.7315624279771529,0.5769230769230769
lgbm_sensitivity_2025_SPXW_60m,lgbm_sensitivity,F0,2025,SPXW,60,8,0.8,0.9,6,0.8222775998726665,0.6666666666666666
lgbm_sensitivity_2025_SPXW_60m,lgbm_sensitivity,F0,2025,SPXW,60,9,0.9,1.0,0,,
lgbm_sensitivity_2025_SPXW_60m,lgbm_sensitivity,F1,2025,SPXW,60,0,0.0,0.1,0,,
lgbm_sensitivity_2025_SPXW_60m,lgbm_sensitivity,F1,2025,SPXW,60,1,0.1,0.2,12,0.18009177387809416,0.16666666666666666
lgbm_sensitivity_2025_SPXW_60m,lgbm_sensitivity,F1,2025,SPXW,60,2,0.2,0.30000000000000004,74,0.26299046530915987,0.33783783783783783
lgbm_sensitivity_2025_SPXW_60m,lgbm_sensitivity,F1,2025,SPXW,60,3,0.30000000000000004,0.4,109,0.3510151073876058,0.29357798165137616
lgbm_sensitivity_2025_SPXW_60m,lgbm_sensitivity,F1,2025,SPXW,60,4,0.4,0.5,131,0.4505967051616488,0.33587786259541985
lgbm_sensitivity_2025_SPXW_60m,lgbm_sensitivity,F1,2025,SPXW,60,5,0.5,0.6000000000000001,103,0.5466161543434134,0.3883495145631068
lgbm_sensitivity_2025_SPXW_60m,lgbm_sensitivity,F1,2025,SPXW,60,6,0.6000000000000001,0.7000000000000001,76,0.639795898868942,0.4868421052631579
lgbm_sensitivity_2025_SPXW_60m,lgbm_sensitivity,F1,2025,SPXW,60,7,0.7000000000000001,0.8,31,0.7379596249354905,0.6451612903225806
lgbm_sensitivity_2025_SPXW_60m,lgbm_sensitivity,F1,2025,SPXW,60,8,0.8,0.9,3,0.8344894488209027,0.3333333333333333
lgbm_sensitivity_2025_SPXW_60m,lgbm_sensitivity,F1,2025,SPXW,60,9,0.9,1.0,0,,
lgbm_sensitivity_2025_SPXW_120m,lgbm_sensitivity,F0,2025,SPXW,120,0,0.0,0.1,0,,
lgbm_sensitivity_2025_SPXW_120m,lgbm_sensitivity,F0,2025,SPXW,120,1,0.1,0.2,6,0.17091598974733357,0.16666666666666666
lgbm_sensitivity_2025_SPXW_120m,lgbm_sensitivity,F0,2025,SPXW,120,2,0.2,0.30000000000000004,39,0.2589567675657633,0.38461538461538464
lgbm_sensitivity_2025_SPXW_120m,lgbm_sensitivity,F0,2025,SPXW,120,3,0.30000000000000004,0.4,124,0.3548670785512835,0.3467741935483871
lgbm_sensitivity_2025_SPXW_120m,lgbm_sensitivity,F0,2025,SPXW,120,4,0.4,0.5,164,0.45098609952453456,0.3780487804878049
lgbm_sensitivity_2025_SPXW_120m,lgbm_sensitivity,F0,2025,SPXW,120,5,0.5,0.6000000000000001,148,0.5460542602251176,0.3918918918918919
lgbm_sensitivity_2025_SPXW_120m,lgbm_sensitivity,F0,2025,SPXW,120,6,0.6000000000000001,0.7000000000000001,86,0.6421288018182145,0.5232558139534884
lgbm_sensitivity_2025_SPXW_120m,lgbm_sensitivity,F0,2025,SPXW,120,7,0.7000000000000001,0.8,24,0.7332652513684242,0.4166666666666667
lgbm_sensitivity_2025_SPXW_120m,lgbm_sensitivity,F0,2025,SPXW,120,8,0.8,0.9,2,0.8079002967645909,0.0
lgbm_sensitivity_2025_SPXW_120m,lgbm_sensitivity,F0,2025,SPXW,120,9,0.9,1.0,0,,
lgbm_sensitivity_2025_SPXW_120m,lgbm_sensitivity,F1,2025,SPXW,120,0,0.0,0.1,0,,
lgbm_sensitivity_2025_SPXW_120m,lgbm_sensitivity,F1,2025,SPXW,120,1,0.1,0.2,5,0.16571681466042548,0.4
lgbm_sensitivity_2025_SPXW_120m,lgbm_sensitivity,F1,2025,SPXW,120,2,0.2,0.30000000000000004,64,0.26291903057032606,0.296875
lgbm_sensitivity_2025_SPXW_120m,lgbm_sensitivity,F1,2025,SPXW,120,3,0.30000000000000004,0.4,145,0.353561145717563,0.3586206896551724
lgbm_sensitivity_2025_SPXW_120m,lgbm_sensitivity,F1,2025,SPXW,120,4,0.4,0.5,176,0.45148833557346874,0.4034090909090909
lgbm_sensitivity_2025_SPXW_120m,lgbm_sensitivity,F1,2025,SPXW,120,5,0.5,0.6000000000000001,133,0.5496641480308648,0.45112781954887216
lgbm_sensitivity_2025_SPXW_120m,lgbm_sensitivity,F1,2025,SPXW,120,6,0.6000000000000001,0.7000000000000001,52,0.6417217944521749,0.40384615384615385
lgbm_sensitivity_2025_SPXW_120m,lgbm_sensitivity,F1,2025,SPXW,120,7,0.7000000000000001,0.8,18,0.7426962655034075,0.5
lgbm_sensitivity_2025_SPXW_120m,lgbm_sensitivity,F1,2025,SPXW,120,8,0.8,0.9,0,,
lgbm_sensitivity_2025_SPXW_120m,lgbm_sensitivity,F1,2025,SPXW,120,9,0.9,1.0,0,,
lgbm_sensitivity_2025_SPXW_180m,lgbm_sensitivity,F0,2025,SPXW,180,0,0.0,0.1,0,,
lgbm_sensitivity_2025_SPXW_180m,lgbm_sensitivity,F0,2025,SPXW,180,1,0.1,0.2,0,,
lgbm_sensitivity_2025_SPXW_180m,lgbm_sensitivity,F0,2025,SPXW,180,2,0.2,0.30000000000000004,22,0.26140562950655066,0.36363636363636365
lgbm_sensitivity_2025_SPXW_180m,lgbm_sensitivity,F0,2025,SPXW,180,3,0.30000000000000004,0.4,72,0.3582708470076878,0.3194444444444444
lgbm_sensitivity_2025_SPXW_180m,lgbm_sensitivity,F0,2025,SPXW,180,4,0.4,0.5,154,0.4497045986124096,0.38311688311688313
lgbm_sensitivity_2025_SPXW_180m,lgbm_sensitivity,F0,2025,SPXW,180,5,0.5,0.6000000000000001,129,0.5495023577450364,0.4108527131782946
lgbm_sensitivity_2025_SPXW_180m,lgbm_sensitivity,F0,2025,SPXW,180,6,0.6000000000000001,0.7000000000000001,87,0.641650701999086,0.45977011494252873
lgbm_sensitivity_2025_SPXW_180m,lgbm_sensitivity,F0,2025,SPXW,180,7,0.7000000000000001,0.8,11,0.736969739357928,0.45454545454545453
lgbm_sensitivity_2025_SPXW_180m,lgbm_sensitivity,F0,2025,SPXW,180,8,0.8,0.9,1,0.8166293468672823,0.0
lgbm_sensitivity_2025_SPXW_180m,lgbm_sensitivity,F0,2025,SPXW,180,9,0.9,1.0,0,,
lgbm_sensitivity_2025_SPXW_180m,lgbm_sensitivity,F1,2025,SPXW,180,0,0.0,0.1,0,,
lgbm_sensitivity_2025_SPXW_180m,lgbm_sensitivity,F1,2025,SPXW,180,1,0.1,0.2,1,0.1710532944655236,0.0
lgbm_sensitivity_2025_SPXW_180m,lgbm_sensitivity,F1,2025,SPXW,180,2,0.2,0.30000000000000004,41,0.2644981991787257,0.36585365853658536
lgbm_sensitivity_2025_SPXW_180m,lgbm_sensitivity,F1,2025,SPXW,180,3,0.30000000000000004,0.4,112,0.36131207892136835,0.3392857142857143
lgbm_sensitivity_2025_SPXW_180m,lgbm_sensitivity,F1,2025,SPXW,180,4,0.4,0.5,173,0.4491837058785877,0.3930635838150289
lgbm_sensitivity_2025_SPXW_180m,lgbm_sensitivity,F1,2025,SPXW,180,5,0.5,0.6000000000000001,111,0.5461050651236128,0.4954954954954955
lgbm_sensitivity_2025_SPXW_180m,lgbm_sensitivity,F1,2025,SPXW,180,6,0.6000000000000001,0.7000000000000001,36,0.643613958571761,0.3055555555555556
lgbm_sensitivity_2025_SPXW_180m,lgbm_sensitivity,F1,2025,SPXW,180,7,0.7000000000000001,0.8,1,0.7801549231632402,1.0
lgbm_sensitivity_2025_SPXW_180m,lgbm_sensitivity,F1,2025,SPXW,180,8,0.8,0.9,1,0.8115460935023904,0.0
lgbm_sensitivity_2025_SPXW_180m,lgbm_sensitivity,F1,2025,SPXW,180,9,0.9,1.0,0,,
lgbm_sensitivity_2025_QQQ_30m,lgbm_sensitivity,F0,2025,QQQ,30,0,0.0,0.1,0,,
lgbm_sensitivity_2025_QQQ_30m,lgbm_sensitivity,F0,2025,QQQ,30,1,0.1,0.2,25,0.16449339962375442,0.04
lgbm_sensitivity_2025_QQQ_30m,lgbm_sensitivity,F0,2025,QQQ,30,2,0.2,0.30000000000000004,76,0.2481835311616516,0.21052631578947367
lgbm_sensitivity_2025_QQQ_30m,lgbm_sensitivity,F0,2025,QQQ,30,3,0.30000000000000004,0.4,94,0.35323929105558555,0.26595744680851063
lgbm_sensitivity_2025_QQQ_30m,lgbm_sensitivity,F0,2025,QQQ,30,4,0.4,0.5,97,0.45035324180113956,0.3402061855670103
lgbm_sensitivity_2025_QQQ_30m,lgbm_sensitivity,F0,2025,QQQ,30,5,0.5,0.6000000000000001,105,0.5533300204745863,0.4380952380952381
lgbm_sensitivity_2025_QQQ_30m,lgbm_sensitivity,F0,2025,QQQ,30,6,0.6000000000000001,0.7000000000000001,62,0.6502958572293553,0.532258064516129
lgbm_sensitivity_2025_QQQ_30m,lgbm_sensitivity,F0,2025,QQQ,30,7,0.7000000000000001,0.8,31,0.7352433754439873,0.6451612903225806
lgbm_sensitivity_2025_QQQ_30m,lgbm_sensitivity,F0,2025,QQQ,30,8,0.8,0.9,0,,
lgbm_sensitivity_2025_QQQ_30m,lgbm_sensitivity,F0,2025,QQQ,30,9,0.9,1.0,0,,
lgbm_sensitivity_2025_QQQ_30m,lgbm_sensitivity,F1,2025,QQQ,30,0,0.0,0.1,0,,
lgbm_sensitivity_2025_QQQ_30m,lgbm_sensitivity,F1,2025,QQQ,30,1,0.1,0.2,20,0.17661538318137723,0.25
lgbm_sensitivity_2025_QQQ_30m,lgbm_sensitivity,F1,2025,QQQ,30,2,0.2,0.30000000000000004,84,0.25410153966731486,0.2261904761904762
lgbm_sensitivity_2025_QQQ_30m,lgbm_sensitivity,F1,2025,QQQ,30,3,0.30000000000000004,0.4,107,0.3510558123878236,0.22429906542056074
lgbm_sensitivity_2025_QQQ_30m,lgbm_sensitivity,F1,2025,QQQ,30,4,0.4,0.5,112,0.4494334745915139,0.32142857142857145
lgbm_sensitivity_2025_QQQ_30m,lgbm_sensitivity,F1,2025,QQQ,30,5,0.5,0.6000000000000001,92,0.5431153933774161,0.5543478260869565
lgbm_sensitivity_2025_QQQ_30m,lgbm_sensitivity,F1,2025,QQQ,30,6,0.6000000000000001,0.7000000000000001,57,0.6452598331551171,0.5087719298245614
lgbm_sensitivity_2025_QQQ_30m,lgbm_sensitivity,F1,2025,QQQ,30,7,0.7000000000000001,0.8,16,0.7376145258006829,0.625
lgbm_sensitivity_2025_QQQ_30m,lgbm_sensitivity,F1,2025,QQQ,30,8,0.8,0.9,2,0.8287162704504172,0.0
lgbm_sensitivity_2025_QQQ_30m,lgbm_sensitivity,F1,2025,QQQ,30,9,0.9,1.0,0,,
lgbm_sensitivity_2025_QQQ_60m,lgbm_sensitivity,F0,2025,QQQ,60,0,0.0,0.1,0,,
lgbm_sensitivity_2025_QQQ_60m,lgbm_sensitivity,F0,2025,QQQ,60,1,0.1,0.2,20,0.17192661030478848,0.4
lgbm_sensitivity_2025_QQQ_60m,lgbm_sensitivity,F0,2025,QQQ,60,2,0.2,0.30000000000000004,69,0.2588058100791246,0.3188405797101449
lgbm_sensitivity_2025_QQQ_60m,lgbm_sensitivity,F0,2025,QQQ,60,3,0.30000000000000004,0.4,111,0.3552183687983025,0.35135135135135137
lgbm_sensitivity_2025_QQQ_60m,lgbm_sensitivity,F0,2025,QQQ,60,4,0.4,0.5,145,0.44552731373153637,0.45517241379310347
lgbm_sensitivity_2025_QQQ_60m,lgbm_sensitivity,F0,2025,QQQ,60,5,0.5,0.6000000000000001,137,0.5456979307616174,0.48905109489051096
lgbm_sensitivity_2025_QQQ_60m,lgbm_sensitivity,F0,2025,QQQ,60,6,0.6000000000000001,0.7000000000000001,51,0.6463644109180715,0.5098039215686274
lgbm_sensitivity_2025_QQQ_60m,lgbm_sensitivity,F0,2025,QQQ,60,7,0.7000000000000001,0.8,24,0.7416488183264369,0.5
lgbm_sensitivity_2025_QQQ_60m,lgbm_sensitivity,F0,2025,QQQ,60,8,0.8,0.9,1,0.8048816336600869,1.0
lgbm_sensitivity_2025_QQQ_60m,lgbm_sensitivity,F0,2025,QQQ,60,9,0.9,1.0,0,,
lgbm_sensitivity_2025_QQQ_60m,lgbm_sensitivity,F1,2025,QQQ,60,0,0.0,0.1,0,,
lgbm_sensitivity_2025_QQQ_60m,lgbm_sensitivity,F1,2025,QQQ,60,1,0.1,0.2,12,0.1823018364303828,0.3333333333333333
lgbm_sensitivity_2025_QQQ_60m,lgbm_sensitivity,F1,2025,QQQ,60,2,0.2,0.30000000000000004,71,0.25848304335787453,0.323943661971831
lgbm_sensitivity_2025_QQQ_60m,lgbm_sensitivity,F1,2025,QQQ,60,3,0.30000000000000004,0.4,134,0.3518517417912821,0.39552238805970147
lgbm_sensitivity_2025_QQQ_60m,lgbm_sensitivity,F1,2025,QQQ,60,4,0.4,0.5,156,0.44598245069497555,0.3974358974358974
lgbm_sensitivity_2025_QQQ_60m,lgbm_sensitivity,F1,2025,QQQ,60,5,0.5,0.6000000000000001,115,0.5460104192701772,0.591304347826087
lgbm_sensitivity_2025_QQQ_60m,lgbm_sensitivity,F1,2025,QQQ,60,6,0.6000000000000001,0.7000000000000001,58,0.6467453089856703,0.43103448275862066
lgbm_sensitivity_2025_QQQ_60m,lgbm_sensitivity,F1,2025,QQQ,60,7,0.7000000000000001,0.8,12,0.725605311691235,0.5
lgbm_sensitivity_2025_QQQ_60m,lgbm_sensitivity,F1,2025,QQQ,60,8,0.8,0.9,0,,
lgbm_sensitivity_2025_QQQ_60m,lgbm_sensitivity,F1,2025,QQQ,60,9,0.9,1.0,0,,
lgbm_sensitivity_2025_QQQ_120m,lgbm_sensitivity,F0,2025,QQQ,120,0,0.0,0.1,0,,
lgbm_sensitivity_2025_QQQ_120m,lgbm_sensitivity,F0,2025,QQQ,120,1,0.1,0.2,7,0.16399421449601786,0.2857142857142857
lgbm_sensitivity_2025_QQQ_120m,lgbm_sensitivity,F0,2025,QQQ,120,2,0.2,0.30000000000000004,79,0.26083984967180107,0.4050632911392405
lgbm_sensitivity_2025_QQQ_120m,lgbm_sensitivity,F0,2025,QQQ,120,3,0.30000000000000004,0.4,121,0.35405875863248076,0.3305785123966942
lgbm_sensitivity_2025_QQQ_120m,lgbm_sensitivity,F0,2025,QQQ,120,4,0.4,0.5,160,0.4525449182075644,0.46875
lgbm_sensitivity_2025_QQQ_120m,lgbm_sensitivity,F0,2025,QQQ,120,5,0.5,0.6000000000000001,142,0.5503083788490556,0.4859154929577465
lgbm_sensitivity_2025_QQQ_120m,lgbm_sensitivity,F0,2025,QQQ,120,6,0.6000000000000001,0.7000000000000001,58,0.6391984578575789,0.5
lgbm_sensitivity_2025_QQQ_120m,lgbm_sensitivity,F0,2025,QQQ,120,7,0.7000000000000001,0.8,12,0.7372642022335708,0.5833333333333334
lgbm_sensitivity_2025_QQQ_120m,lgbm_sensitivity,F0,2025,QQQ,120,8,0.8,0.9,0,,
lgbm_sensitivity_2025_QQQ_120m,lgbm_sensitivity,F0,2025,QQQ,120,9,0.9,1.0,0,,
lgbm_sensitivity_2025_QQQ_120m,lgbm_sensitivity,F1,2025,QQQ,120,0,0.0,0.1,0,,
lgbm_sensitivity_2025_QQQ_120m,lgbm_sensitivity,F1,2025,QQQ,120,1,0.1,0.2,20,0.17788241475991073,0.55
lgbm_sensitivity_2025_QQQ_120m,lgbm_sensitivity,F1,2025,QQQ,120,2,0.2,0.30000000000000004,88,0.25578887902490827,0.42045454545454547
lgbm_sensitivity_2025_QQQ_120m,lgbm_sensitivity,F1,2025,QQQ,120,3,0.30000000000000004,0.4,146,0.35228186708641984,0.3698630136986301
lgbm_sensitivity_2025_QQQ_120m,lgbm_sensitivity,F1,2025,QQQ,120,4,0.4,0.5,146,0.44969162124178197,0.5136986301369864
lgbm_sensitivity_2025_QQQ_120m,lgbm_sensitivity,F1,2025,QQQ,120,5,0.5,0.6000000000000001,108,0.5426813452753276,0.39814814814814814
lgbm_sensitivity_2025_QQQ_120m,lgbm_sensitivity,F1,2025,QQQ,120,6,0.6000000000000001,0.7000000000000001,58,0.6413155642773841,0.43103448275862066
lgbm_sensitivity_2025_QQQ_120m,lgbm_sensitivity,F1,2025,QQQ,120,7,0.7000000000000001,0.8,12,0.7352570322737004,0.75
lgbm_sensitivity_2025_QQQ_120m,lgbm_sensitivity,F1,2025,QQQ,120,8,0.8,0.9,1,0.8093569498973479,0.0
lgbm_sensitivity_2025_QQQ_120m,lgbm_sensitivity,F1,2025,QQQ,120,9,0.9,1.0,0,,
lgbm_sensitivity_2025_QQQ_180m,lgbm_sensitivity,F0,2025,QQQ,180,0,0.0,0.1,0,,
lgbm_sensitivity_2025_QQQ_180m,lgbm_sensitivity,F0,2025,QQQ,180,1,0.1,0.2,6,0.1864265615556481,0.3333333333333333
lgbm_sensitivity_2025_QQQ_180m,lgbm_sensitivity,F0,2025,QQQ,180,2,0.2,0.30000000000000004,39,0.26268119133400203,0.3076923076923077
lgbm_sensitivity_2025_QQQ_180m,lgbm_sensitivity,F0,2025,QQQ,180,3,0.30000000000000004,0.4,120,0.35614664964513393,0.43333333333333335
lgbm_sensitivity_2025_QQQ_180m,lgbm_sensitivity,F0,2025,QQQ,180,4,0.4,0.5,118,0.4502622618334786,0.4322033898305085
lgbm_sensitivity_2025_QQQ_180m,lgbm_sensitivity,F0,2025,QQQ,180,5,0.5,0.6000000000000001,109,0.5472797967148051,0.5688073394495413
lgbm_sensitivity_2025_QQQ_180m,lgbm_sensitivity,F0,2025,QQQ,180,6,0.6000000000000001,0.7000000000000001,61,0.6385661906153399,0.47540983606557374
lgbm_sensitivity_2025_QQQ_180m,lgbm_sensitivity,F0,2025,QQQ,180,7,0.7000000000000001,0.8,9,0.7270074385268338,0.6666666666666666
lgbm_sensitivity_2025_QQQ_180m,lgbm_sensitivity,F0,2025,QQQ,180,8,0.8,0.9,0,,
lgbm_sensitivity_2025_QQQ_180m,lgbm_sensitivity,F0,2025,QQQ,180,9,0.9,1.0,0,,
lgbm_sensitivity_2025_QQQ_180m,lgbm_sensitivity,F1,2025,QQQ,180,0,0.0,0.1,0,,
lgbm_sensitivity_2025_QQQ_180m,lgbm_sensitivity,F1,2025,QQQ,180,1,0.1,0.2,11,0.1801477866942499,0.45454545454545453
lgbm_sensitivity_2025_QQQ_180m,lgbm_sensitivity,F1,2025,QQQ,180,2,0.2,0.30000000000000004,59,0.26181866414863897,0.5254237288135594
lgbm_sensitivity_2025_QQQ_180m,lgbm_sensitivity,F1,2025,QQQ,180,3,0.30000000000000004,0.4,158,0.3508652202888759,0.41139240506329117
lgbm_sensitivity_2025_QQQ_180m,lgbm_sensitivity,F1,2025,QQQ,180,4,0.4,0.5,126,0.44977245711498837,0.49206349206349204
lgbm_sensitivity_2025_QQQ_180m,lgbm_sensitivity,F1,2025,QQQ,180,5,0.5,0.6000000000000001,82,0.5359285381694155,0.4634146341463415
lgbm_sensitivity_2025_QQQ_180m,lgbm_sensitivity,F1,2025,QQQ,180,6,0.6000000000000001,0.7000000000000001,22,0.6346246204217059,0.5454545454545454
lgbm_sensitivity_2025_QQQ_180m,lgbm_sensitivity,F1,2025,QQQ,180,7,0.7000000000000001,0.8,4,0.7185149097126082,0.25
lgbm_sensitivity_2025_QQQ_180m,lgbm_sensitivity,F1,2025,QQQ,180,8,0.8,0.9,0,,
lgbm_sensitivity_2025_QQQ_180m,lgbm_sensitivity,F1,2025,QQQ,180,9,0.9,1.0,0,,
lgbm_sensitivity_2025_SPY_30m,lgbm_sensitivity,F0,2025,SPY,30,0,0.0,0.1,13,0.08518062832196767,0.0
lgbm_sensitivity_2025_SPY_30m,lgbm_sensitivity,F0,2025,SPY,30,1,0.1,0.2,94,0.15793529549453136,0.031914893617021274
lgbm_sensitivity_2025_SPY_30m,lgbm_sensitivity,F0,2025,SPY,30,2,0.2,0.30000000000000004,84,0.24894914710761012,0.13095238095238096
lgbm_sensitivity_2025_SPY_30m,lgbm_sensitivity,F0,2025,SPY,30,3,0.30000000000000004,0.4,84,0.35350175040919407,0.21428571428571427
lgbm_sensitivity_2025_SPY_30m,lgbm_sensitivity,F0,2025,SPY,30,4,0.4,0.5,115,0.4520907904774365,0.33043478260869563
lgbm_sensitivity_2025_SPY_30m,lgbm_sensitivity,F0,2025,SPY,30,5,0.5,0.6000000000000001,124,0.5499691151018739,0.4112903225806452
lgbm_sensitivity_2025_SPY_30m,lgbm_sensitivity,F0,2025,SPY,30,6,0.6000000000000001,0.7000000000000001,88,0.6473505862422452,0.42045454545454547
lgbm_sensitivity_2025_SPY_30m,lgbm_sensitivity,F0,2025,SPY,30,7,0.7000000000000001,0.8,60,0.7464936928590105,0.65
lgbm_sensitivity_2025_SPY_30m,lgbm_sensitivity,F0,2025,SPY,30,8,0.8,0.9,4,0.8261275672893484,0.75
lgbm_sensitivity_2025_SPY_30m,lgbm_sensitivity,F0,2025,SPY,30,9,0.9,1.0,0,,
lgbm_sensitivity_2025_SPY_30m,lgbm_sensitivity,F1,2025,SPY,30,0,0.0,0.1,2,0.09374959890933246,0.0
lgbm_sensitivity_2025_SPY_30m,lgbm_sensitivity,F1,2025,SPY,30,1,0.1,0.2,62,0.15972503738410582,0.03225806451612903
lgbm_sensitivity_2025_SPY_30m,lgbm_sensitivity,F1,2025,SPY,30,2,0.2,0.30000000000000004,97,0.2509084704128908,0.12371134020618557
lgbm_sensitivity_2025_SPY_30m,lgbm_sensitivity,F1,2025,SPY,30,3,0.30000000000000004,0.4,119,0.3450224619183668,0.25210084033613445
lgbm_sensitivity_2025_SPY_30m,lgbm_sensitivity,F1,2025,SPY,30,4,0.4,0.5,101,0.4470349412911029,0.31683168316831684
lgbm_sensitivity_2025_SPY_30m,lgbm_sensitivity,F1,2025,SPY,30,5,0.5,0.6000000000000001,124,0.5494932349280844,0.4032258064516129
lgbm_sensitivity_2025_SPY_30m,lgbm_sensitivity,F1,2025,SPY,30,6,0.6000000000000001,0.7000000000000001,103,0.646285330345983,0.4368932038834951
lgbm_sensitivity_2025_SPY_30m,lgbm_sensitivity,F1,2025,SPY,30,7,0.7000000000000001,0.8,52,0.743377511501339,0.5
lgbm_sensitivity_2025_SPY_30m,lgbm_sensitivity,F1,2025,SPY,30,8,0.8,0.9,6,0.8246640037100162,0.5
lgbm_sensitivity_2025_SPY_30m,lgbm_sensitivity,F1,2025,SPY,30,9,0.9,1.0,0,,
lgbm_sensitivity_2025_SPY_60m,lgbm_sensitivity,F0,2025,SPY,60,0,0.0,0.1,0,,
lgbm_sensitivity_2025_SPY_60m,lgbm_sensitivity,F0,2025,SPY,60,1,0.1,0.2,45,0.16708173850967076,0.17777777777777778
lgbm_sensitivity_2025_SPY_60m,lgbm_sensitivity,F0,2025,SPY,60,2,0.2,0.30000000000000004,94,0.25554072397140754,0.2127659574468085
lgbm_sensitivity_2025_SPY_60m,lgbm_sensitivity,F0,2025,SPY,60,3,0.30000000000000004,0.4,138,0.3520427813205713,0.3188405797101449
lgbm_sensitivity_2025_SPY_60m,lgbm_sensitivity,F0,2025,SPY,60,4,0.4,0.5,180,0.45467456680365653,0.3333333333333333
lgbm_sensitivity_2025_SPY_60m,lgbm_sensitivity,F0,2025,SPY,60,5,0.5,0.6000000000000001,172,0.551104830183221,0.43023255813953487
lgbm_sensitivity_2025_SPY_60m,lgbm_sensitivity,F0,2025,SPY,60,6,0.6000000000000001,0.7000000000000001,121,0.6433748018814841,0.45454545454545453
lgbm_sensitivity_2025_SPY_60m,lgbm_sensitivity,F0,2025,SPY,60,7,0.7000000000000001,0.8,37,0.7305691818793766,0.5405405405405406
lgbm_sensitivity_2025_SPY_60m,lgbm_sensitivity,F0,2025,SPY,60,8,0.8,0.9,1,0.8106707726987632,1.0
lgbm_sensitivity_2025_SPY_60m,lgbm_sensitivity,F0,2025,SPY,60,9,0.9,1.0,0,,
lgbm_sensitivity_2025_SPY_60m,lgbm_sensitivity,F1,2025,SPY,60,0,0.0,0.1,0,,
lgbm_sensitivity_2025_SPY_60m,lgbm_sensitivity,F1,2025,SPY,60,1,0.1,0.2,21,0.17397726429457652,0.14285714285714285
lgbm_sensitivity_2025_SPY_60m,lgbm_sensitivity,F1,2025,SPY,60,2,0.2,0.30000000000000004,82,0.2568976642662642,0.18292682926829268
lgbm_sensitivity_2025_SPY_60m,lgbm_sensitivity,F1,2025,SPY,60,3,0.30000000000000004,0.4,155,0.348672398309614,0.23225806451612904
lgbm_sensitivity_2025_SPY_60m,lgbm_sensitivity,F1,2025,SPY,60,4,0.4,0.5,191,0.4524522370415193,0.4397905759162304
lgbm_sensitivity_2025_SPY_60m,lgbm_sensitivity,F1,2025,SPY,60,5,0.5,0.6000000000000001,181,0.5480572052553502,0.430939226519337
lgbm_sensitivity_2025_SPY_60m,lgbm_sensitivity,F1,2025,SPY,60,6,0.6000000000000001,0.7000000000000001,109,0.6486175716213884,0.3944954128440367
lgbm_sensitivity_2025_SPY_60m,lgbm_sensitivity,F1,2025,SPY,60,7,0.7000000000000001,0.8,42,0.7271329153645711,0.4523809523809524
lgbm_sensitivity_2025_SPY_60m,lgbm_sensitivity,F1,2025,SPY,60,8,0.8,0.9,6,0.843064189981174,0.5
lgbm_sensitivity_2025_SPY_60m,lgbm_sensitivity,F1,2025,SPY,60,9,0.9,1.0,1,0.9153907594300934,1.0
lgbm_sensitivity_2025_SPY_120m,lgbm_sensitivity,F0,2025,SPY,120,0,0.0,0.1,0,,
lgbm_sensitivity_2025_SPY_120m,lgbm_sensitivity,F0,2025,SPY,120,1,0.1,0.2,12,0.17256124241347645,0.4166666666666667
lgbm_sensitivity_2025_SPY_120m,lgbm_sensitivity,F0,2025,SPY,120,2,0.2,0.30000000000000004,61,0.26333909284636187,0.36065573770491804
lgbm_sensitivity_2025_SPY_120m,lgbm_sensitivity,F0,2025,SPY,120,3,0.30000000000000004,0.4,155,0.3518045557763518,0.33548387096774196
lgbm_sensitivity_2025_SPY_120m,lgbm_sensitivity,F0,2025,SPY,120,4,0.4,0.5,248,0.4511334119518923,0.4314516129032258
lgbm_sensitivity_2025_SPY_120m,lgbm_sensitivity,F0,2025,SPY,120,5,0.5,0.6000000000000001,188,0.5449787139101753,0.5106382978723404
lgbm_sensitivity_2025_SPY_120m,lgbm_sensitivity,F0,2025,SPY,120,6,0.6000000000000001,0.7000000000000001,116,0.640286177328242,0.5172413793103449
lgbm_sensitivity_2025_SPY_120m,lgbm_sensitivity,F0,2025,SPY,120,7,0.7000000000000001,0.8,34,0.7390203031932691,0.5882352941176471
lgbm_sensitivity_2025_SPY_120m,lgbm_sensitivity,F0,2025,SPY,120,8,0.8,0.9,4,0.8202123937368928,0.25
lgbm_sensitivity_2025_SPY_120m,lgbm_sensitivity,F0,2025,SPY,120,9,0.9,1.0,0,,
lgbm_sensitivity_2025_SPY_120m,lgbm_sensitivity,F1,2025,SPY,120,0,0.0,0.1,0,,
lgbm_sensitivity_2025_SPY_120m,lgbm_sensitivity,F1,2025,SPY,120,1,0.1,0.2,5,0.18677579970257976,0.0
lgbm_sensitivity_2025_SPY_120m,lgbm_sensitivity,F1,2025,SPY,120,2,0.2,0.30000000000000004,67,0.26254255619778116,0.373134328358209
lgbm_sensitivity_2025_SPY_120m,lgbm_sensitivity,F1,2025,SPY,120,3,0.30000000000000004,0.4,139,0.35026914447906404,0.38848920863309355
lgbm_sensitivity_2025_SPY_120m,lgbm_sensitivity,F1,2025,SPY,120,4,0.4,0.5,218,0.44996544176546116,0.4541284403669725
lgbm_sensitivity_2025_SPY_120m,lgbm_sensitivity,F1,2025,SPY,120,5,0.5,0.6000000000000001,185,0.5464768977237854,0.42162162162162165
lgbm_sensitivity_2025_SPY_120m,lgbm_sensitivity,F1,2025,SPY,120,6,0.6000000000000001,0.7000000000000001,154,0.6457173634242119,0.4935064935064935
lgbm_sensitivity_2025_SPY_120m,lgbm_sensitivity,F1,2025,SPY,120,7,0.7000000000000001,0.8,46,0.7358807204846083,0.6304347826086957
lgbm_sensitivity_2025_SPY_120m,lgbm_sensitivity,F1,2025,SPY,120,8,0.8,0.9,4,0.8478788840854918,0.5
lgbm_sensitivity_2025_SPY_120m,lgbm_sensitivity,F1,2025,SPY,120,9,0.9,1.0,0,,
lgbm_sensitivity_2025_SPY_180m,lgbm_sensitivity,F0,2025,SPY,180,0,0.0,0.1,0,,
lgbm_sensitivity_2025_SPY_180m,lgbm_sensitivity,F0,2025,SPY,180,1,0.1,0.2,3,0.19134462853561365,0.0
lgbm_sensitivity_2025_SPY_180m,lgbm_sensitivity,F0,2025,SPY,180,2,0.2,0.30000000000000004,31,0.26439982227332287,0.3225806451612903
lgbm_sensitivity_2025_SPY_180m,lgbm_sensitivity,F0,2025,SPY,180,3,0.30000000000000004,0.4,123,0.356197098628688,0.34959349593495936
lgbm_sensitivity_2025_SPY_180m,lgbm_sensitivity,F0,2025,SPY,180,4,0.4,0.5,196,0.4514882093052417,0.40816326530612246
lgbm_sensitivity_2025_SPY_180m,lgbm_sensitivity,F0,2025,SPY,180,5,0.5,0.6000000000000001,183,0.545540054838141,0.4644808743169399
lgbm_sensitivity_2025_SPY_180m,lgbm_sensitivity,F0,2025,SPY,180,6,0.6000000000000001,0.7000000000000001,107,0.6457957385530128,0.5327102803738317
lgbm_sensitivity_2025_SPY_180m,lgbm_sensitivity,F0,2025,SPY,180,7,0.7000000000000001,0.8,24,0.735055296603066,0.5416666666666666
lgbm_sensitivity_2025_SPY_180m,lgbm_sensitivity,F0,2025,SPY,180,8,0.8,0.9,2,0.8195610963498146,0.5
lgbm_sensitivity_2025_SPY_180m,lgbm_sensitivity,F0,2025,SPY,180,9,0.9,1.0,0,,
lgbm_sensitivity_2025_SPY_180m,lgbm_sensitivity,F1,2025,SPY,180,0,0.0,0.1,0,,
lgbm_sensitivity_2025_SPY_180m,lgbm_sensitivity,F1,2025,SPY,180,1,0.1,0.2,0,,
lgbm_sensitivity_2025_SPY_180m,lgbm_sensitivity,F1,2025,SPY,180,2,0.2,0.30000000000000004,34,0.258588734560879,0.29411764705882354
lgbm_sensitivity_2025_SPY_180m,lgbm_sensitivity,F1,2025,SPY,180,3,0.30000000000000004,0.4,109,0.35522636584761946,0.3761467889908257
lgbm_sensitivity_2025_SPY_180m,lgbm_sensitivity,F1,2025,SPY,180,4,0.4,0.5,190,0.4495784522700747,0.3631578947368421
lgbm_sensitivity_2025_SPY_180m,lgbm_sensitivity,F1,2025,SPY,180,5,0.5,0.6000000000000001,193,0.5481528239456769,0.46113989637305697
lgbm_sensitivity_2025_SPY_180m,lgbm_sensitivity,F1,2025,SPY,180,6,0.6000000000000001,0.7000000000000001,109,0.639796078932322,0.5688073394495413
lgbm_sensitivity_2025_SPY_180m,lgbm_sensitivity,F1,2025,SPY,180,7,0.7000000000000001,0.8,34,0.741086803552982,0.5294117647058824
lgbm_sensitivity_2025_SPY_180m,lgbm_sensitivity,F1,2025,SPY,180,8,0.8,0.9,0,,
lgbm_sensitivity_2025_SPY_180m,lgbm_sensitivity,F1,2025,SPY,180,9,0.9,1.0,0,,
