ticker,test_month,mode,selected_source,source_path,train_months,select_months,select_score,select_trades,select_win_rate,select_profit_factor,select_pnl_return,select_avg_return,select_max_drawdown,select_call_rate,select_days_with_trades,select_daily_win_rate,select_median_daily_return,select_daily_max_drawdown,select_top5_day_return,select_top5_share_of_pnl,select_min_month_trades,select_positive_month_rate,test_trades,test_win_rate,test_profit_factor,test_pnl_return,test_avg_return,test_max_drawdown,test_call_rate,test_days_with_trades,test_daily_win_rate,test_median_daily_return,test_daily_max_drawdown,test_top5_day_return,test_top5_share_of_pnl,test_min_month_trades,test_positive_month_rate,source_stream,source_file
SPXW,202501,SELECTED,event_option_gate_dense15_zero_dte_win_d25_strict_backfill_d50max3_cau_combined,research_papers\JEPA\results\event_option_gate_dense15_zero_dte_win_d25_strict_backfill_d50max3_causal_2023_2026_v1\combined_trades.csv,"202301,202302,202303,202304,202305,202306,202307,202308,202309,202310,202311,202312","202401,202402,202403,202404,202405,202406,202407,202408,202409,202410,202411,202412",-999944.0212398414,325,0.48,1.5471827830123768,27.372118096543517,0.08422190183551852,-4.800000000000011,0.16923076923076924,236,0.5211864406779662,0.2,-4.299999999999997,7.0,0.25573468502914076,18,0.75,21,0.38095238095238093,1.025641025641026,0.10000000000000026,0.0047619047619047745,-1.2,0.0,20,0.4,-0.3,-1.2,2.5,24.999999999999936,21,1.0,SPXW,research_papers\JEPA\results\_diagnostics\outer_stream_selector_dense15_param_scan_2025_202604\s12_m18_vw2p0\spxw\stream_selector_folds.csv
SPXW,202502,SELECTED,event_option_gate_dense15_zero_dte_win_d25_strict_backfill_d50max3_cau_combined,research_papers\JEPA\results\event_option_gate_dense15_zero_dte_win_d25_strict_backfill_d50max3_causal_2023_2026_v1\combined_trades.csv,"202301,202302,202303,202304,202305,202306,202307,202308,202309,202310,202311,202312,202401","202402,202403,202404,202405,202406,202407,202408,202409,202410,202411,202412,202501",-999944.3323511799,324,0.47530864197530864,1.5180880569643687,26.072118096543512,0.0804695002979738,-4.800000000000011,0.15432098765432098,235,0.5148936170212766,0.2,-4.299999999999997,7.0,0.26848604988974867,18,0.75,19,0.5789473684210527,2.291666666666667,3.1000000000000005,0.16315789473684214,-1.2000000000000002,0.5263157894736842,19,0.5789473684210527,0.5,-1.2000000000000002,2.5,0.8064516129032256,19,1.0,SPXW,research_papers\JEPA\results\_diagnostics\outer_stream_selector_dense15_param_scan_2025_202604\s12_m18_vw2p0\spxw\stream_selector_folds.csv
SPXW,202503,SELECTED,event_option_gate_dense15_zero_dte_win_d25_strict_backfill_d50max3_cau_combined,research_papers\JEPA\results\event_option_gate_dense15_zero_dte_win_d25_strict_backfill_d50max3_causal_2023_2026_v1\combined_trades.csv,"202301,202302,202303,202304,202305,202306,202307,202308,202309,202310,202311,202312,202401,202402","202403,202404,202405,202406,202407,202408,202409,202410,202411,202412,202501,202502",-999942.9064842497,323,0.49226006191950467,1.6259231229444973,30.372118096543517,0.09403132537629572,-4.800000000000011,0.1826625386996904,234,0.5384615384615384,0.2,-4.299999999999997,7.0,0.23047454174085513,18,0.8333333333333334,22,0.5454545454545454,2.0000000000000004,3.000000000000001,0.1363636363636364,-0.6,0.22727272727272727,21,0.5714285714285714,0.5,-0.6,2.5,0.833333333333333,22,1.0,SPXW,research_papers\JEPA\results\_diagnostics\outer_stream_selector_dense15_param_scan_2025_202604\s12_m18_vw2p0\spxw\stream_selector_folds.csv
SPXW,202504,SELECTED,event_option_gate_dense15_zero_dte_win_d25_strict_backfill_d50max3_cau_combined,research_papers\JEPA\results\event_option_gate_dense15_zero_dte_win_d25_strict_backfill_d50max3_causal_2023_2026_v1\combined_trades.csv,"202301,202302,202303,202304,202305,202306,202307,202308,202309,202310,202311,202312,202401,202402,202403","202404,202405,202406,202407,202408,202409,202410,202411,202412,202501,202502,202503",58.65346533783077,314,0.5127388535031847,1.7600431708200672,34.51892088640207,0.10993286906497475,-4.800000000000011,0.20382165605095542,239,0.5355648535564853,0.5,-4.299999999999997,7.0,0.20278733576394875,18,0.9166666666666666,21,0.5714285714285714,2.2222222222222223,3.3,0.15714285714285714,-1.0,0.6190476190476191,21,0.5714285714285714,0.5,-1.0,2.5,0.7575757575757576,21,1.0,SPXW,research_papers\JEPA\results\_diagnostics\outer_stream_selector_dense15_param_scan_2025_202604\s12_m18_vw2p0\spxw\stream_selector_folds.csv
SPXW,202505,SELECTED,event_option_gate_dense15_zero_dte_win_d25_strict_backfill_d50max3_cau_combined,research_papers\JEPA\results\event_option_gate_dense15_zero_dte_win_d25_strict_backfill_d50max3_causal_2023_2026_v1\combined_trades.csv,"202301,202302,202303,202304,202305,202306,202307,202308,202309,202310,202311,202312,202401,202402,202403,202404","202405,202406,202407,202408,202409,202410,202411,202412,202501,202502,202503,202504",59.49431906615767,312,0.5256410256410257,1.8543132660100945,37.51892088640207,0.120252951558981,-4.800000000000011,0.2467948717948718,238,0.5504201680672269,0.5,-4.299999999999997,7.0,0.18657253019601105,18,0.9166666666666666,21,0.5714285714285714,2.2222222222222223,3.3000000000000007,0.15714285714285717,-0.8999999999999995,0.47619047619047616,21,0.5714285714285714,0.5,-0.8999999999999995,2.5,0.7575757575757575,21,1.0,SPXW,research_papers\JEPA\results\_diagnostics\outer_stream_selector_dense15_param_scan_2025_202604\s12_m18_vw2p0\spxw\stream_selector_folds.csv
SPXW,202506,SELECTED,event_option_gate_dense15_zero_dte_win_d25_strict_backfill_d50max3_cau_combined,research_papers\JEPA\results\event_option_gate_dense15_zero_dte_win_d25_strict_backfill_d50max3_causal_2023_2026_v1\combined_trades.csv,"202301,202302,202303,202304,202305,202306,202307,202308,202309,202310,202311,202312,202401,202402,202403,202404,202405","202406,202407,202408,202409,202410,202411,202412,202501,202502,202503,202504,202505",60.00000447827054,310,0.532258064516129,1.9159745917885358,39.40252745915683,0.12710492728760267,-4.800000000000011,0.27741935483870966,237,0.5569620253164557,0.5,-4.299999999999997,7.0,0.17765357837148735,18,0.9166666666666666,20,0.65,3.095238095238095,4.4,0.22000000000000003,-0.9,0.3,20,0.65,0.5,-0.9,2.5,0.5681818181818181,20,1.0,SPXW,research_papers\JEPA\results\_diagnostics\outer_stream_selector_dense15_param_scan_2025_202604\s12_m18_vw2p0\spxw\stream_selector_folds.csv
SPXW,202507,SELECTED,event_option_gate_dense15_zero_dte_win_d25_strict_backfill_d50max3_cau_combined,research_papers\JEPA\results\event_option_gate_dense15_zero_dte_win_d25_strict_backfill_d50max3_causal_2023_2026_v1\combined_trades.csv,"202301,202302,202303,202304,202305,202306,202307,202308,202309,202310,202311,202312,202401,202402,202403,202404,202405,202406","202407,202408,202409,202410,202411,202412,202501,202502,202503,202504,202505,202506",60.99828942869998,312,0.5480769230769231,2.0193754219218323,43.1195803472935,0.13820378316440224,-4.800000000000011,0.2692307692307692,240,0.575,0.5,-4.299999999999997,7.0,0.1623392422565488,18,0.9166666666666666,42,0.6190476190476191,2.7083333333333335,8.2,0.1952380952380952,-0.9999999999999991,0.16666666666666666,21,0.9047619047619048,0.2,-0.6000000000000001,5.0,0.6097560975609757,42,1.0,SPXW,research_papers\JEPA\results\_diagnostics\outer_stream_selector_dense15_param_scan_2025_202604\s12_m18_vw2p0\spxw\stream_selector_folds.csv
SPXW,202508,SELECTED,event_option_gate_dense15_zero_dte_win_d25_strict_backfill_d50max3_cau_combined,research_papers\JEPA\results\event_option_gate_dense15_zero_dte_win_d25_strict_backfill_d50max3_causal_2023_2026_v1\combined_trades.csv,"202301,202302,202303,202304,202305,202306,202307,202308,202309,202310,202311,202312,202401,202402,202403,202404,202405,202406,202407","202408,202409,202410,202411,202412,202501,202502,202503,202504,202505,202506,202507",61.07029083785605,332,0.5451807228915663,1.9960172262095697,45.11958034729351,0.13590235044365515,-4.800000000000011,0.2710843373493976,240,0.5916666666666667,0.5,-4.3000000000000025,7.0,0.15514328693041343,18,0.9166666666666666,22,0.6818181818181818,3.571428571428571,5.4,0.24545454545454548,-0.5999999999999996,0.36363636363636365,21,0.7142857142857143,0.5,-0.5999999999999996,2.5,0.4629629629629629,22,1.0,SPXW,research_papers\JEPA\results\_diagnostics\outer_stream_selector_dense15_param_scan_2025_202604\s12_m18_vw2p0\spxw\stream_selector_folds.csv
SPXW,202509,SELECTED,event_option_gate_dense15_zero_dte_win_d25_strict_backfill_d50max3_cau_combined,research_papers\JEPA\results\event_option_gate_dense15_zero_dte_win_d25_strict_backfill_d50max3_causal_2023_2026_v1\combined_trades.csv,"202301,202302,202303,202304,202305,202306,202307,202308,202309,202310,202311,202312,202401,202402,202403,202404,202405,202406,202407,202408","202409,202410,202411,202412,202501,202502,202503,202504,202505,202506,202507,202508",61.056605367249354,289,0.5536332179930796,2.0651054353305813,41.2195803472935,0.1426283056999775,-4.799999999999998,0.28027681660899656,239,0.6108786610878661,0.5,-4.299999999999999,5.0,0.1213015745884056,18,0.9166666666666666,22,0.5,1.666666666666667,2.2,0.1,-2.0000000000000004,0.3181818181818182,20,0.5,0.1,-2.0000000000000004,3.0,1.3636363636363635,22,1.0,SPXW,research_papers\JEPA\results\_diagnostics\outer_stream_selector_dense15_param_scan_2025_202604\s12_m18_vw2p0\spxw\stream_selector_folds.csv
SPXW,202510,SELECTED,event_option_gate_dense15_zero_dte_win_d25_strict_backfill_d50max3_cau_combined,research_papers\JEPA\results\event_option_gate_dense15_zero_dte_win_d25_strict_backfill_d50max3_causal_2023_2026_v1\combined_trades.csv,"202301,202302,202303,202304,202305,202306,202307,202308,202309,202310,202311,202312,202401,202402,202403,202404,202405,202406,202407,202408,202409","202410,202411,202412,202501,202502,202503,202504,202505,202506,202507,202508,202509",60.123087515967356,289,0.5397923875432526,1.9528716879020926,38.019580347293505,0.13155564134011594,-4.799999999999999,0.2698961937716263,239,0.5899581589958159,0.5,-4.3,5.0,0.13151118329889547,18,0.9166666666666666,24,0.75,5.0,7.2,0.3,-0.5999999999999996,0.4583333333333333,23,0.7391304347826086,0.5,-0.5999999999999996,3.0,0.41666666666666663,24,1.0,SPXW,research_papers\JEPA\results\_diagnostics\outer_stream_selector_dense15_param_scan_2025_202604\s12_m18_vw2p0\spxw\stream_selector_folds.csv
SPXW,202511,SELECTED,event_option_gate_dense15_zero_dte_win_d25_strict_backfill_d50max3_cau_combined,research_papers\JEPA\results\event_option_gate_dense15_zero_dte_win_d25_strict_backfill_d50max3_causal_2023_2026_v1\combined_trades.csv,"202301,202302,202303,202304,202305,202306,202307,202308,202309,202310,202311,202312,202401,202402,202403,202404,202405,202406,202407,202408,202409,202410","202411,202412,202501,202502,202503,202504,202505,202506,202507,202508,202509,202510",63.78173808398588,274,0.5912408759124088,2.40832084366945,47.3195803472935,0.1726991983477865,-1.9999999999999716,0.3248175182481752,246,0.6219512195121951,0.5,-1.9999999999999787,5.0,0.10566450427715977,18,1.0,19,0.47368421052631576,1.5000000000000002,1.5000000000000002,0.07894736842105264,-1.8,0.10526315789473684,19,0.47368421052631576,-0.3,-1.8,2.5,1.6666666666666665,19,1.0,SPXW,research_papers\JEPA\results\_diagnostics\outer_stream_selector_dense15_param_scan_2025_202604\s12_m18_vw2p0\spxw\stream_selector_folds.csv
SPXW,202512,SELECTED,event_option_gate_dense15_zero_dte_win_d25_strict_backfill_d50max3_cau_combined,research_papers\JEPA\results\event_option_gate_dense15_zero_dte_win_d25_strict_backfill_d50max3_causal_2023_2026_v1\combined_trades.csv,"202301,202302,202303,202304,202305,202306,202307,202308,202309,202310,202311,202312,202401,202402,202403,202404,202405,202406,202407,202408,202409,202410,202411","202412,202501,202502,202503,202504,202505,202506,202507,202508,202509,202510,202511",64.88708463949843,275,0.5781818181818181,2.284482758620691,44.7,0.16254545454545455,-2.09999999999998,0.29818181818181816,247,0.6072874493927125,0.5,-2.09999999999998,5.0,0.11185682326621924,19,1.0,23,0.6956521739130435,3.8095238095238093,5.900000000000001,0.25652173913043486,-0.8999999999999999,0.17391304347826086,22,0.7272727272727273,0.5,-0.6,2.5,0.42372881355932196,23,1.0,SPXW,research_papers\JEPA\results\_diagnostics\outer_stream_selector_dense15_param_scan_2025_202604\s12_m18_vw2p0\spxw\stream_selector_folds.csv
SPXW,202601,SELECTED,event_option_gate_dense15_zero_dte_win_d25_strict_backfill_d50max3_cau_combined,research_papers\JEPA\results\event_option_gate_dense15_zero_dte_win_d25_strict_backfill_d50max3_causal_2023_2026_v1\combined_trades.csv,"202301,202302,202303,202304,202305,202306,202307,202308,202309,202310,202311,202312,202401,202402,202403,202404,202405,202406,202407,202408,202409,202410,202411,202412","202501,202502,202503,202504,202505,202506,202507,202508,202509,202510,202511,202512",65.78398358342952,276,0.5905797101449275,2.404129793510325,47.599999999999994,0.172463768115942,-2.09999999999998,0.3007246376811594,248,0.6209677419354839,0.5,-2.09999999999998,5.0,0.1050420168067227,19,1.0,21,0.42857142857142855,1.2500000000000002,0.9000000000000001,0.042857142857142864,-1.2999999999999998,0.23809523809523808,19,0.47368421052631576,-0.3,-1.2999999999999998,2.5,2.7777777777777772,21,1.0,SPXW,research_papers\JEPA\results\_diagnostics\outer_stream_selector_dense15_param_scan_2025_202604\s12_m18_vw2p0\spxw\stream_selector_folds.csv
SPXW,202602,SELECTED,event_option_gate_dense15_zero_dte_win_d25_strict_backfill_d50max3_cau_combined,research_papers\JEPA\results\event_option_gate_dense15_zero_dte_win_d25_strict_backfill_d50max3_causal_2023_2026_v1\combined_trades.csv,"202301,202302,202303,202304,202305,202306,202307,202308,202309,202310,202311,202312,202401,202402,202403,202404,202405,202406,202407,202408,202409,202410,202411,202412,202501","202502,202503,202504,202505,202506,202507,202508,202509,202510,202511,202512,202601",66.04548654244306,276,0.5942028985507246,2.4404761904761907,48.4,0.1753623188405797,-2.09999999999998,0.3188405797101449,247,0.6275303643724697,0.5,-2.09999999999998,5.0,0.10330578512396695,19,1.0,19,0.5263157894736842,1.851851851851852,2.3000000000000003,0.12105263157894738,-0.6999999999999993,0.21052631578947367,19,0.5263157894736842,0.5,-0.6999999999999993,2.5,1.0869565217391304,19,1.0,SPXW,research_papers\JEPA\results\_diagnostics\outer_stream_selector_dense15_param_scan_2025_202604\s12_m18_vw2p0\spxw\stream_selector_folds.csv
SPXW,202603,SELECTED,event_option_gate_dense15_zero_dte_win_d25_strict_backfill_d50max3_cau_combined,research_papers\JEPA\results\event_option_gate_dense15_zero_dte_win_d25_strict_backfill_d50max3_causal_2023_2026_v1\combined_trades.csv,"202301,202302,202303,202304,202305,202306,202307,202308,202309,202310,202311,202312,202401,202402,202403,202404,202405,202406,202407,202408,202409,202410,202411,202412,202501,202502","202503,202504,202505,202506,202507,202508,202509,202510,202511,202512,202601,202602",65.78398358342953,276,0.5905797101449275,2.404129793510325,47.6,0.17246376811594202,-2.09999999999998,0.2971014492753623,247,0.6234817813765182,0.5,-2.09999999999998,5.0,0.10504201680672269,19,1.0,22,0.5454545454545454,2.0000000000000004,3.000000000000001,0.1363636363636364,-0.8999999999999995,0.45454545454545453,22,0.5454545454545454,0.5,-0.8999999999999995,2.5,0.833333333333333,22,1.0,SPXW,research_papers\JEPA\results\_diagnostics\outer_stream_selector_dense15_param_scan_2025_202604\s12_m18_vw2p0\spxw\stream_selector_folds.csv
SPXW,202604,SELECTED,event_option_gate_dense15_zero_dte_win_d25_strict_backfill_d50max3_cau_combined,research_papers\JEPA\results\event_option_gate_dense15_zero_dte_win_d25_strict_backfill_d50max3_causal_2023_2026_v1\combined_trades.csv,"202301,202302,202303,202304,202305,202306,202307,202308,202309,202310,202311,202312,202401,202402,202403,202404,202405,202406,202407,202408,202409,202410,202411,202412,202501,202502,202503","202504,202505,202506,202507,202508,202509,202510,202511,202512,202601,202602,202603",65.78398358342952,276,0.5905797101449275,2.404129793510325,47.599999999999994,0.172463768115942,-2.09999999999998,0.31521739130434784,248,0.6209677419354839,0.5,-2.09999999999998,5.0,0.1050420168067227,19,1.0,20,0.65,3.095238095238095,4.4,0.22000000000000003,-0.6,0.25,19,0.6842105263157895,0.5,-0.5999999999999996,2.5,0.5681818181818181,20,1.0,SPXW,research_papers\JEPA\results\_diagnostics\outer_stream_selector_dense15_param_scan_2025_202604\s12_m18_vw2p0\spxw\stream_selector_folds.csv
SPY,202501,SELECTED,event_option_gate_dense15_zero_dte_win_d25_strict_backfill_d50max3_cau_combined,research_papers\JEPA\results\event_option_gate_dense15_zero_dte_win_d25_strict_backfill_d50max3_causal_2023_2026_v1\combined_trades.csv,"202301,202302,202303,202304,202305,202306,202307,202308,202309,202310,202311,202312","202401,202402,202403,202404,202405,202406,202407,202408,202409,202410,202411,202412",-999945.9745615624,266,0.462406015037594,1.429361947068111,18.225656289892637,0.06851750484922044,-5.368965453455193,0.13533834586466165,242,0.4834710743801653,-0.3,-5.368965453455193,5.0,0.2743385434505774,18,0.6666666666666666,21,0.38095238095238093,0.9881175809841264,-0.04634143416190817,-0.002206734960090865,-1.2999999999999998,0.0,20,0.4,-0.3,-1.2999999999999998,2.5,-53.94740247497466,21,0.0,SPY,research_papers\JEPA\results\_diagnostics\outer_stream_selector_dense15_param_scan_2025_202604\s12_m18_vw2p0\spy\stream_selector_folds.csv
SPY,202502,SELECTED,event_option_gate_dense15_zero_dte_win_d25_strict_backfill_d50max3_cau_combined,research_papers\JEPA\results\event_option_gate_dense15_zero_dte_win_d25_strict_backfill_d50max3_causal_2023_2026_v1\combined_trades.csv,"202301,202302,202303,202304,202305,202306,202307,202308,202309,202310,202311,202312,202401","202402,202403,202404,202405,202406,202407,202408,202409,202410,202411,202412,202501",-999946.5531692504,266,0.45864661654135336,1.4042111999115643,17.27931485573073,0.06495983028470198,-5.368965453455192,0.12781954887218044,242,0.4793388429752066,-0.3,-5.368965453455192,5.0,0.28936332497823186,18,0.5833333333333334,20,0.45,1.363636363636364,1.2000000000000002,0.06000000000000001,-1.8,0.45,19,0.47368421052631576,-0.3,-1.8,2.5,2.083333333333333,20,1.0,SPY,research_papers\JEPA\results\_diagnostics\outer_stream_selector_dense15_param_scan_2025_202604\s12_m18_vw2p0\spy\stream_selector_folds.csv
SPY,202503,SELECTED,event_option_gate_dense15_zero_dte_win_d25_strict_backfill_d50max3_cau_combined,research_papers\JEPA\results\event_option_gate_dense15_zero_dte_win_d25_strict_backfill_d50max3_causal_2023_2026_v1\combined_trades.csv,"202301,202302,202303,202304,202305,202306,202307,202308,202309,202310,202311,202312,202401,202402","202403,202404,202405,202406,202407,202408,202409,202410,202411,202412,202501,202502",-999945.1088768645,266,0.4774436090225564,1.5158842676231263,21.279314855730732,0.0799974242696644,-2.500000000000007,0.15789473684210525,241,0.5020746887966805,0.0227272511760063,-2.500000000000007,5.0,0.23496997125607408,18,0.6666666666666666,22,0.45454545454545453,1.3888888888888893,1.4,0.06363636363636363,-0.9000000000000001,0.2727272727272727,21,0.47619047619047616,-0.3,-0.9000000000000001,2.5,1.7857142857142858,22,1.0,SPY,research_papers\JEPA\results\_diagnostics\outer_stream_selector_dense15_param_scan_2025_202604\s12_m18_vw2p0\spy\stream_selector_folds.csv
SPY,202504,SELECTED,event_option_gate_dense15_zero_dte_win_d25_strict_backfill_d50max3_cau_combined,research_papers\JEPA\results\event_option_gate_dense15_zero_dte_win_d25_strict_backfill_d50max3_causal_2023_2026_v1\combined_trades.csv,"202301,202302,202303,202304,202305,202306,202307,202308,202309,202310,202311,202312,202401,202402,202403","202404,202405,202406,202407,202408,202409,202410,202411,202412,202501,202502,202503",-999944.1235801887,268,0.48880597014925375,1.5784907924758718,23.64828030918592,0.08823985189994747,-2.500000000000007,0.1791044776119403,242,0.5165289256198347,0.2,-2.500000000000007,5.0,0.2114318645850034,18,0.75,22,0.5454545454545454,2.0000000000000004,3.0,0.13636363636363635,-0.7000000000000001,0.5909090909090909,21,0.5714285714285714,0.5,-0.7000000000000001,2.5,0.8333333333333334,22,1.0,SPY,research_papers\JEPA\results\_diagnostics\outer_stream_selector_dense15_param_scan_2025_202604\s12_m18_vw2p0\spy\stream_selector_folds.csv
SPY,202505,SELECTED,event_option_gate_dense15_zero_dte_win_d25_strict_backfill_d50max3_cau_combined,research_papers\JEPA\results\event_option_gate_dense15_zero_dte_win_d25_strict_backfill_d50max3_causal_2023_2026_v1\combined_trades.csv,"202301,202302,202303,202304,202305,202306,202307,202308,202309,202310,202311,202312,202401,202402,202403,202404","202405,202406,202407,202408,202409,202410,202411,202412,202501,202502,202503,202504",56.13673358224097,250,0.496,1.6239685171074598,23.44828030918592,0.09379312123674369,-2.500000000000007,0.244,242,0.5082644628099173,0.17558139131931827,-2.500000000000007,3.0,0.1279411522057224,18,0.75,22,0.5,1.666666666666667,2.2000000000000006,0.10000000000000003,-0.9000000000000001,0.36363636363636365,21,0.5238095238095238,0.5,-0.9000000000000001,2.5,1.136363636363636,22,1.0,SPY,research_papers\JEPA\results\_diagnostics\outer_stream_selector_dense15_param_scan_2025_202604\s12_m18_vw2p0\spy\stream_selector_folds.csv
SPY,202506,SELECTED,event_option_gate_dense15_zero_dte_win_d25_strict_backfill_d50max3_cau_combined,research_papers\JEPA\results\event_option_gate_dense15_zero_dte_win_d25_strict_backfill_d50max3_causal_2023_2026_v1\combined_trades.csv,"202301,202302,202303,202304,202305,202306,202307,202308,202309,202310,202311,202312,202401,202402,202403,202404,202405","202406,202407,202408,202409,202410,202411,202412,202501,202502,202503,202504,202505",57.2965450758256,252,0.5079365079365079,1.7173087593203726,26.52555305800992,0.10526013118257904,-2.500000000000007,0.26587301587301587,243,0.522633744855967,0.5,-2.500000000000007,3.0,0.1130984901027008,18,0.8333333333333334,52,0.4423076923076923,1.32183908045977,2.8,0.05384615384615384,-2.4000000000000004,0.4807692307692308,20,0.4,-0.09999999999999998,-2.0,6.2,2.2142857142857144,52,1.0,SPY,research_papers\JEPA\results\_diagnostics\outer_stream_selector_dense15_param_scan_2025_202604\s12_m18_vw2p0\spy\stream_selector_folds.csv
SPY,202507,SELECTED,event_option_gate_dense15_zero_dte_win_d25_strict_backfill_d50max3_cau_combined,research_papers\JEPA\results\event_option_gate_dense15_zero_dte_win_d25_strict_backfill_d50max3_causal_2023_2026_v1\combined_trades.csv,"202301,202302,202303,202304,202305,202306,202307,202308,202309,202310,202311,202312,202401,202402,202403,202404,202405,202406","202407,202408,202409,202410,202411,202412,202501,202502,202503,202504,202505,202506",59.32929633729958,286,0.5034965034965035,1.6785169330628338,28.904821348476727,0.10106580891075778,-2.500000000000007,0.2937062937062937,246,0.5203252032520326,0.42682928291904587,-2.500000000000007,6.5,0.22487597904986006,19,0.8333333333333334,22,0.6363636363636364,2.916666666666667,4.6,0.20909090909090908,-1.2000000000000002,0.2727272727272727,22,0.6363636363636364,0.5,-1.2000000000000002,2.5,0.5434782608695653,22,1.0,SPY,research_papers\JEPA\results\_diagnostics\outer_stream_selector_dense15_param_scan_2025_202604\s12_m18_vw2p0\spy\stream_selector_folds.csv
SPY,202508,SELECTED,event_option_gate_dense15_zero_dte_win_d25_strict_backfill_d50max3_cau_combined,research_papers\JEPA\results\event_option_gate_dense15_zero_dte_win_d25_strict_backfill_d50max3_causal_2023_2026_v1\combined_trades.csv,"202301,202302,202303,202304,202305,202306,202307,202308,202309,202310,202311,202312,202401,202402,202403,202404,202405,202406,202407","202408,202409,202410,202411,202412,202501,202502,202503,202504,202505,202506,202507",59.7725214885767,286,0.5104895104895105,1.7263052702018267,30.504821348476728,0.10666021450516339,-2.500000000000007,0.3146853146853147,246,0.5284552845528455,0.5,-2.500000000000007,6.5,0.21308107088208142,19,0.8333333333333334,21,0.6666666666666666,3.333333333333333,4.9,0.23333333333333334,-0.5999999999999996,0.38095238095238093,20,0.7,0.5,-0.5999999999999996,2.5,0.5102040816326531,21,1.0,SPY,research_papers\JEPA\results\_diagnostics\outer_stream_selector_dense15_param_scan_2025_202604\s12_m18_vw2p0\spy\stream_selector_folds.csv
SPY,202509,SELECTED,event_option_gate_dense15_zero_dte_win_d25_strict_backfill_d50max3_cau_combined,research_papers\JEPA\results\event_option_gate_dense15_zero_dte_win_d25_strict_backfill_d50max3_causal_2023_2026_v1\combined_trades.csv,"202301,202302,202303,202304,202305,202306,202307,202308,202309,202310,202311,202312,202401,202402,202403,202404,202405,202406,202407,202408","202409,202410,202411,202412,202501,202502,202503,202504,202505,202506,202507,202508",59.20924271906212,285,0.5017543859649123,1.666779843860956,28.404821348476727,0.09966603981921658,-2.4999999999999982,0.3298245614035088,244,0.5204918032786885,0.27682928291904585,-2.4999999999999982,6.5,0.22883439118509286,19,0.8333333333333334,22,0.5,1.666666666666667,2.2,0.1,-2.0000000000000004,0.3181818181818182,21,0.47619047619047616,-0.3,-2.0000000000000004,3.0,1.3636363636363635,22,1.0,SPY,research_papers\JEPA\results\_diagnostics\outer_stream_selector_dense15_param_scan_2025_202604\s12_m18_vw2p0\spy\stream_selector_folds.csv
SPY,202510,SELECTED,event_option_gate_dense15_zero_dte_win_d25_strict_backfill_d50max3_cau_combined,research_papers\JEPA\results\event_option_gate_dense15_zero_dte_win_d25_strict_backfill_d50max3_causal_2023_2026_v1\combined_trades.csv,"202301,202302,202303,202304,202305,202306,202307,202308,202309,202310,202311,202312,202401,202402,202403,202404,202405,202406,202407,202408,202409","202410,202411,202412,202501,202502,202503,202504,202505,202506,202507,202508,202509",58.730815502873426,286,0.493006993006993,1.61732548427214,26.853658565838092,0.09389391106936396,-2.4000000000000057,0.3076923076923077,245,0.5061224489795918,0.2,-2.4000000000000004,6.5,0.24205267911870232,19,0.8333333333333334,21,0.6190476190476191,2.7083333333333335,4.1,0.1952380952380952,-0.7,0.14285714285714285,20,0.6,0.5,-0.7,3.0,0.7317073170731708,21,1.0,SPY,research_papers\JEPA\results\_diagnostics\outer_stream_selector_dense15_param_scan_2025_202604\s12_m18_vw2p0\spy\stream_selector_folds.csv
SPY,202511,SELECTED,event_option_gate_dense15_zero_dte_win_d25_strict_backfill_d50max3_cau_combined,research_papers\JEPA\results\event_option_gate_dense15_zero_dte_win_d25_strict_backfill_d50max3_causal_2023_2026_v1\combined_trades.csv,"202301,202302,202303,202304,202305,202306,202307,202308,202309,202310,202311,202312,202401,202402,202403,202404,202405,202406,202407,202408,202409,202410","202411,202412,202501,202502,202503,202504,202505,202506,202507,202508,202509,202510",62.40507162715954,288,0.5138888888888888,1.758420442043764,31.85365856583809,0.11060298113138226,-2.4000000000000057,0.3125,246,0.5284552845528455,0.5,-2.000000000000007,6.5,0.20405819276819329,20,0.9166666666666666,38,0.631578947368421,2.8571428571428577,7.799999999999998,0.2052631578947368,-0.9000000000000012,0.15789473684210525,19,0.8421052631578947,0.2,-0.6000000000000001,5.0,0.6410256410256412,38,1.0,SPY,research_papers\JEPA\results\_diagnostics\outer_stream_selector_dense15_param_scan_2025_202604\s12_m18_vw2p0\spy\stream_selector_folds.csv
SPY,202512,SELECTED,event_option_gate_dense15_zero_dte_win_d25_strict_backfill_d50max3_cau_combined,research_papers\JEPA\results\event_option_gate_dense15_zero_dte_win_d25_strict_backfill_d50max3_causal_2023_2026_v1\combined_trades.csv,"202301,202302,202303,202304,202305,202306,202307,202308,202309,202310,202311,202312,202401,202402,202403,202404,202405,202406,202407,202408,202409,202410,202411","202412,202501,202502,202503,202504,202505,202506,202507,202508,202509,202510,202511",63.51952475061401,305,0.5278688524590164,1.8600383927277337,37.153658565838086,0.12181527398635437,-2.4000000000000057,0.3114754098360656,245,0.5551020408163265,0.5,-2.000000000000007,6.5,0.174949123475463,20,0.9166666666666666,22,0.6818181818181818,3.571428571428571,5.4,0.24545454545454548,-0.30000000000000004,0.13636363636363635,22,0.6818181818181818,0.5,-0.30000000000000004,2.5,0.4629629629629629,22,1.0,SPY,research_papers\JEPA\results\_diagnostics\outer_stream_selector_dense15_param_scan_2025_202604\s12_m18_vw2p0\spy\stream_selector_folds.csv
SPY,202601,SELECTED,event_option_gate_dense15_zero_dte_win_d25_strict_backfill_d50max3_cau_combined,research_papers\JEPA\results\event_option_gate_dense15_zero_dte_win_d25_strict_backfill_d50max3_causal_2023_2026_v1\combined_trades.csv,"202301,202302,202303,202304,202305,202306,202307,202308,202309,202310,202311,202312,202401,202402,202403,202404,202405,202406,202407,202408,202409,202410,202411,202412","202501,202502,202503,202504,202505,202506,202507,202508,202509,202510,202511,202512",64.18135489566778,305,0.5377049180327869,1.935074670587189,39.55365856583809,0.12968412644537078,-2.4000000000000057,0.3081967213114754,246,0.5650406504065041,0.5,-2.000000000000007,6.5,0.16433372374847655,20,0.9166666666666666,22,0.4090909090909091,1.1538461538461542,0.6000000000000001,0.02727272727272728,-1.6,0.22727272727272727,20,0.45,-0.3,-1.6,2.5,4.166666666666666,22,1.0,SPY,research_papers\JEPA\results\_diagnostics\outer_stream_selector_dense15_param_scan_2025_202604\s12_m18_vw2p0\spy\stream_selector_folds.csv
SPY,202602,SELECTED,event_option_gate_dense15_zero_dte_win_d25_strict_backfill_d50max3_cau_combined,research_papers\JEPA\results\event_option_gate_dense15_zero_dte_win_d25_strict_backfill_d50max3_causal_2023_2026_v1\combined_trades.csv,"202301,202302,202303,202304,202305,202306,202307,202308,202309,202310,202311,202312,202401,202402,202403,202404,202405,202406,202407,202408,202409,202410,202411,202412,202501","202502,202503,202504,202505,202506,202507,202508,202509,202510,202511,202512,202601",64.65537755527743,306,0.5392156862745098,1.950354609929078,40.199999999999996,0.13137254901960782,-2.4000000000000057,0.3235294117647059,246,0.5691056910569106,0.5,-2.000000000000007,6.5,0.16169154228855723,20,1.0,19,0.5263157894736842,1.851851851851852,2.3000000000000003,0.12105263157894738,-0.6999999999999993,0.21052631578947367,19,0.5263157894736842,0.5,-0.6999999999999993,2.5,1.0869565217391304,19,1.0,SPY,research_papers\JEPA\results\_diagnostics\outer_stream_selector_dense15_param_scan_2025_202604\s12_m18_vw2p0\spy\stream_selector_folds.csv
SPY,202603,SELECTED,event_option_gate_dense15_zero_dte_win_valthr_wr45_d25_physctx_2023_20_event_option_gate,research_papers\JEPA\results\event_option_gate_dense15_zero_dte_win_valthr_wr45_d25_physctx_2023_2026_spy_v1\event_option_gate_trades.csv,"202301,202302,202303,202304,202305,202306,202307,202308,202309,202310,202311,202312,202401,202402,202403,202404,202405,202406,202407,202408,202409,202410,202411,202412,202501,202502","202503,202504,202505,202506,202507,202508,202509,202510,202511,202512,202601,202602",63.08274509803921,300,0.5466666666666666,2.0098039215686274,41.199999999999996,0.1373333333333333,-2.4000000000000057,0.3233333333333333,249,0.570281124497992,0.5,-2.000000000000007,6.5,0.15776699029126215,19,1.0,22,0.5454545454545454,2.0000000000000004,3.000000000000001,0.1363636363636364,-0.8999999999999995,0.4090909090909091,22,0.5454545454545454,0.5,-0.8999999999999995,2.5,0.833333333333333,22,1.0,SPY,research_papers\JEPA\results\_diagnostics\outer_stream_selector_dense15_param_scan_2025_202604\s12_m18_vw2p0\spy\stream_selector_folds.csv
SPY,202604,SELECTED,event_option_gate_dense15_zero_dte_win_d25_strict_backfill_d50max3_cau_combined,research_papers\JEPA\results\event_option_gate_dense15_zero_dte_win_d25_strict_backfill_d50max3_causal_2023_2026_v1\combined_trades.csv,"202301,202302,202303,202304,202305,202306,202307,202308,202309,202310,202311,202312,202401,202402,202403,202404,202405,202406,202407,202408,202409,202410,202411,202412,202501,202502,202503","202504,202505,202506,202507,202508,202509,202510,202511,202512,202601,202602,202603",64.12209955582024,303,0.5610561056105611,2.1303258145363406,45.099999999999994,0.14884488448844882,-2.400000000000002,0.3201320132013201,245,0.5918367346938775,0.5,-2.000000000000007,6.5,0.14412416851441243,19,1.0,20,0.5,1.666666666666667,2.000000000000001,0.10000000000000005,-1.1999999999999995,0.15,16,0.5625,0.2,-1.1999999999999995,3.0,1.4999999999999993,20,1.0,SPY,research_papers\JEPA\results\_diagnostics\outer_stream_selector_dense15_param_scan_2025_202604\s12_m18_vw2p0\spy\stream_selector_folds.csv
QQQ,202501,SELECTED,event_option_gate_dense15_zero_dte_win_valthr_d25_monthly_backfill18_d_monthly_volume_backfill,research_papers\JEPA\results\event_option_gate_dense15_zero_dte_win_valthr_d25_monthly_backfill18_d50max3_2023_2026_qqq_v1\monthly_volume_backfill_trades.csv,"202301,202302,202303,202304,202305,202306,202307,202308,202309,202310,202311,202312","202401,202402,202403,202404,202405,202406,202407,202408,202409,202410,202411,202412",-999944.2230749292,459,0.4596949891067538,1.4070586164150323,30.285161061278366,0.06598074305289404,-5.46956525494936,0.15904139433551198,240,0.5916666666666667,0.2,-5.269565254949366,7.5,0.24764603314556113,18,0.8333333333333334,40,0.3,0.7142857142857143,-2.4,-0.06,-2.7,0.0,20,0.5,-0.19999999999999998,-2.6,2.6000000000000005,-1.0833333333333337,40,0.0,QQQ,research_papers\JEPA\results\_diagnostics\outer_stream_selector_dense15_param_scan_2025_202604\s12_m18_vw2p0\qqq\stream_selector_folds.csv
QQQ,202502,SELECTED,event_option_gate_dense15_zero_dte_return_forcedmax3_d25_physctx_2023__event_option_gate,research_papers\JEPA\results\event_option_gate_dense15_zero_dte_return_forcedmax3_d25_physctx_2023_2026_qqq_v1\event_option_gate_trades.csv,"202301,202302,202303,202304,202305,202306,202307,202308,202309,202310,202311,202312,202401","202402,202403,202404,202405,202406,202407,202408,202409,202410,202411,202412,202501",-1999893.5825929614,753,0.40106241699867196,1.116955935249271,15.76789001336034,0.020940092979230197,-7.006793480325828,0.3705179282868526,251,0.3745019920318725,-0.09999999999999998,-6.80679348032583,7.5,0.47565019756258775,57,0.6666666666666666,57,0.38596491228070173,1.0476190476190474,0.5000000000000002,0.008771929824561408,-2.4000000000000004,0.8070175438596491,19,0.42105263157894735,-0.09999999999999998,-2.0,3.5,6.999999999999997,57,1.0,QQQ,research_papers\JEPA\results\_diagnostics\outer_stream_selector_dense15_param_scan_2025_202604\s12_m18_vw2p0\qqq\stream_selector_folds.csv
QQQ,202503,SELECTED,event_option_gate_dense15_zero_dte_win_valthr_d25_monthly_backfill18_d_monthly_volume_backfill,research_papers\JEPA\results\event_option_gate_dense15_zero_dte_win_valthr_d25_monthly_backfill18_d50max3_2023_2026_qqq_v1\monthly_volume_backfill_trades.csv,"202301,202302,202303,202304,202305,202306,202307,202308,202309,202310,202311,202312,202401,202402","202403,202404,202405,202406,202407,202408,202409,202410,202411,202412,202501,202502",-999945.0927171095,455,0.45274725274725275,1.3679405764562032,27.485161061278365,0.06040694738742498,-3.8695652549493667,0.17142857142857143,238,0.5840336134453782,0.2,-3.469565254949366,7.5,0.27287451520763134,18,0.75,42,0.5238095238095238,1.8333333333333337,5.0,0.11904761904761904,-1.8,0.21428571428571427,21,0.6666666666666666,0.2,-1.5,5.0,1.0,42,1.0,QQQ,research_papers\JEPA\results\_diagnostics\outer_stream_selector_dense15_param_scan_2025_202604\s12_m18_vw2p0\qqq\stream_selector_folds.csv
QQQ,202504,SELECTED,event_option_gate_dense15_zero_dte_win_valthr_d25_monthly_backfill18_d_monthly_volume_backfill,research_papers\JEPA\results\event_option_gate_dense15_zero_dte_win_valthr_d25_monthly_backfill18_d50max3_2023_2026_qqq_v1\monthly_volume_backfill_trades.csv,"202301,202302,202303,202304,202305,202306,202307,202308,202309,202310,202311,202312,202401,202402,202403","202404,202405,202406,202407,202408,202409,202410,202411,202412,202501,202502,202503",-999943.6192188889,458,0.4672489082969432,1.4556656600577564,33.35472631622773,0.07282691335420903,-3.100000000000037,0.185589519650655,239,0.5899581589958159,0.2,-3.000000000000039,7.5,0.22485568998211514,18,0.8333333333333334,42,0.42857142857142855,1.2500000000000002,1.7999999999999996,0.04285714285714285,-2.9000000000000004,0.6190476190476191,21,0.6666666666666666,0.2,-2.8,4.2,2.333333333333334,42,1.0,QQQ,research_papers\JEPA\results\_diagnostics\outer_stream_selector_dense15_param_scan_2025_202604\s12_m18_vw2p0\qqq\stream_selector_folds.csv
QQQ,202505,SELECTED,event_option_gate_dense15_zero_dte_win_valthr_d25_monthly_backfill18_d_monthly_volume_backfill,research_papers\JEPA\results\event_option_gate_dense15_zero_dte_win_valthr_d25_monthly_backfill18_d50max3_2023_2026_qqq_v1\monthly_volume_backfill_trades.csv,"202301,202302,202303,202304,202305,202306,202307,202308,202309,202310,202311,202312,202401,202402,202403,202404","202405,202406,202407,202408,202409,202410,202411,202412,202501,202502,202503,202504",56.33817291483362,461,0.46637744034707157,1.4506060476453628,33.25472631622773,0.07213606576188228,-3.100000000000037,0.24078091106290672,239,0.5983263598326359,0.2,-3.000000000000039,7.5,0.22553185158345837,18,0.8333333333333334,42,0.38095238095238093,1.0256410256410258,0.20000000000000023,0.0047619047619047675,-2.3,0.2857142857142857,21,0.6666666666666666,0.2,-2.2,2.6000000000000005,12.999999999999988,42,1.0,QQQ,research_papers\JEPA\results\_diagnostics\outer_stream_selector_dense15_param_scan_2025_202604\s12_m18_vw2p0\qqq\stream_selector_folds.csv
QQQ,202506,SELECTED,event_option_gate_dense15_zero_dte_win_valthr_d25_monthly_backfill18_d_monthly_volume_backfill,research_papers\JEPA\results\event_option_gate_dense15_zero_dte_win_valthr_d25_monthly_backfill18_d50max3_2023_2026_qqq_v1\monthly_volume_backfill_trades.csv,"202301,202302,202303,202304,202305,202306,202307,202308,202309,202310,202311,202312,202401,202402,202403,202404,202405","202406,202407,202408,202409,202410,202411,202412,202501,202502,202503,202504,202505",56.84082154144966,468,0.46794871794871795,1.4599026280619511,34.35472631622773,0.07340753486373447,-3.100000000000037,0.2606837606837607,241,0.6141078838174274,0.2,-3.000000000000039,7.5,0.21831057336810494,18,0.9166666666666666,24,0.5416666666666666,1.9696969696969702,3.2,0.13333333333333333,-1.1999999999999993,0.3333333333333333,16,0.75,0.2,-0.9999999999999996,3.0,0.9375,24,1.0,QQQ,research_papers\JEPA\results\_diagnostics\outer_stream_selector_dense15_param_scan_2025_202604\s12_m18_vw2p0\qqq\stream_selector_folds.csv
QQQ,202507,SELECTED,event_option_gate_dense15_zero_dte_win_valthr_d25_monthly_backfill18_d_monthly_volume_backfill,research_papers\JEPA\results\event_option_gate_dense15_zero_dte_win_valthr_d25_monthly_backfill18_d50max3_2023_2026_qqq_v1\monthly_volume_backfill_trades.csv,"202301,202302,202303,202304,202305,202306,202307,202308,202309,202310,202311,202312,202401,202402,202403,202404,202405,202406","202407,202408,202409,202410,202411,202412,202501,202502,202503,202504,202505,202506",57.138180442785824,474,0.4704641350210971,1.4807436918990706,36.199999999999996,0.07637130801687762,-3.100000000000037,0.25316455696202533,240,0.6333333333333333,0.2,-3.000000000000039,7.5,0.20718232044198898,18,0.9166666666666666,44,0.45454545454545453,1.4040561663912179,2.8777777988023443,0.06540404088187146,-1.3000000000000003,0.20454545454545456,22,0.6818181818181818,0.2,-0.9999999999999999,5.0,1.7374517247582038,44,1.0,QQQ,research_papers\JEPA\results\_diagnostics\outer_stream_selector_dense15_param_scan_2025_202604\s12_m18_vw2p0\qqq\stream_selector_folds.csv
QQQ,202508,SELECTED,event_option_gate_dense15_zero_dte_win_valthr_d25_monthly_backfill18_d_monthly_volume_backfill,research_papers\JEPA\results\event_option_gate_dense15_zero_dte_win_valthr_d25_monthly_backfill18_d50max3_2023_2026_qqq_v1\monthly_volume_backfill_trades.csv,"202301,202302,202303,202304,202305,202306,202307,202308,202309,202310,202311,202312,202401,202402,202403,202404,202405,202406,202407","202408,202409,202410,202411,202412,202501,202502,202503,202504,202505,202506,202507",56.65297464011525,460,0.4652173913043478,1.4513941224937978,33.27777779880234,0.0723429952147877,-3.100000000000037,0.28043478260869564,241,0.6473029045643154,0.2,-3.000000000000039,6.5,0.19532554244754688,18,0.9166666666666666,42,0.5714285714285714,2.2222222222222223,6.6,0.15714285714285714,-1.1999999999999993,0.16666666666666666,21,0.8095238095238095,0.2,-0.6000000000000001,5.0,0.7575757575757576,42,1.0,QQQ,research_papers\JEPA\results\_diagnostics\outer_stream_selector_dense15_param_scan_2025_202604\s12_m18_vw2p0\qqq\stream_selector_folds.csv
QQQ,202509,SELECTED,event_option_gate_dense15_zero_dte_win_valthr_d25_monthly_backfill18_d_monthly_volume_backfill,research_papers\JEPA\results\event_option_gate_dense15_zero_dte_win_valthr_d25_monthly_backfill18_d50max3_2023_2026_qqq_v1\monthly_volume_backfill_trades.csv,"202301,202302,202303,202304,202305,202306,202307,202308,202309,202310,202311,202312,202401,202402,202403,202404,202405,202406,202407,202408","202409,202410,202411,202412,202501,202502,202503,202504,202505,202506,202507,202508",56.60571807378895,475,0.4631578947368421,1.4393719108350678,33.577777798802344,0.07069005852379441,-3.100000000000037,0.27789473684210525,242,0.6528925619834711,0.2,-3.000000000000007,6.5,0.1935804102030791,18,0.9166666666666666,39,0.38461538461538464,1.0416666666666667,0.2999999999999999,0.007692307692307689,-4.0,0.28205128205128205,20,0.6,0.2,-3.7,3.7,12.33333333333334,39,1.0,QQQ,research_papers\JEPA\results\_diagnostics\outer_stream_selector_dense15_param_scan_2025_202604\s12_m18_vw2p0\qqq\stream_selector_folds.csv
QQQ,202510,SELECTED,event_option_gate_dense15_zero_dte_win_valthr_d25_monthly_backfill18_d_monthly_volume_backfill,research_papers\JEPA\results\event_option_gate_dense15_zero_dte_win_valthr_d25_monthly_backfill18_d50max3_2023_2026_qqq_v1\monthly_volume_backfill_trades.csv,"202301,202302,202303,202304,202305,202306,202307,202308,202309,202310,202311,202312,202401,202402,202403,202404,202405,202406,202407,202408,202409","202410,202411,202412,202501,202502,202503,202504,202505,202506,202507,202508,202509",55.92807345941213,454,0.45594713656387664,1.3982287605292327,29.477777798802343,0.06492902598855142,-4.000000000000011,0.24008810572687225,242,0.6652892561983471,0.2,-3.70000000000001,5.0,0.16961929878591953,18,0.9166666666666666,46,0.5434782608695652,1.9841269841269844,6.2,0.13478260869565217,-1.299999999999999,0.34782608695652173,23,0.8260869565217391,0.2,-1.1999999999999993,5.0,0.8064516129032258,46,1.0,QQQ,research_papers\JEPA\results\_diagnostics\outer_stream_selector_dense15_param_scan_2025_202604\s12_m18_vw2p0\qqq\stream_selector_folds.csv
QQQ,202511,SELECTED,event_option_gate_dense15_zero_dte_win_d25_strict_backfill_d50max3_cau_combined,research_papers\JEPA\results\event_option_gate_dense15_zero_dte_win_d25_strict_backfill_d50max3_causal_2023_2026_v1\combined_trades.csv,"202301,202302,202303,202304,202305,202306,202307,202308,202309,202310,202311,202312,202401,202402,202403,202404,202405,202406,202407,202408,202409,202410","202411,202412,202501,202502,202503,202504,202505,202506,202507,202508,202509,202510",58.345285285285286,288,0.4861111111111111,1.5765765765765767,25.6,0.08888888888888889,-3.4000000000000004,0.2847222222222222,235,0.5659574468085107,0.2,-3.4,5.0,0.1953125,19,0.8333333333333334,20,0.6,2.5,3.6000000000000005,0.18000000000000002,-0.8999999999999999,0.1,18,0.6666666666666666,0.5,-0.8999999999999995,2.5,0.6944444444444443,20,1.0,QQQ,research_papers\JEPA\results\_diagnostics\outer_stream_selector_dense15_param_scan_2025_202604\s12_m18_vw2p0\qqq\stream_selector_folds.csv
QQQ,202512,SELECTED,event_option_gate_dense15_zero_dte_win_valthr_d25_monthly_backfill18_d_monthly_volume_backfill,research_papers\JEPA\results\event_option_gate_dense15_zero_dte_win_valthr_d25_monthly_backfill18_d50max3_2023_2026_qqq_v1\monthly_volume_backfill_trades.csv,"202301,202302,202303,202304,202305,202306,202307,202308,202309,202310,202311,202312,202401,202402,202403,202404,202405,202406,202407,202408,202409,202410,202411","202412,202501,202502,202503,202504,202505,202506,202507,202508,202509,202510,202511",68.91559271980503,468,0.46794871794871795,1.467391304761259,34.87777779880234,0.07452516623675715,-4.000000000000011,0.25,241,0.6846473029045643,0.2,-3.70000000000001,5.0,0.143357757161114,24,0.9166666666666666,66,0.5151515151515151,1.7708333333333335,7.4,0.11212121212121212,-2.3000000000000007,0.19696969696969696,22,0.5,0.3,-2.0,5.9,0.7972972972972973,66,1.0,QQQ,research_papers\JEPA\results\_diagnostics\outer_stream_selector_dense15_param_scan_2025_202604\s12_m18_vw2p0\qqq\stream_selector_folds.csv
QQQ,202601,SELECTED,event_option_gate_dense15_zero_dte_win_valthr_d25_monthly_backfill18_d_monthly_volume_backfill,research_papers\JEPA\results\event_option_gate_dense15_zero_dte_win_valthr_d25_monthly_backfill18_d50max3_2023_2026_qqq_v1\monthly_volume_backfill_trades.csv,"202301,202302,202303,202304,202305,202306,202307,202308,202309,202310,202311,202312,202401,202402,202403,202404,202405,202406,202407,202408,202409,202410,202411,202412","202501,202502,202503,202504,202505,202506,202507,202508,202509,202510,202511,202512",69.89077009447247,496,0.4778225806451613,1.5266246783407813,40.87777779880234,0.08241487459435956,-4.000000000000011,0.25806451612903225,243,0.6748971193415638,0.2,-3.70000000000001,6.5,0.15901060062493025,24,0.9166666666666666,40,0.35,0.8974358974358976,-0.7999999999999997,-0.019999999999999993,-3.6999999999999997,0.2,20,0.5,0.05000000000000002,-3.7,3.4000000000000004,-4.250000000000002,40,0.0,QQQ,research_papers\JEPA\results\_diagnostics\outer_stream_selector_dense15_param_scan_2025_202604\s12_m18_vw2p0\qqq\stream_selector_folds.csv
QQQ,202602,SELECTED,event_option_gate_dense15_zero_dte_win_valthr_d25_physctx_2023_2026_qq_event_option_gate,research_papers\JEPA\results\event_option_gate_dense15_zero_dte_win_valthr_d25_physctx_2023_2026_qqq_v1\event_option_gate_trades.csv,"202301,202302,202303,202304,202305,202306,202307,202308,202309,202310,202311,202312,202401,202402,202403,202404,202405,202406,202407,202408,202409,202410,202411,202412,202501","202502,202503,202504,202505,202506,202507,202508,202509,202510,202511,202512,202601",70.22833341880775,491,0.48268839103869654,1.5567070504956386,42.37777779880234,0.08630911975316159,-4.299999999999898,0.2729124236252546,241,0.6804979253112033,0.2,-3.999999999999986,6.5,0.15338227574980817,24,0.9166666666666666,38,0.39473684210526316,1.0869565217391306,0.5999999999999999,0.015789473684210523,-2.1,0.07894736842105263,19,0.631578947368421,0.2,-1.8000000000000003,3.4000000000000004,5.666666666666669,38,1.0,QQQ,research_papers\JEPA\results\_diagnostics\outer_stream_selector_dense15_param_scan_2025_202604\s12_m18_vw2p0\qqq\stream_selector_folds.csv
QQQ,202603,SELECTED,event_option_gate_dense15_zero_dte_win_valthr_d25_physctx_2023_2026_qq_event_option_gate,research_papers\JEPA\results\event_option_gate_dense15_zero_dte_win_valthr_d25_physctx_2023_2026_qqq_v1\event_option_gate_trades.csv,"202301,202302,202303,202304,202305,202306,202307,202308,202309,202310,202311,202312,202401,202402,202403,202404,202405,202406,202407,202408,202409,202410,202411,202412,202501,202502","202503,202504,202505,202506,202507,202508,202509,202510,202511,202512,202601,202602",69.91124261495955,491,0.4786150712830957,1.531498914250242,40.77777779880235,0.08305046394868096,-4.299999999999898,0.24643584521384929,241,0.6763485477178424,0.2,-3.999999999999986,6.5,0.1594005448769429,24,0.9166666666666666,46,0.4782608695652174,1.527777777777778,3.8,0.08260869565217391,-1.6000000000000003,0.6956521739130435,19,0.5789473684210527,0.2,-1.5999999999999996,4.300000000000001,1.1315789473684212,46,1.0,QQQ,research_papers\JEPA\results\_diagnostics\outer_stream_selector_dense15_param_scan_2025_202604\s12_m18_vw2p0\qqq\stream_selector_folds.csv
QQQ,202604,SELECTED,event_option_gate_dense15_zero_dte_win_valthr_d25_monthly_backfill18_d_monthly_volume_backfill,research_papers\JEPA\results\event_option_gate_dense15_zero_dte_win_valthr_d25_monthly_backfill18_d50max3_2023_2026_qqq_v1\monthly_volume_backfill_trades.csv,"202301,202302,202303,202304,202305,202306,202307,202308,202309,202310,202311,202312,202401,202402,202403,202404,202405,202406,202407,202408,202409,202410,202411,202412,202501,202502,202503","202504,202505,202506,202507,202508,202509,202510,202511,202512,202601,202602,202603",69.78092810419554,500,0.476,1.5154945525495453,40.47777779880235,0.0809555555976047,-4.599999999999895,0.292,241,0.6680497925311203,0.2,-4.29999999999999,7.0,0.17293439463979454,24,0.9166666666666666,35,0.5714285714285714,2.2222222222222228,5.5,0.15714285714285714,-0.8999999999999999,0.2571428571428571,17,0.8823529411764706,0.2,-0.6000000000000001,4.7,0.8545454545454546,35,1.0,QQQ,research_papers\JEPA\results\_diagnostics\outer_stream_selector_dense15_param_scan_2025_202604\s12_m18_vw2p0\qqq\stream_selector_folds.csv
