ticker,trade_date,path,size_bytes,sha256,rows_read,entry_time,exit_time
QQQ,20260102,D:\ThetaData\data_underlying_derived\QQQ\2026\01\QQQ_20260102.parquet,13969,4bef9bc8bb1779a3911d211fc0db94fa0761ed90cb0251c3e0ff839bed929b6a,2,10:36:00,13:36:00
QQQ,20260105,D:\ThetaData\data_underlying_derived\QQQ\2026\01\QQQ_20260105.parquet,12792,62f19a7dab7106b03b7ff9f8e59b51d00cb9bfa53b5fad0683c4384d7ee2eb17,2,10:36:00,13:36:00
QQQ,20260106,D:\ThetaData\data_underlying_derived\QQQ\2026\01\QQQ_20260106.parquet,12983,405875a5b729263fac38d0fce3adfeafc57ee4989a8a3034eb0f81f3a9723f7d,2,10:36:00,13:36:00
QQQ,20260107,D:\ThetaData\data_underlying_derived\QQQ\2026\01\QQQ_20260107.parquet,13056,81bf9e0aa144557f774a71332d3823e053eaebd9cf0c674d014688b0ee4f2709,2,10:36:00,13:36:00
QQQ,20260108,D:\ThetaData\data_underlying_derived\QQQ\2026\01\QQQ_20260108.parquet,12236,1c393b88f643cb7e77acc0894f936a4dfb50dd07059b370789b6d28666e7942d,2,10:36:00,13:36:00
QQQ,20260109,D:\ThetaData\data_underlying_derived\QQQ\2026\01\QQQ_20260109.parquet,13264,f4b9fa55c6141807a8bdf30127c50f3159214c39ab5229605d58193e06f93e63,2,10:36:00,13:36:00
QQQ,20260112,D:\ThetaData\data_underlying_derived\QQQ\2026\01\QQQ_20260112.parquet,12809,3a55d6f3f512b0d4c70588d0415c1edba728aa1967cc91c95e421ab98ce13e07,2,10:36:00,13:36:00
QQQ,20260113,D:\ThetaData\data_underlying_derived\QQQ\2026\01\QQQ_20260113.parquet,13316,540251a5d863d9bc405423ef0655496ca4121ee44fba60fb8c4c993fee77d8d2,2,10:36:00,13:36:00
QQQ,20260114,D:\ThetaData\data_underlying_derived\QQQ\2026\01\QQQ_20260114.parquet,13750,ec2c079eddd39cd07bb420e80f253e045a406bc4963a33466d9ee8b5bf990d84,2,10:36:00,13:36:00
QQQ,20260115,D:\ThetaData\data_underlying_derived\QQQ\2026\01\QQQ_20260115.parquet,13116,dc5480dcffa5aa7c203abc9ccdef65d8a2fb0980e991141efd4190896f59b6e4,2,10:36:00,13:36:00
QQQ,20260116,D:\ThetaData\data_underlying_derived\QQQ\2026\01\QQQ_20260116.parquet,12539,c76bd46998269b1cab495f253c3ca36eb7ca8a0ed3d81d3abec0f4cd0d1048b8,2,10:36:00,13:36:00
QQQ,20260120,D:\ThetaData\data_underlying_derived\QQQ\2026\01\QQQ_20260120.parquet,14272,4a4d5c9c36471a91386bd807425272edb8f9d48d02254f827a844f27291ffd2f,2,10:36:00,13:36:00
QQQ,20260121,D:\ThetaData\data_underlying_derived\QQQ\2026\01\QQQ_20260121.parquet,14285,af548b111ed087626d531b0c3d4d79cf1dd782ee8b868430925132e0f7e83148,2,10:36:00,13:36:00
QQQ,20260122,D:\ThetaData\data_underlying_derived\QQQ\2026\01\QQQ_20260122.parquet,12836,4e56999a4190216ba7f42e6304f4cbec65a5dd8d77e66b8fa6375a7b2106f114,2,10:36:00,13:36:00
QQQ,20260123,D:\ThetaData\data_underlying_derived\QQQ\2026\01\QQQ_20260123.parquet,13188,f50d3dc682280fa7efffcc128f6196bcceaf08af1d6f1ed338da8670edd12f53,2,10:36:00,13:36:00
QQQ,20260126,D:\ThetaData\data_underlying_derived\QQQ\2026\01\QQQ_20260126.parquet,12181,55e6f39033fe32e186082dce7bcf3d6141563c090e4bb41e536a9f1a949430e5,2,10:36:00,13:36:00
QQQ,20260127,D:\ThetaData\data_underlying_derived\QQQ\2026\01\QQQ_20260127.parquet,11704,533d10e8c3508e5ddba0cef5ecaec6de80bf3130932ad5aa886b8f13fb3a9b3e,2,10:36:00,13:36:00
QQQ,20260128,D:\ThetaData\data_underlying_derived\QQQ\2026\01\QQQ_20260128.parquet,12787,62d293c1fb594d91fb124e4a7f553f20537559d3bc922cf253ae726056a1cfa6,2,10:36:00,13:36:00
QQQ,20260129,D:\ThetaData\data_underlying_derived\QQQ\2026\01\QQQ_20260129.parquet,14166,d40be01a77aded1e2c1a0e21f7d38d9b0d68afc4be55f3f086199253dbf323d8,2,10:36:00,13:36:00
QQQ,20260130,D:\ThetaData\data_underlying_derived\QQQ\2026\01\QQQ_20260130.parquet,14374,e06a9d6b7c104e7091211cacec6225b4f2ce7a5ec938290d0881f2ab5629d5b7,2,10:36:00,13:36:00
QQQ,20260202,D:\ThetaData\data_underlying_derived\QQQ\2026\02\QQQ_20260202.parquet,12968,f3fd9014240426a7c343ea77430c0ac47bb19702645047c91a90c471c72d0a37,2,10:36:00,13:36:00
QQQ,20260203,D:\ThetaData\data_underlying_derived\QQQ\2026\02\QQQ_20260203.parquet,14683,e17b55d7e319dd468f31522bb41cefff9302d622175107129f328717999966ab,2,10:36:00,13:36:00
QQQ,20260204,D:\ThetaData\data_underlying_derived\QQQ\2026\02\QQQ_20260204.parquet,14827,9c1474f1fafac57deae0dbc502e07f80a31b524d12e0fa66f2f858e4c67199d8,2,10:36:00,13:36:00
QQQ,20260205,D:\ThetaData\data_underlying_derived\QQQ\2026\02\QQQ_20260205.parquet,14275,5fb2824c89520a5e2c5f7d7e52ceb3907dfaa172c3e412d21e035b913b423a2b,2,10:36:00,13:36:00
QQQ,20260206,D:\ThetaData\data_underlying_derived\QQQ\2026\02\QQQ_20260206.parquet,13856,3e3f051a9604bf5ecbd63e1032694c0247830efd3d29297a6da83286f0569b67,2,10:36:00,13:36:00
QQQ,20260209,D:\ThetaData\data_underlying_derived\QQQ\2026\02\QQQ_20260209.parquet,13317,77fb36f7fbdc1a3607666c9113b373b0ac411580d99593c647277b805a3e69f6,2,10:36:00,13:36:00
QQQ,20260210,D:\ThetaData\data_underlying_derived\QQQ\2026\02\QQQ_20260210.parquet,13515,0febeb2862917862d37f936f344b3ce73408d18d9d8c1bd9fc2fdf44072a17d4,2,10:36:00,13:36:00
QQQ,20260211,D:\ThetaData\data_underlying_derived\QQQ\2026\02\QQQ_20260211.parquet,13824,452913ec671c20519cd5b072206b0d886cc8f049e276a1257257ec1d01e37b74,2,10:36:00,13:36:00
QQQ,20260212,D:\ThetaData\data_underlying_derived\QQQ\2026\02\QQQ_20260212.parquet,14092,7b5bd46d366e5edc778a01f443ea72c2a8bdf253aa2457e321638554374dd051,2,10:36:00,13:36:00
QQQ,20260213,D:\ThetaData\data_underlying_derived\QQQ\2026\02\QQQ_20260213.parquet,13998,ab2bb487a04aabc3f23c102705912dd2137518215fdb29200a9f53c49ece39a2,2,10:36:00,13:36:00
QQQ,20260217,D:\ThetaData\data_underlying_derived\QQQ\2026\02\QQQ_20260217.parquet,14363,2d6afad688716323b1bc52cb65fc2535fd525ea7cfc06baac798ea88b6698424,2,10:36:00,13:36:00
QQQ,20260218,D:\ThetaData\data_underlying_derived\QQQ\2026\02\QQQ_20260218.parquet,13872,af79467724c2ff16fbb5b78281681f023db6fb570e7e63a650deff7c5d79f93f,2,10:36:00,13:36:00
QQQ,20260219,D:\ThetaData\data_underlying_derived\QQQ\2026\02\QQQ_20260219.parquet,13386,9d860a3dae70b900f5e0bf0876420f8a18f574c4d34d5acf705561d2148cd6d6,2,10:36:00,13:36:00
QQQ,20260220,D:\ThetaData\data_underlying_derived\QQQ\2026\02\QQQ_20260220.parquet,13952,edb33fba4eba392d7499a34af9a5c6f56bd744c3ff2d1dafe97087ca2016c95b,2,10:36:00,13:36:00
QQQ,20260223,D:\ThetaData\data_underlying_derived\QQQ\2026\02\QQQ_20260223.parquet,13548,2add20c0ce0deabb2b179c2e9ea80be1f8b0f511976b8bfca2e605a92495d7e8,2,10:36:00,13:36:00
QQQ,20260224,D:\ThetaData\data_underlying_derived\QQQ\2026\02\QQQ_20260224.parquet,12895,12c0543d6da85792bdfbbd185841fa2a3ff641fceebe2288511d3f1c6a7a17c7,2,10:36:00,13:36:00
QQQ,20260225,D:\ThetaData\data_underlying_derived\QQQ\2026\02\QQQ_20260225.parquet,12428,b3f20eb4e2a492dff2cf4b5726dffe4f1b79a0a95ac1050cb84ffdb4791a93d3,2,10:36:00,13:36:00
QQQ,20260226,D:\ThetaData\data_underlying_derived\QQQ\2026\02\QQQ_20260226.parquet,13935,d92ae4d7134d253cc7ae11019fd19c6019ee1b2327cc1df2b86062f69ff957d7,2,10:36:00,13:36:00
QQQ,20260227,D:\ThetaData\data_underlying_derived\QQQ\2026\02\QQQ_20260227.parquet,13036,8c1373e0c968712c164115c00c109bb1af11ed2b57cd5f347ac283f0edebdd03,2,10:36:00,13:36:00
QQQ,20260302,D:\ThetaData\data_underlying_derived\QQQ\2026\03\QQQ_20260302.parquet,14063,ee7e674dc78c5faf15f3e2a0cb62cb6c90b56b4b8d1a402f3036b8ef116e38ae,2,10:36:00,13:36:00
QQQ,20260303,D:\ThetaData\data_underlying_derived\QQQ\2026\03\QQQ_20260303.parquet,14370,db8c26bdc234b2711658a801647505926f875c04330012be2cc90792d2ea6597,2,10:36:00,13:36:00
QQQ,20260304,D:\ThetaData\data_underlying_derived\QQQ\2026\03\QQQ_20260304.parquet,13286,e1ccbeaad370e099f38a249f46ba2f31c3d4175a58ea6487afb9950bc15f27b7,2,10:36:00,13:36:00
QQQ,20260305,D:\ThetaData\data_underlying_derived\QQQ\2026\03\QQQ_20260305.parquet,14453,fb56ce32902ea5c1abc659e5a38a05e572eb8d2a4e2c79499a339821aeaa36f4,2,10:36:00,13:36:00
QQQ,20260306,D:\ThetaData\data_underlying_derived\QQQ\2026\03\QQQ_20260306.parquet,13595,70fa07d86327ea09ba5fbaa942d06b6326d8ff68680ccf987457798e7f9f4f66,2,10:36:00,13:36:00
QQQ,20260309,D:\ThetaData\data_underlying_derived\QQQ\2026\03\QQQ_20260309.parquet,14409,51eabaff9761f19117f0b6b8c5a3d9edb10b2563e6baf53133f52004cf791554,2,10:36:00,13:36:00
QQQ,20260311,D:\ThetaData\data_underlying_derived\QQQ\2026\03\QQQ_20260311.parquet,13717,9dde378215362fadf49c2ce55ed2f897dbece2116a2f1e389f7e632591b2843d,2,10:36:00,13:36:00
QQQ,20260312,D:\ThetaData\data_underlying_derived\QQQ\2026\03\QQQ_20260312.parquet,13285,d2a48acea8f87498db3d00b91a4b6eb0377c320de11dad651c634ddc571b67a3,2,10:36:00,13:36:00
QQQ,20260313,D:\ThetaData\data_underlying_derived\QQQ\2026\03\QQQ_20260313.parquet,13811,eb805c3c9b038e04b0468e09a555bfaf0d4eb0166ba8eae525532b6730050a22,2,10:36:00,13:36:00
QQQ,20260316,D:\ThetaData\data_underlying_derived\QQQ\2026\03\QQQ_20260316.parquet,12424,391249ce00ad144b8f5fbcbd083e85428ff3bb2191417a367f7c70708bf555a4,2,10:36:00,13:36:00
QQQ,20260317,D:\ThetaData\data_underlying_derived\QQQ\2026\03\QQQ_20260317.parquet,12332,b738992def2660ac2f9ae7e0f4063232b87e848caf205c9a28ddbac110b91efb,2,10:36:00,13:36:00
QQQ,20260318,D:\ThetaData\data_underlying_derived\QQQ\2026\03\QQQ_20260318.parquet,13835,a2b48a1c7a30f27a580fcd688eb1f02e0522e718f569b215d47d441e6124d63f,2,10:36:00,13:36:00
QQQ,20260319,D:\ThetaData\data_underlying_derived\QQQ\2026\03\QQQ_20260319.parquet,13556,a3a81b0381a72a7de9c7b696070de253a59e3bd68aae90e4737944c25d0e281d,2,10:36:00,13:36:00
QQQ,20260320,D:\ThetaData\data_underlying_derived\QQQ\2026\03\QQQ_20260320.parquet,14090,8ac7239301413f442934f02c8d536e09c097345657e11a624dfe837f1a1ffa55,2,10:36:00,13:36:00
QQQ,20260323,D:\ThetaData\data_underlying_derived\QQQ\2026\03\QQQ_20260323.parquet,14216,9e5b79fbf1562eb38f5a73798be4afc66d93d720572c1a2d13366e3429920c46,2,10:36:00,13:36:00
QQQ,20260324,D:\ThetaData\data_underlying_derived\QQQ\2026\03\QQQ_20260324.parquet,13562,7d4aac40188e08d52e77a23d41be94e6379c4f1f033fb0680eeb161f615a8c13,2,10:36:00,13:36:00
QQQ,20260325,D:\ThetaData\data_underlying_derived\QQQ\2026\03\QQQ_20260325.parquet,13337,9b19e575085d853629192bad6792271d92cbb34590d15f348f53796bc1c2a309,2,10:36:00,13:36:00
QQQ,20260326,D:\ThetaData\data_underlying_derived\QQQ\2026\03\QQQ_20260326.parquet,14423,a12938813120399682c3b0d722d9a7de86a72f9f12a707c445cd41517cabb823,2,10:36:00,13:36:00
QQQ,20260327,D:\ThetaData\data_underlying_derived\QQQ\2026\03\QQQ_20260327.parquet,13887,9ed19725edc6a363c8e83cd28d828122b7030c41b92e75427d66bace5fca45d9,2,10:36:00,13:36:00
QQQ,20260330,D:\ThetaData\data_underlying_derived\QQQ\2026\03\QQQ_20260330.parquet,14284,6f74b76085f816411d3e17fb11bee42e8664814412525688775df49cf845466c,2,10:36:00,13:36:00
QQQ,20260331,D:\ThetaData\data_underlying_derived\QQQ\2026\03\QQQ_20260331.parquet,14555,8313f46aa168a52f4dc4d24976647e51ad8f9abb6af8c17c7871ccc6069d1f0c,2,10:36:00,13:36:00
QQQ,20260402,D:\ThetaData\data_underlying_derived\QQQ\2026\04\QQQ_20260402.parquet,13537,8122a4858264631938230a3b20ff6f00de903def4205a558cea39ef454c70aa9,2,10:36:00,13:36:00
QQQ,20260406,D:\ThetaData\data_underlying_derived\QQQ\2026\04\QQQ_20260406.parquet,12731,5f646bb9c3650557beeec67ea5f2c1575da4e8d393df28a9ea2c81c2c6baddcf,2,10:36:00,13:36:00
QQQ,20260407,D:\ThetaData\data_underlying_derived\QQQ\2026\04\QQQ_20260407.parquet,13928,f956d82416c266338d8916df0b503acff565c13db974a4dea50806050db11568,2,10:36:00,13:36:00
QQQ,20260408,D:\ThetaData\data_underlying_derived\QQQ\2026\04\QQQ_20260408.parquet,13566,ccf1a2227a41b4d8230134847586adc5b6f5fefd9466619f793889cae8ab9450,2,10:36:00,13:36:00
QQQ,20260410,D:\ThetaData\data_underlying_derived\QQQ\2026\04\QQQ_20260410.parquet,12832,badf4aec3b68240f0764c84f9caab714aae266362531881840680448ca37dfe5,2,10:36:00,13:36:00
QQQ,20260413,D:\ThetaData\data_underlying_derived\QQQ\2026\04\QQQ_20260413.parquet,13708,22b4af0453bd862d036af4bf8ad2a87944f467899f9bef82dee6d35b23bcfefc,2,10:36:00,13:36:00
QQQ,20260414,D:\ThetaData\data_underlying_derived\QQQ\2026\04\QQQ_20260414.parquet,13763,53b86480009a66d995847489759ac27489601584e2478aa39239b18c0a655893,2,10:36:00,13:36:00
QQQ,20260416,D:\ThetaData\data_underlying_derived\QQQ\2026\04\QQQ_20260416.parquet,13921,13ce0d9645bcec043c3ba6e39b5941f239ecae93a464938e11ebcc292493b54e,2,10:36:00,13:36:00
QQQ,20260417,D:\ThetaData\data_underlying_derived\QQQ\2026\04\QQQ_20260417.parquet,13228,4c42c519907cabc59776740abaccdb6e157092449add6ee9e95b38464624d37f,2,10:36:00,13:36:00
QQQ,20260420,D:\ThetaData\data_underlying_derived\QQQ\2026\04\QQQ_20260420.parquet,12877,1eb1ed3350b7db045ca4f8a301d9946f8e29137904c74d2d6fd1629f3250e9e9,2,10:36:00,13:36:00
QQQ,20260421,D:\ThetaData\data_underlying_derived\QQQ\2026\04\QQQ_20260421.parquet,13811,c19ba309a17cab8e05bdf2450623095cb2a7881c88b3189e99ac9cbbf9e4e9cf,2,10:36:00,13:36:00
QQQ,20260422,D:\ThetaData\data_underlying_derived\QQQ\2026\04\QQQ_20260422.parquet,13019,e66a47729dfa237a31421c825f509b1a32415d52a65c14b3b70f3b13f65b53fc,2,10:36:00,13:36:00
QQQ,20260423,D:\ThetaData\data_underlying_derived\QQQ\2026\04\QQQ_20260423.parquet,14056,c2c03bc1b588ed855147416771220e5aac4874df9b6e7f321900d2f9e484c6af,2,10:36:00,13:36:00
QQQ,20260424,D:\ThetaData\data_underlying_derived\QQQ\2026\04\QQQ_20260424.parquet,13158,39a02125b8a323d44afe3b3fe25213d44a202dd2c38808a547b91cecbd116a60,2,10:36:00,13:36:00
QQQ,20260427,D:\ThetaData\data_underlying_derived\QQQ\2026\04\QQQ_20260427.parquet,12513,a1dac6815360266d68196fd84ed950d4a7bf888d646c6351f5923994a32c8f5e,2,10:36:00,13:36:00
QQQ,20260428,D:\ThetaData\data_underlying_derived\QQQ\2026\04\QQQ_20260428.parquet,13449,68e04d9342be0fa0419c50a6c354706de716410c854cef006a6e721d45978535,2,10:36:00,13:36:00
QQQ,20260429,D:\ThetaData\data_underlying_derived\QQQ\2026\04\QQQ_20260429.parquet,13052,d647b44d4be1bac72f6140d2c259e2257fd7779b164e1b4585f2da100fcab961,2,10:36:00,13:36:00
QQQ,20260430,D:\ThetaData\data_underlying_derived\QQQ\2026\04\QQQ_20260430.parquet,14271,fc6c94e02539a37503b4a9db6c08a8e560dbdc1b3006340191fe0d7114db0dad,2,10:36:00,13:36:00
QQQ,20260501,D:\ThetaData\data_underlying_derived\QQQ\2026\05\QQQ_20260501.parquet,12700,84a4c68806638c3af295494fc6455f18f8418f10f51fde220bef41726d58abaf,2,10:36:00,13:36:00
QQQ,20260504,D:\ThetaData\data_underlying_derived\QQQ\2026\05\QQQ_20260504.parquet,13777,26c6c216bdc21e5ef03142baf4a442cace7065b46a589a1122268c0a04e5ef6c,2,10:36:00,13:36:00
QQQ,20260505,D:\ThetaData\data_underlying_derived\QQQ\2026\05\QQQ_20260505.parquet,12634,dad430718dc1f5ec0b4f36b0e0a0886937d0d492f27c89fce4bec319f558ebe5,2,10:36:00,13:36:00
QQQ,20260506,D:\ThetaData\data_underlying_derived\QQQ\2026\05\QQQ_20260506.parquet,13869,e069413a6de780a7264ded0efcc486ccd9019731000c88947c51f784cf350df1,2,10:36:00,13:36:00
QQQ,20260507,D:\ThetaData\data_underlying_derived\QQQ\2026\05\QQQ_20260507.parquet,14197,50f9d2e771db820ede6b5b614c782918265b1c9cb0df32590c89171f3014320c,2,10:36:00,13:36:00
QQQ,20260508,D:\ThetaData\data_underlying_derived\QQQ\2026\05\QQQ_20260508.parquet,13918,1dc86ff85d3bb5152e2745dfb305edc417a1bee8a164816ee5f6aa212a213d29,2,10:36:00,13:36:00
QQQ,20260511,D:\ThetaData\data_underlying_derived\QQQ\2026\05\QQQ_20260511.parquet,12904,170586efdeb9f34d16dcd71eddf1fec95ee064252fe84145afa712360e7e0737,2,10:36:00,13:36:00
QQQ,20260512,D:\ThetaData\data_underlying_derived\QQQ\2026\05\QQQ_20260512.parquet,14755,e1047d2e3de51e585b2d782f99b3cf30b9886c85b59d4907fd01bcbf04aad272,2,10:36:00,13:36:00
QQQ,20260513,D:\ThetaData\data_underlying_derived\QQQ\2026\05\QQQ_20260513.parquet,14260,2816bcfe2c4438749f0c4945f8e217d75b11f9cec84523e8d9f59705a4249820,2,10:36:00,13:36:00
QQQ,20260514,D:\ThetaData\data_underlying_derived\QQQ\2026\05\QQQ_20260514.parquet,13372,bc2dd28544879565efcfe17b3424096008b25d887c6552c2030a22806e4b4556,2,10:36:00,13:36:00
QQQ,20260515,D:\ThetaData\data_underlying_derived\QQQ\2026\05\QQQ_20260515.parquet,13956,db21f2cea2a66153c09aaae1d8427b16513511acc50f504868323216b45df394,2,10:36:00,13:36:00
QQQ,20260518,D:\ThetaData\data_underlying_derived\QQQ\2026\05\QQQ_20260518.parquet,14476,c3dffa4e7fae3a7614eb4cf4915b7961735a2a1dc45795bb2bf1ead779ac4a30,2,10:36:00,13:36:00
QQQ,20260519,D:\ThetaData\data_underlying_derived\QQQ\2026\05\QQQ_20260519.parquet,14660,b9af0be1cc2c6cbe7dde39be28a163d21fcf825995e4d874c966e84eba1892a7,2,10:36:00,13:36:00
QQQ,20260520,D:\ThetaData\data_underlying_derived\QQQ\2026\05\QQQ_20260520.parquet,13827,f47de7d52f02a636f04f2ad91a9d2203e45338133f2c38f47d85b66a8814e3b3,2,10:36:00,13:36:00
QQQ,20260521,D:\ThetaData\data_underlying_derived\QQQ\2026\05\QQQ_20260521.parquet,14128,ef92154bfd6ad9cc58c08ae101c95eae2c375718553e3dd2d9d9c2ddbc9aad72,2,10:36:00,13:36:00
QQQ,20260522,D:\ThetaData\data_underlying_derived\QQQ\2026\05\QQQ_20260522.parquet,13109,3cdfbbe73b20cc11823fc3e5d1f2a5f1e6f2bc3647414bfac56ceb66765278eb,2,10:36:00,13:36:00
QQQ,20260526,D:\ThetaData\data_underlying_derived\QQQ\2026\05\QQQ_20260526.parquet,13436,e303a087feb111cc0e0fb5c57c7db9be43aceac278209d1b7f604ef3373d8cf7,2,10:36:00,13:36:00
QQQ,20260527,D:\ThetaData\data_underlying_derived\QQQ\2026\05\QQQ_20260527.parquet,13454,ce404f45c0c20faaa879f9ad2987d253551d4bde29ac252e1c487a4e257cab93,2,10:36:00,13:36:00
QQQ,20260528,D:\ThetaData\data_underlying_derived\QQQ\2026\05\QQQ_20260528.parquet,13325,1099171eb95cc03d33a49bef14b090ce5364c0fd6e2aaa6e2f91ab40f7f8a4b2,2,10:36:00,13:36:00
QQQ,20260529,D:\ThetaData\data_underlying_derived\QQQ\2026\05\QQQ_20260529.parquet,13022,0452fc5b65dab04b00466d487ee67ad01ef56d0629988fdf0fec64554efba016,2,10:36:00,13:36:00
QQQ,20260601,D:\ThetaData\data_underlying_derived\QQQ\2026\06\QQQ_20260601.parquet,14282,69e4e7b832d5ef86c4a5c5bf40928777d1457ae595d18fa7e92bb6b95cb5bd66,2,10:36:00,13:36:00
QQQ,20260602,D:\ThetaData\data_underlying_derived\QQQ\2026\06\QQQ_20260602.parquet,12999,d4810d9293be48dbb997aab6468796eef0f773b9cb1441becd4497589d1a29ea,2,10:36:00,13:36:00
QQQ,20260603,D:\ThetaData\data_underlying_derived\QQQ\2026\06\QQQ_20260603.parquet,13539,58cbf0ff86085d3d2d4badfc33cb6fad7b8eb88940b235565948a3a1cd57d4ad,2,10:36:00,13:36:00
QQQ,20260604,D:\ThetaData\data_underlying_derived\QQQ\2026\06\QQQ_20260604.parquet,14277,ea086cb14a0193c58926ca9db261c82741133503d7d4e8e6f39131d126e1e15a,2,10:36:00,13:36:00
QQQ,20260605,D:\ThetaData\data_underlying_derived\QQQ\2026\06\QQQ_20260605.parquet,15128,99ee520db69e44773e60a4e24fd802d61b84bf78646ec3b24965cc44aaa0f186,2,10:36:00,13:36:00
QQQ,20260608,D:\ThetaData\data_underlying_derived\QQQ\2026\06\QQQ_20260608.parquet,14209,e713a4f0124451ab14af9e4c4fd2c90d47f2486cc7b667a500223ee3132ddc21,2,10:36:00,13:36:00
QQQ,20260609,D:\ThetaData\data_underlying_derived\QQQ\2026\06\QQQ_20260609.parquet,15409,feb7a6bbcbc92d7e9551943d41aec59f7d165d2f8fdf17c21e3a8635167a5d74,2,10:36:00,13:36:00
QQQ,20260610,D:\ThetaData\data_underlying_derived\QQQ\2026\06\QQQ_20260610.parquet,14803,2fa2e113f86655fd63b7f5008e35d311813ea84ac9a92d86bd4eeb2cb5417cf5,2,10:36:00,13:36:00
QQQ,20260611,D:\ThetaData\data_underlying_derived\QQQ\2026\06\QQQ_20260611.parquet,15003,27ff166340a6e309030943573b8c244134c6a755cb1340bdd75c63d616594dbb,2,10:36:00,13:36:00
QQQ,20260612,D:\ThetaData\data_underlying_derived\QQQ\2026\06\QQQ_20260612.parquet,14177,7dc9153fed64a285b5bee3f85e1cd19481229ac295569309b171fea44f9d7821,2,10:36:00,13:36:00
QQQ,20260615,D:\ThetaData\data_underlying_derived\QQQ\2026\06\QQQ_20260615.parquet,12911,99ca1d9eb4dc38e6b84c5862f94113f2e70f62786ac02bf68eefc0641eebb7cd,2,10:36:00,13:36:00
QQQ,20260616,D:\ThetaData\data_underlying_derived\QQQ\2026\06\QQQ_20260616.parquet,14460,093042f03b849aa1643853959f10529b4296b95678c705ff9f30efe58ab2f3e0,2,10:36:00,13:36:00
QQQ,20260617,D:\ThetaData\data_underlying_derived\QQQ\2026\06\QQQ_20260617.parquet,14020,40ce05344a5b93180d0611460601a31fc852494a2cbf49f007fd446b166cc2f1,2,10:36:00,13:36:00
QQQ,20260618,D:\ThetaData\data_underlying_derived\QQQ\2026\06\QQQ_20260618.parquet,14013,a51b6e1cb7acce2936ccff1229d531075c0f0f79c435236eff9ccba8058305ab,2,10:36:00,13:36:00
QQQ,20260622,D:\ThetaData\data_underlying_derived\QQQ\2026\06\QQQ_20260622.parquet,13861,393fabc70a4d3fd66bac0a9df901a87cf624baac098f1c9c1306e433f289c8f9,2,10:36:00,13:36:00
QQQ,20260623,D:\ThetaData\data_underlying_derived\QQQ\2026\06\QQQ_20260623.parquet,14314,2977cd7ce25db601d69c96e91fe6f5a0fd81eba313fc46be7b455f062ca0c0d6,2,10:36:00,13:36:00
QQQ,20260624,D:\ThetaData\data_underlying_derived\QQQ\2026\06\QQQ_20260624.parquet,14678,08ac84ec3deca4d487dac459addf9103dd14fc785e1c8d051a8b3c6d6b2223e4,2,10:36:00,13:36:00
QQQ,20260625,D:\ThetaData\data_underlying_derived\QQQ\2026\06\QQQ_20260625.parquet,14240,0b10767165fd8c5a4d69791b352f24c2c2de3f6a1c2148aa43ce9aeeaddb10e7,2,10:36:00,13:36:00
QQQ,20260626,D:\ThetaData\data_underlying_derived\QQQ\2026\06\QQQ_20260626.parquet,14305,6fc4d3a9b1fbfff5e94a72a1734711c72ace654adf78e761b12585d78d675b59,2,10:36:00,13:36:00
QQQ,20260629,D:\ThetaData\data_underlying_derived\QQQ\2026\06\QQQ_20260629.parquet,14457,e000a4ddf962751756829a16e0396ce61ac4ce3fddf5fa158d763285ac5aa5f1,2,10:36:00,13:36:00
QQQ,20260702,D:\ThetaData\data_underlying_derived\QQQ\2026\07\QQQ_20260702.parquet,14760,d1d479c065f1a27312f5647c42b31b298d683cc72ff646964e5c9159f3b6b434,2,10:36:00,13:36:00
QQQ,20260706,D:\ThetaData\data_underlying_derived\QQQ\2026\07\QQQ_20260706.parquet,13336,ad3ea605a42c1ece9245026b67ea2340023097589cf6a355265f308a72866c66,2,10:36:00,13:36:00
QQQ,20260708,D:\ThetaData\data_underlying_derived\QQQ\2026\07\QQQ_20260708.parquet,14187,0d2b074328b377b0b6cb81822fb71f34da0e84cefc4975c192825e849975f5a1,2,10:36:00,13:36:00
QQQ,20260709,D:\ThetaData\data_underlying_derived\QQQ\2026\07\QQQ_20260709.parquet,13733,3741f1bc45bee93259ef76bf94dbed264b84cd7e34e22b6a2986bb6c98453769,2,10:36:00,13:36:00
QQQ,20260713,D:\ThetaData\data_underlying_derived\QQQ\2026\07\QQQ_20260713.parquet,14130,27dfd2c63f70b96c3f0f486fee779321f24ef0e52452ca20c2b07a5c25432f2d,2,10:36:00,13:36:00
QQQ,20260714,D:\ThetaData\data_underlying_derived\QQQ\2026\07\QQQ_20260714.parquet,13390,90ea79ca3be82249c371abc815b6fdada456b06bacf123a683d7ec3e24fda8ae,2,10:36:00,13:36:00
QQQ,20260715,D:\ThetaData\data_underlying_derived\QQQ\2026\07\QQQ_20260715.parquet,14397,7434d30c74765e4d4149b214ee4f36ef08d6e2a553020b0ede643bb132144ae6,2,10:36:00,13:36:00
QQQ,20260717,D:\ThetaData\data_underlying_derived\QQQ\2026\07\QQQ_20260717.parquet,14525,dcb1e44e3bea69072882f6443ed8fb9076454e0750649775ad64678e555edc68,2,10:36:00,13:36:00
QQQ,20260720,D:\ThetaData\data_underlying_derived\QQQ\2026\07\QQQ_20260720.parquet,14276,8f06f2486c513ba98873a265f19cd212faecde369e15b6fbef71ce9169f9c44c,2,10:36:00,13:36:00
QQQ,20260721,D:\ThetaData\data_underlying_derived\QQQ\2026\07\QQQ_20260721.parquet,13105,b472e0924f3a826124d2975d107ee46c197c22e7c1675f2e48ca6d5ed9ee9d2f,2,10:36:00,13:36:00
QQQ,20260723,D:\ThetaData\data_underlying_derived\QQQ\2026\07\QQQ_20260723.parquet,14276,d9381d3e8fdc468ca297ba332971694f26d286501dc1fd94c93e5a423d7fe56e,2,10:36:00,13:36:00
QQQ,20260724,D:\ThetaData\data_underlying_derived\QQQ\2026\07\QQQ_20260724.parquet,14461,f5a8f950ca7ea1e5c507fa3ac71441890cc119d2ff2c5be87d18d23c7d56399a,2,10:36:00,13:36:00
SPXW,20260102,D:\ThetaData\data_underlying_derived\SPXW\2026\01\SPXW_20260102.parquet,16345,f07cd07f70dd3cf82aba6ad523ba031e0a01b29c0c4d644f0fdb7e5ae1d7547c,2,10:36:00,13:36:00
SPXW,20260105,D:\ThetaData\data_underlying_derived\SPXW\2026\01\SPXW_20260105.parquet,15922,1b165686d12ca8bbf77bc44ab9dd36414533147ee7477db90a77a087b5bed2c4,2,10:36:00,13:36:00
SPXW,20260106,D:\ThetaData\data_underlying_derived\SPXW\2026\01\SPXW_20260106.parquet,16058,e5a433eaee0f03663122b5fef9780a75339fcf3a67300f48c6424c1f4a7a9dc1,2,10:36:00,13:36:00
SPXW,20260107,D:\ThetaData\data_underlying_derived\SPXW\2026\01\SPXW_20260107.parquet,16282,4adacf9ff5c9bee0af0185eda8874c83291ce09d8b1be67adb5d2e73dd6f2833,2,10:36:00,13:36:00
SPXW,20260108,D:\ThetaData\data_underlying_derived\SPXW\2026\01\SPXW_20260108.parquet,15782,77b5483ff3a0275d7cc2af11aaf1da2bd6373a2d5d83b81001fa64bb34cca0ff,2,10:36:00,13:36:00
SPXW,20260109,D:\ThetaData\data_underlying_derived\SPXW\2026\01\SPXW_20260109.parquet,16335,cb84659d17aa71120a4c932b35e66f54a136e82cd2822deb8b3eab3cf6a24af3,2,10:36:00,13:36:00
SPXW,20260112,D:\ThetaData\data_underlying_derived\SPXW\2026\01\SPXW_20260112.parquet,16152,4ae0155eec28f08e9018f7ee8e350d746c30905da420a6f8ef783c5ee355faff,2,10:36:00,13:36:00
SPXW,20260113,D:\ThetaData\data_underlying_derived\SPXW\2026\01\SPXW_20260113.parquet,16266,3b9de7fd5c7a45a3959f3fe46e737c3fa4060b22675ae7d9a31fde2acfc51615,2,10:36:00,13:36:00
SPXW,20260114,D:\ThetaData\data_underlying_derived\SPXW\2026\01\SPXW_20260114.parquet,16499,c8165ece3cbf8f8f35cfe88da594142d1ccdf1492ee5b164ff7b59b2e0ba1042,2,10:36:00,13:36:00
SPXW,20260115,D:\ThetaData\data_underlying_derived\SPXW\2026\01\SPXW_20260115.parquet,16108,832f8882a2af52aaf0dda062b2b95a81e2a9f924ec67384f5f96392d72596bd7,2,10:36:00,13:36:00
SPXW,20260116,D:\ThetaData\data_underlying_derived\SPXW\2026\01\SPXW_20260116.parquet,15844,b75ae8acc37a9b3ce879669d9328d3e98df4bede6a458eb8c4bcd0ce190b8560,2,10:36:00,13:36:00
SPXW,20260120,D:\ThetaData\data_underlying_derived\SPXW\2026\01\SPXW_20260120.parquet,16606,9c961a70dfa3397dc8fa42a158da6d8675b813379c59870e8d1ef8820974d083,2,10:36:00,13:36:00
SPXW,20260121,D:\ThetaData\data_underlying_derived\SPXW\2026\01\SPXW_20260121.parquet,16628,e953999fe508f8b2ab55e566aceaef1795ea5b16e976534ae459039d8187cff0,2,10:36:00,13:36:00
SPXW,20260122,D:\ThetaData\data_underlying_derived\SPXW\2026\01\SPXW_20260122.parquet,16366,7876ffa5ec7905dda637e4b918f560c5e1d42ee5bb3fd0b192091dff2251927d,2,10:36:00,13:36:00
SPXW,20260123,D:\ThetaData\data_underlying_derived\SPXW\2026\01\SPXW_20260123.parquet,16325,4f6245f8cb5aa49fd0ab743343dde40f27f2700246b95b9c5d1c3d6efb723ac5,2,10:36:00,13:36:00
SPXW,20260126,D:\ThetaData\data_underlying_derived\SPXW\2026\01\SPXW_20260126.parquet,15644,cd2b9de10e7f03a9300262046d2c53042b6c7e60faad5f960a74bb8d8532d4e6,2,10:36:00,13:36:00
SPXW,20260127,D:\ThetaData\data_underlying_derived\SPXW\2026\01\SPXW_20260127.parquet,15693,e09495fa8a81d97f92cf00b8c5db0cc9e257f21e9ef0d66c73104fbffb82cc39,2,10:36:00,13:36:00
SPXW,20260128,D:\ThetaData\data_underlying_derived\SPXW\2026\01\SPXW_20260128.parquet,15954,75f7998e57cb71cd68e182b338ebcfb97fd4c38ac96a46976b1203a3c3d46b46,2,10:36:00,13:36:00
SPXW,20260129,D:\ThetaData\data_underlying_derived\SPXW\2026\01\SPXW_20260129.parquet,16670,c51ba882f2aa27431a3f0cbb15046eb6dfa06b6b94d3af1885227534904064d0,2,10:36:00,13:36:00
SPXW,20260130,D:\ThetaData\data_underlying_derived\SPXW\2026\01\SPXW_20260130.parquet,16579,8c5c640ff25924845fb02cda04a79c3fe2c363bf8e1213d67216cb5a752cd545,2,10:36:00,13:36:00
SPXW,20260202,D:\ThetaData\data_underlying_derived\SPXW\2026\02\SPXW_20260202.parquet,16151,fa053a88b82c61eae4fc3d7943632328c8c811b5dd93d5bf7006293c0a7d6361,2,10:36:00,13:36:00
SPXW,20260203,D:\ThetaData\data_underlying_derived\SPXW\2026\02\SPXW_20260203.parquet,16791,d981a44bc581edd16afbaccf19403c8a86cbc4f17285a6c00616095aa2290c4d,2,10:36:00,13:36:00
SPXW,20260204,D:\ThetaData\data_underlying_derived\SPXW\2026\02\SPXW_20260204.parquet,16768,d298f3891f1308e317927dadb35eefe1d976c3776705587919d160e65198b2f2,2,10:36:00,13:36:00
SPXW,20260205,D:\ThetaData\data_underlying_derived\SPXW\2026\02\SPXW_20260205.parquet,16614,19a2234187c7473b9c7385bf5b0002803f1b45b8fac1a1dc4da5cdbe8316f87e,2,10:36:00,13:36:00
SPXW,20260206,D:\ThetaData\data_underlying_derived\SPXW\2026\02\SPXW_20260206.parquet,16537,0d5e0779a4a33aabe117e8f0072bda45f472dace798f1f669fb13770309bcc09,2,10:36:00,13:36:00
SPXW,20260209,D:\ThetaData\data_underlying_derived\SPXW\2026\02\SPXW_20260209.parquet,16022,0beeb17bdc77b5abc516996e212291d9914a76233470481615c9d0a6e1a4cac1,2,10:36:00,13:36:00
SPXW,20260210,D:\ThetaData\data_underlying_derived\SPXW\2026\02\SPXW_20260210.parquet,16215,45255541ede086f9d8e9b682ac86de9e6f51b6fd3ed2f1de8919533dd3be44f6,2,10:36:00,13:36:00
SPXW,20260211,D:\ThetaData\data_underlying_derived\SPXW\2026\02\SPXW_20260211.parquet,16219,57565b0d0bfc327a4e5967ae6325e829715b1344654413de76266b996e5dcf65,2,10:36:00,13:36:00
SPXW,20260212,D:\ThetaData\data_underlying_derived\SPXW\2026\02\SPXW_20260212.parquet,16673,faa390c574f32f91b3f0ce5a7ed8b4bca3991721e6bbab2ef033ae66702dbeec,2,10:36:00,13:36:00
SPXW,20260213,D:\ThetaData\data_underlying_derived\SPXW\2026\02\SPXW_20260213.parquet,16603,6bcf45ce737006b70583e05d05fffb02ab7fe03cde79bf14c764a42806e73a73,2,10:36:00,13:36:00
SPXW,20260217,D:\ThetaData\data_underlying_derived\SPXW\2026\02\SPXW_20260217.parquet,16649,530081e4ff45bd6166aad5aa3a063a9b19a52ce0883e36ae573082411fee6f43,2,10:36:00,13:36:00
SPXW,20260218,D:\ThetaData\data_underlying_derived\SPXW\2026\02\SPXW_20260218.parquet,16318,2b8d5ad0742eafee6a1b1b0578488f18e2c748cc527b52609a0cd8094057953c,2,10:36:00,13:36:00
SPXW,20260219,D:\ThetaData\data_underlying_derived\SPXW\2026\02\SPXW_20260219.parquet,16334,d6b807ca0932047d9d28ab406eeb2771df7cd73d8e5bc1746f07ec741901e665,2,10:36:00,13:36:00
SPXW,20260220,D:\ThetaData\data_underlying_derived\SPXW\2026\02\SPXW_20260220.parquet,16396,56ab5b519363afe7d8ed35e4268fd2579d1673b2803f3a50f2cbde67e094ba8f,2,10:36:00,13:36:00
SPXW,20260223,D:\ThetaData\data_underlying_derived\SPXW\2026\02\SPXW_20260223.parquet,16313,161127c558181fb68145cf47571e916ccd39620753a8ca82c3fff010dcda354b,2,10:36:00,13:36:00
SPXW,20260224,D:\ThetaData\data_underlying_derived\SPXW\2026\02\SPXW_20260224.parquet,16233,7d0a09acb55098d0bd2797d382acb137c4fa998899d81b6fc4c88ec68ed9fe82,2,10:36:00,13:36:00
SPXW,20260225,D:\ThetaData\data_underlying_derived\SPXW\2026\02\SPXW_20260225.parquet,16106,2bc12868f8a37df8ab7f8fb383cec7f1ac96677b3507e00bde27070234358d34,2,10:36:00,13:36:00
SPXW,20260226,D:\ThetaData\data_underlying_derived\SPXW\2026\02\SPXW_20260226.parquet,16602,07f810b6aecbebe06055c3c0938aefd15bffbd8d2a3c1ca3fb50d9a073ab4e95,2,10:36:00,13:36:00
SPXW,20260227,D:\ThetaData\data_underlying_derived\SPXW\2026\02\SPXW_20260227.parquet,16226,0e2b454d14ad2f86bb02d05668aba1a25789f31bc578f875b48c43df5768eeca,2,10:36:00,13:36:00
SPXW,20260302,D:\ThetaData\data_underlying_derived\SPXW\2026\03\SPXW_20260302.parquet,16524,0f7ba9bedb6a908ecbf90f2df1acf28c4f28a568a145afc423aac7fa36b668ef,2,10:36:00,13:36:00
SPXW,20260303,D:\ThetaData\data_underlying_derived\SPXW\2026\03\SPXW_20260303.parquet,16766,5abc1787e2f8673ccf1f39e95b4cc0128d6f3c5746af859e45219fa6aabdb400,2,10:36:00,13:36:00
SPXW,20260304,D:\ThetaData\data_underlying_derived\SPXW\2026\03\SPXW_20260304.parquet,16112,32e154414290302c9bc643713d2869d3dc88d7dc21dcd25628ec4257fd72e4b7,2,10:36:00,13:36:00
SPXW,20260305,D:\ThetaData\data_underlying_derived\SPXW\2026\03\SPXW_20260305.parquet,16573,5dea3db429aa002b5b2975288cd9b6c35cc19a7693347f30d169f913d93b8099,2,10:36:00,13:36:00
SPXW,20260306,D:\ThetaData\data_underlying_derived\SPXW\2026\03\SPXW_20260306.parquet,16231,32998c22e70c26cfb962f2de49ea2443ca3449c93f72323e1600a02b2c7ba236,2,10:36:00,13:36:00
SPXW,20260309,D:\ThetaData\data_underlying_derived\SPXW\2026\03\SPXW_20260309.parquet,16725,a2924e8767c0eab8acd168c4dd06e72989c5e6ca1fcf6ec5dfb59331ddf287a6,2,10:36:00,13:36:00
SPXW,20260310,D:\ThetaData\data_underlying_derived\SPXW\2026\03\SPXW_20260310.parquet,16627,446180b8c5085c2d760422d8ccc5901e90d8d9da933e99dde24dbb40496da4cf,2,10:36:00,13:36:00
SPXW,20260311,D:\ThetaData\data_underlying_derived\SPXW\2026\03\SPXW_20260311.parquet,16407,e53ed18e309284d08631c1ee63fa13c118eceff1b4112bd84a5c93a8f0ec3c51,2,10:36:00,13:36:00
SPXW,20260312,D:\ThetaData\data_underlying_derived\SPXW\2026\03\SPXW_20260312.parquet,16272,6e7be5285018f7f389250c77987b60546450dd9628e2d5ec2f4a3b22c68a523b,2,10:36:00,13:36:00
SPXW,20260313,D:\ThetaData\data_underlying_derived\SPXW\2026\03\SPXW_20260313.parquet,16671,ad3519797199bc24e3ea5bb3250f7d01c687e08c1af2b427999d50bcc138b9d1,2,10:36:00,13:36:00
SPXW,20260316,D:\ThetaData\data_underlying_derived\SPXW\2026\03\SPXW_20260316.parquet,16101,ed67d6db42d217636577820b606900b94b6a18116a44e104ea0a772b9c7ba800,2,10:36:00,13:36:00
SPXW,20260317,D:\ThetaData\data_underlying_derived\SPXW\2026\03\SPXW_20260317.parquet,15500,ffc0cd40184faf58aecc643fbef5ed895c7cc504bed6419eb87c06f1e8c7469d,2,10:36:00,13:36:00
SPXW,20260318,D:\ThetaData\data_underlying_derived\SPXW\2026\03\SPXW_20260318.parquet,16652,1d4cde96e30141aaa522e3e0aa81a08db010c7fbf0998c81626e73f4fd7ca289,2,10:36:00,13:36:00
SPXW,20260320,D:\ThetaData\data_underlying_derived\SPXW\2026\03\SPXW_20260320.parquet,16491,a279f8cfc228ae9f4d6d2cefffcb605d779d66cfd13b24b1f4dcf015b1fe705b,2,10:36:00,13:36:00
SPXW,20260323,D:\ThetaData\data_underlying_derived\SPXW\2026\03\SPXW_20260323.parquet,16592,5c71cdba83f5fbc8279cdb4c6e722f9680103d1075f427003b7734067039b65d,2,10:36:00,13:36:00
SPXW,20260324,D:\ThetaData\data_underlying_derived\SPXW\2026\03\SPXW_20260324.parquet,16508,7dc69eccc07f298f4df5eac21fd88a947d17f24657a02fe19edec635745d934a,2,10:36:00,13:36:00
SPXW,20260325,D:\ThetaData\data_underlying_derived\SPXW\2026\03\SPXW_20260325.parquet,16201,723705e01f4068649ba0bf50593d3f2c7d00b8ca26b173e4b23110e65e5c575d,2,10:36:00,13:36:00
SPXW,20260326,D:\ThetaData\data_underlying_derived\SPXW\2026\03\SPXW_20260326.parquet,16694,18b5eb35b276b3f15b129abf2bfdf15dad0f4b32e39a393d7999420f64c6eea1,2,10:36:00,13:36:00
SPXW,20260327,D:\ThetaData\data_underlying_derived\SPXW\2026\03\SPXW_20260327.parquet,16703,cbad07be11f052fa4963bff8bfb4fdc264e233dc9c6bbcadbec145d4b755df9f,2,10:36:00,13:36:00
SPXW,20260330,D:\ThetaData\data_underlying_derived\SPXW\2026\03\SPXW_20260330.parquet,16745,e38250ee72db28744553284401e89e2ad3b116d3623906691109522ac0f1c93d,2,10:36:00,13:36:00
SPXW,20260331,D:\ThetaData\data_underlying_derived\SPXW\2026\03\SPXW_20260331.parquet,16648,a0106e7b44574f396c4136a2481db93464ded417b27d67b269cc5d1d428ccd08,2,10:36:00,13:36:00
SPXW,20260402,D:\ThetaData\data_underlying_derived\SPXW\2026\04\SPXW_20260402.parquet,16269,cb20e26424b77062ba284f464e868660dd85289dbb94087730ac8ccfa86dc73f,2,10:36:00,13:36:00
SPXW,20260406,D:\ThetaData\data_underlying_derived\SPXW\2026\04\SPXW_20260406.parquet,15999,af36c5040550f8875eede28b3748fdf6cf58ce3a68c98bd0d3df2a294b91857d,2,10:36:00,13:36:00
SPXW,20260407,D:\ThetaData\data_underlying_derived\SPXW\2026\04\SPXW_20260407.parquet,16514,61d1b5a8e34ad8cbefd00dd6f6577d5f11ab0e3d3eb4597e53b83953f72d2ad7,2,10:36:00,13:36:00
SPXW,20260408,D:\ThetaData\data_underlying_derived\SPXW\2026\04\SPXW_20260408.parquet,16286,b75ae8ce816525a817f21c6f8917dac1b5c451806f898a5f4008769b86747d5f,2,10:36:00,13:36:00
SPXW,20260410,D:\ThetaData\data_underlying_derived\SPXW\2026\04\SPXW_20260410.parquet,16122,dfe1dc83c0d8641c765e6343550118ab1c1fb569d8590bb9ad79821f43cb917f,2,10:36:00,13:36:00
SPXW,20260413,D:\ThetaData\data_underlying_derived\SPXW\2026\04\SPXW_20260413.parquet,16334,834aae587ea4d5f50f9c9bcd799cdc1f1750655d22d315a5a314a3dc95e03ce2,2,10:36:00,13:36:00
SPXW,20260414,D:\ThetaData\data_underlying_derived\SPXW\2026\04\SPXW_20260414.parquet,16298,9f3b9820f7e9cce12cd2eb26a318fd7dc4a0caa1fd879b7d663bb71fb1d594a9,2,10:36:00,13:36:00
SPXW,20260416,D:\ThetaData\data_underlying_derived\SPXW\2026\04\SPXW_20260416.parquet,16154,ff0a8fb3f28bf92ed1b722d3dc57e87d3d4caeeac2781a2a1fc8ed6dcef06f29,2,10:36:00,13:36:00
SPXW,20260417,D:\ThetaData\data_underlying_derived\SPXW\2026\04\SPXW_20260417.parquet,16263,070dc1b57e43e2473a7be7428ec5ce1997792740d3ddfd1877654b19de58d212,2,10:36:00,13:36:00
SPXW,20260420,D:\ThetaData\data_underlying_derived\SPXW\2026\04\SPXW_20260420.parquet,15950,46cae2f03becacaf63d8e38ca2902d8548e7973a99148fc8895da6cb57a8d299,2,10:36:00,13:36:00
SPXW,20260421,D:\ThetaData\data_underlying_derived\SPXW\2026\04\SPXW_20260421.parquet,16563,7ad8dc724c80ab39937e22b7634a10b07690774eeceb31fa78b59aabae1444d5,2,10:36:00,13:36:00
SPXW,20260422,D:\ThetaData\data_underlying_derived\SPXW\2026\04\SPXW_20260422.parquet,15762,9b999cf2898354a6260d325473f4883420600218d557ad0c3eb3323e53399580,2,10:36:00,13:36:00
SPXW,20260423,D:\ThetaData\data_underlying_derived\SPXW\2026\04\SPXW_20260423.parquet,16412,0cad6de9ec4b79430f3eee10ff288328aa97775258d7245f12789b97179a2632,2,10:36:00,13:36:00
SPXW,20260424,D:\ThetaData\data_underlying_derived\SPXW\2026\04\SPXW_20260424.parquet,16080,b37b9592d05c1f54e94c2ba1e13ba17b6b468fc8fff6d3fab534bdad77f0ebd8,2,10:36:00,13:36:00
SPXW,20260427,D:\ThetaData\data_underlying_derived\SPXW\2026\04\SPXW_20260427.parquet,16067,f8f60f5800d965614d8712fe758dddac2b4d2e61d74bc14c25815f4d7826165d,2,10:36:00,13:36:00
SPXW,20260428,D:\ThetaData\data_underlying_derived\SPXW\2026\04\SPXW_20260428.parquet,16099,50236b4bb5b4e993c319130e1c540705b140f86a334f7a323f526093f2d042ff,2,10:36:00,13:36:00
SPXW,20260429,D:\ThetaData\data_underlying_derived\SPXW\2026\04\SPXW_20260429.parquet,16183,158b8d4675c3c525390f20c0a807759d02796b9936a8a507947354325b2f70c7,2,10:36:00,13:36:00
SPXW,20260430,D:\ThetaData\data_underlying_derived\SPXW\2026\04\SPXW_20260430.parquet,16732,01a88ca42e0f6148e51031c543d5471177b4953e77b56c7d1929b5882c5c8961,2,10:36:00,13:36:00
SPXW,20260501,D:\ThetaData\data_underlying_derived\SPXW\2026\05\SPXW_20260501.parquet,16232,8599c1767d87174d492ffd68c2843e8e398e4bc2e7a33fd171c83825d1614f8d,2,10:36:00,13:36:00
SPXW,20260504,D:\ThetaData\data_underlying_derived\SPXW\2026\05\SPXW_20260504.parquet,16387,491ffc7b80f35140bcf5e76dcff82ad6d0ebe647dd1e51827087ceab1a009129,2,10:36:00,13:36:00
SPXW,20260505,D:\ThetaData\data_underlying_derived\SPXW\2026\05\SPXW_20260505.parquet,15980,d9e3e2d522e75adca741a03ddbdd221e67def9226437f0f18dcdabdc413e9429,2,10:36:00,13:36:00
SPXW,20260506,D:\ThetaData\data_underlying_derived\SPXW\2026\05\SPXW_20260506.parquet,16142,820b9a47b474f4fc7f0add7d0b48ec6f2256f0a4a818df5f0081afc36a270aa7,2,10:36:00,13:36:00
SPXW,20260507,D:\ThetaData\data_underlying_derived\SPXW\2026\05\SPXW_20260507.parquet,16493,46384b99852e858a4540d5498c12b5e86966fe2c31ee50f6e83ba6b9ef252a55,2,10:36:00,13:36:00
SPXW,20260508,D:\ThetaData\data_underlying_derived\SPXW\2026\05\SPXW_20260508.parquet,15722,b124d678bc5b360171902392bd7fb1e7b972b187e1e72e1c194c8d0202e7a520,2,10:36:00,13:36:00
SPXW,20260511,D:\ThetaData\data_underlying_derived\SPXW\2026\05\SPXW_20260511.parquet,16202,bcfce3036d882f3526acd93dd911a231b4a36d0a467ec3e550fd5d22c3c4575a,2,10:36:00,13:36:00
SPXW,20260512,D:\ThetaData\data_underlying_derived\SPXW\2026\05\SPXW_20260512.parquet,16521,ea5eb0cac203dbc2594811bc69b0e42489e5afd49f2794dc10973777b53c2167,2,10:36:00,13:36:00
SPXW,20260513,D:\ThetaData\data_underlying_derived\SPXW\2026\05\SPXW_20260513.parquet,16567,21aef4271dcb139b5633d7a75ab8f5a2266787ba4ba2315a3f6b96c00e9865a6,2,10:36:00,13:36:00
SPXW,20260514,D:\ThetaData\data_underlying_derived\SPXW\2026\05\SPXW_20260514.parquet,16339,1ef939e4b0f51d4afbb77c4e4dc07ae475e79d00ab96a649afc51d0852ef096a,2,10:36:00,13:36:00
SPXW,20260515,D:\ThetaData\data_underlying_derived\SPXW\2026\05\SPXW_20260515.parquet,16487,b5ce376fa3397941e47049e7b1f4840d915a6f1416483e1fbac2abd9f6fa8e36,2,10:36:00,13:36:00
SPXW,20260518,D:\ThetaData\data_underlying_derived\SPXW\2026\05\SPXW_20260518.parquet,16543,48313b1c779a737fe542e432d1906212e76da45957aac37ebfde7c14638adea6,2,10:36:00,13:36:00
SPXW,20260519,D:\ThetaData\data_underlying_derived\SPXW\2026\05\SPXW_20260519.parquet,16623,5851c6f166c22e76c71975fc4222e4b13d7c05619df9335b1e4158b26ea26454,2,10:36:00,13:36:00
SPXW,20260520,D:\ThetaData\data_underlying_derived\SPXW\2026\05\SPXW_20260520.parquet,16447,5340598bcf96ca0483a2824d61aa30808af7043a50f2db79de899ff2c053c8a5,2,10:36:00,13:36:00
SPXW,20260521,D:\ThetaData\data_underlying_derived\SPXW\2026\05\SPXW_20260521.parquet,16570,3feb7eb3873f19439f72123fe41d5eb702b7b75432e46b09157ce8034d3755e9,2,10:36:00,13:36:00
SPXW,20260522,D:\ThetaData\data_underlying_derived\SPXW\2026\05\SPXW_20260522.parquet,15921,1215b23930958e571c99e5c2aca8919f1e19e4d01978e58ef283751ec16dfd4c,2,10:36:00,13:36:00
SPXW,20260526,D:\ThetaData\data_underlying_derived\SPXW\2026\05\SPXW_20260526.parquet,16118,52a6763296fe2c762fb43f9ac37262dbad085727a41a86ae4feb19d61f39c3f2,2,10:36:00,13:36:00
SPXW,20260527,D:\ThetaData\data_underlying_derived\SPXW\2026\05\SPXW_20260527.parquet,15967,ffb46cfe4118c06799eeb685b2d2dded5a230b4ab0f6f3c5e79d2a08a41c8da2,2,10:36:00,13:36:00
SPXW,20260528,D:\ThetaData\data_underlying_derived\SPXW\2026\05\SPXW_20260528.parquet,15938,c82fd46be7275ac083e6d6bd37ead02903c2456b22f7d59fbea83f1749660a71,2,10:36:00,13:36:00
SPXW,20260529,D:\ThetaData\data_underlying_derived\SPXW\2026\05\SPXW_20260529.parquet,16050,d922e47496fa0038067d1b144cd951abfdc46fdc31d666c155f07a1ce00010c5,2,10:36:00,13:36:00
SPXW,20260601,D:\ThetaData\data_underlying_derived\SPXW\2026\06\SPXW_20260601.parquet,16278,0179c6deafd6beb2c1c567670e2e207b4997683688c4e2c6a693a516eb95d047,2,10:36:00,13:36:00
SPXW,20260602,D:\ThetaData\data_underlying_derived\SPXW\2026\06\SPXW_20260602.parquet,15954,cf1200719f0f89f180ad0406143c97ded7910252419600a012189d198167d3cd,2,10:36:00,13:36:00
SPXW,20260603,D:\ThetaData\data_underlying_derived\SPXW\2026\06\SPXW_20260603.parquet,16166,ce9218cce7906aca20b177cf3570535fa2ee944a11fd0bf3f0c40b4259134e94,2,10:36:00,13:36:00
SPXW,20260604,D:\ThetaData\data_underlying_derived\SPXW\2026\06\SPXW_20260604.parquet,16425,0eb8cf1734f076d9738ad38c53a71cdd7585a9231658463e2c4f60face212c19,2,10:36:00,13:36:00
SPXW,20260605,D:\ThetaData\data_underlying_derived\SPXW\2026\06\SPXW_20260605.parquet,16952,d0162fd88a2ea6f1147d402d744ef265baffeb8f8cfb35c5c7ec09bc960b1f97,2,10:36:00,13:36:00
SPXW,20260608,D:\ThetaData\data_underlying_derived\SPXW\2026\06\SPXW_20260608.parquet,16642,f3c199ad5858a0fe741deda6d208ae1cf19ba8a4bf00ca5c843a965d75e5ef28,2,10:36:00,13:36:00
SPXW,20260609,D:\ThetaData\data_underlying_derived\SPXW\2026\06\SPXW_20260609.parquet,16895,73e161e272e0791cb12cd030e6cc5690bfa22efb5456e3f89322cfaafe41eab8,2,10:36:00,13:36:00
SPXW,20260610,D:\ThetaData\data_underlying_derived\SPXW\2026\06\SPXW_20260610.parquet,16662,2b68a102f3c51c45cb711b962760b148f437c959f6be29ea86a419b7d4dfc8a1,2,10:36:00,13:36:00
SPXW,20260611,D:\ThetaData\data_underlying_derived\SPXW\2026\06\SPXW_20260611.parquet,16755,e81240d9527cc30b2cd776870623a2596029033c59faef2ba18f2ad1446c2c36,2,10:36:00,13:36:00
SPXW,20260612,D:\ThetaData\data_underlying_derived\SPXW\2026\06\SPXW_20260612.parquet,16545,06685e5e849b4b7fe602d38d3e69e0c70e2fa42de1a7012a9cea265c55395047,2,10:36:00,13:36:00
SPXW,20260615,D:\ThetaData\data_underlying_derived\SPXW\2026\06\SPXW_20260615.parquet,16307,0c2655b0969360711c4b44afd9daad775fa3b6a508a6c11a0cea42e29d770394,2,10:36:00,13:36:00
SPXW,20260616,D:\ThetaData\data_underlying_derived\SPXW\2026\06\SPXW_20260616.parquet,16298,7f3b6f5bfddf174e97745dce7aa6aaaa6b6e7660a32e15aec21f5a72ecdbe306,2,10:36:00,13:36:00
SPXW,20260617,D:\ThetaData\data_underlying_derived\SPXW\2026\06\SPXW_20260617.parquet,16621,5858b0664f46b039362c55429fe101c91d2bd4d529988c6a0abcbc16818e3285,2,10:36:00,13:36:00
SPXW,20260618,D:\ThetaData\data_underlying_derived\SPXW\2026\06\SPXW_20260618.parquet,16219,f0308ffdeb13519cfbae22a37d88918f7f3adf188d5530a367243d84ff560e27,2,10:36:00,13:36:00
SPXW,20260622,D:\ThetaData\data_underlying_derived\SPXW\2026\06\SPXW_20260622.parquet,16083,e88465a19853e7b8dcefd3f08681e44c3745d99a37bae4a4225efd5576480385,2,10:36:00,13:36:00
SPXW,20260623,D:\ThetaData\data_underlying_derived\SPXW\2026\06\SPXW_20260623.parquet,16505,7a6675d882ba8d471707c6729ce1cd1581efa78f31c76ac1a47abb99520ba732,2,10:36:00,13:36:00
SPXW,20260624,D:\ThetaData\data_underlying_derived\SPXW\2026\06\SPXW_20260624.parquet,16636,6217e2741dd96301547c1581a0cca630905c8be93f0d2beea86d9a3ebc094d84,2,10:36:00,13:36:00
SPXW,20260625,D:\ThetaData\data_underlying_derived\SPXW\2026\06\SPXW_20260625.parquet,16527,4136d10fe9b53592fced1b3b5e4537caaedfd23654adcab16e9363af86a675ea,2,10:36:00,13:36:00
SPXW,20260626,D:\ThetaData\data_underlying_derived\SPXW\2026\06\SPXW_20260626.parquet,16477,5dffbd52dd7a220da0913a669f2090f97ac848aad806ca01f5fad07418109c9f,2,10:36:00,13:36:00
SPXW,20260629,D:\ThetaData\data_underlying_derived\SPXW\2026\06\SPXW_20260629.parquet,16537,6eedc393aad0a16d5b4eed7e40ecdb82f48d52054214b9c3bc5b5e9514c2be5d,2,10:36:00,13:36:00
SPXW,20260630,D:\ThetaData\data_underlying_derived\SPXW\2026\06\SPXW_20260630.parquet,16344,b4bad2c521843ec9d9c33c49f4eb3b961e344f180bdccded14d04c22acb1c3b8,2,10:36:00,13:36:00
SPXW,20260702,D:\ThetaData\data_underlying_derived\SPXW\2026\07\SPXW_20260702.parquet,16646,1b576c0ca98d45429c9bb0ec7f9fb948d127b6f02f789d061e90472633106c7d,2,10:36:00,13:36:00
SPXW,20260706,D:\ThetaData\data_underlying_derived\SPXW\2026\07\SPXW_20260706.parquet,16225,422f9edd0fd781f867b50d510f1cff909b394d84d013fe5fb198dbae6ae5331e,2,10:36:00,13:36:00
SPXW,20260708,D:\ThetaData\data_underlying_derived\SPXW\2026\07\SPXW_20260708.parquet,16374,21344971781118fdd242aa257689b74769716f35f759e1d160bcf4db244ca9c6,2,10:36:00,13:36:00
SPXW,20260709,D:\ThetaData\data_underlying_derived\SPXW\2026\07\SPXW_20260709.parquet,16382,548eacb88f78fbfa46cebfddf0dda928a75d9f050d7ad28118d414fe81da6af3,2,10:36:00,13:36:00
SPXW,20260713,D:\ThetaData\data_underlying_derived\SPXW\2026\07\SPXW_20260713.parquet,16472,b2782832936609d6e05d7135d8b6dd072ba61bfd5475c588a385e867ac899ce6,2,10:36:00,13:36:00
SPXW,20260714,D:\ThetaData\data_underlying_derived\SPXW\2026\07\SPXW_20260714.parquet,15971,3093526d1c0ef7b3c742f130b7703af1106ed94988f46d28f1cf12f02548eb3b,2,10:36:00,13:36:00
SPXW,20260715,D:\ThetaData\data_underlying_derived\SPXW\2026\07\SPXW_20260715.parquet,16358,cbd89f97b0d722a75bd5775b6b53788356ad6f88bd8a13f0ba7524e13a1a6b3b,2,10:36:00,13:36:00
SPXW,20260717,D:\ThetaData\data_underlying_derived\SPXW\2026\07\SPXW_20260717.parquet,16486,338cc65ea8e1fbd8f7977d5c557c8c289824962976d9654c0cb4e254bc2e8a41,2,10:36:00,13:36:00
SPXW,20260720,D:\ThetaData\data_underlying_derived\SPXW\2026\07\SPXW_20260720.parquet,16513,0aebd39d04a01cdf92c2b15828c457a14f6781e9ef03d64fd04f9adfb6c8b66e,2,10:36:00,13:36:00
SPXW,20260721,D:\ThetaData\data_underlying_derived\SPXW\2026\07\SPXW_20260721.parquet,15921,6d37abc7a46bfe2ba47b3678ab9466b7235f4fda7c9beb3e268b1a7cab4879cb,2,10:36:00,13:36:00
SPXW,20260722,D:\ThetaData\data_underlying_derived\SPXW\2026\07\SPXW_20260722.parquet,16157,572a552f353f8d0c3f5448f19294efc4316b408f7ea9564c0f00bcda8d7413ab,2,10:36:00,13:36:00
SPXW,20260723,D:\ThetaData\data_underlying_derived\SPXW\2026\07\SPXW_20260723.parquet,16507,012681767ee736a2f6cdf0570eeec5906655c165f7e8b49892e7c37ed57aa81e,2,10:36:00,13:36:00
SPXW,20260724,D:\ThetaData\data_underlying_derived\SPXW\2026\07\SPXW_20260724.parquet,16675,247bcdd1aee1c33c7e722601a79fa2f93027199521bf770bc02922590f477b5e,2,10:36:00,13:36:00
SPY,20260102,D:\ThetaData\data_underlying_derived\SPY\2026\01\SPY_20260102.parquet,13619,cc5c1fdd6193d6f56226a95843f68890cee3939fff4b060869746b368554a76a,2,10:36:00,13:36:00
SPY,20260105,D:\ThetaData\data_underlying_derived\SPY\2026\01\SPY_20260105.parquet,12004,40b3b057dd7d6a29199a727c6d71b5817959facd7c5958d8faf95655f9b83350,2,10:36:00,13:36:00
SPY,20260106,D:\ThetaData\data_underlying_derived\SPY\2026\01\SPY_20260106.parquet,12730,ece48e3e37fef94dab0cb437c30ec39407690e07822111855ec21457eb669582,2,10:36:00,13:36:00
SPY,20260107,D:\ThetaData\data_underlying_derived\SPY\2026\01\SPY_20260107.parquet,12851,98193249d5a426adeadf57f49c2569886358fa080db4b2a93fd75a8ab1181d00,2,10:36:00,13:36:00
SPY,20260108,D:\ThetaData\data_underlying_derived\SPY\2026\01\SPY_20260108.parquet,11840,9a3ac462def652d047e34852b0b1dcf7a6873bb2fde8469d0fc0015b440aed31,2,10:36:00,13:36:00
SPY,20260109,D:\ThetaData\data_underlying_derived\SPY\2026\01\SPY_20260109.parquet,13135,5c8491b7a358ecb018acfd79d21fb0403cc438458cae981d12f708dcf9fdca41,2,10:36:00,13:36:00
SPY,20260112,D:\ThetaData\data_underlying_derived\SPY\2026\01\SPY_20260112.parquet,12646,592428be6dd8081de47760d66c239a56e2f25e98acf32f46881cb4bb8cc3fcfa,2,10:36:00,13:36:00
SPY,20260113,D:\ThetaData\data_underlying_derived\SPY\2026\01\SPY_20260113.parquet,12881,8ac538c3dc6872e64be98fa24e41dc3a90358aa1e74414fa702b861ea6890cfc,2,10:36:00,13:36:00
SPY,20260114,D:\ThetaData\data_underlying_derived\SPY\2026\01\SPY_20260114.parquet,13198,4651b5d85b4baf762bc3119ddd636ac2993b17be231a417879269a19b1e8f412,2,10:36:00,13:36:00
SPY,20260115,D:\ThetaData\data_underlying_derived\SPY\2026\01\SPY_20260115.parquet,12607,b239b48d2d2423a33bf7a978e1859318ce2d7fe0ad7aa91102603465e0f7a9ad,2,10:36:00,13:36:00
SPY,20260116,D:\ThetaData\data_underlying_derived\SPY\2026\01\SPY_20260116.parquet,12113,e2b1396ed048d520df06ee20ce61fecbb4bdee6f5d69b898546a33a68c9d026d,2,10:36:00,13:36:00
SPY,20260120,D:\ThetaData\data_underlying_derived\SPY\2026\01\SPY_20260120.parquet,14029,86f390fb1eabd49deb12b87e0c16452cc26f95e80922a8b441edd7928a163772,2,10:36:00,13:36:00
SPY,20260121,D:\ThetaData\data_underlying_derived\SPY\2026\01\SPY_20260121.parquet,14246,d213f53ffecc7535a29b302ba0dcc86c05a633468c6baa918fe8e7754775df5c,2,10:36:00,13:36:00
SPY,20260122,D:\ThetaData\data_underlying_derived\SPY\2026\01\SPY_20260122.parquet,12903,ad7344bba1f1b0bb752ecf04d17bbdc083b2f85e0484d14d07de43b6198ff77b,2,10:36:00,13:36:00
SPY,20260123,D:\ThetaData\data_underlying_derived\SPY\2026\01\SPY_20260123.parquet,12599,6860c76c60e7cbaf3edc4d0f546af873ad9941044069971ec0911e2f496ff341,2,10:36:00,13:36:00
SPY,20260126,D:\ThetaData\data_underlying_derived\SPY\2026\01\SPY_20260126.parquet,11874,20b1b2e94a5069280898381c33550bba456874cecdf5e5b803128901e3644c57,2,10:36:00,13:36:00
SPY,20260127,D:\ThetaData\data_underlying_derived\SPY\2026\01\SPY_20260127.parquet,11683,e9066e5a7f466b973067b65a82a3ff7a6fc35a628bbab00ab7f4bfe1588ba9e1,2,10:36:00,13:36:00
SPY,20260128,D:\ThetaData\data_underlying_derived\SPY\2026\01\SPY_20260128.parquet,12343,f27bb35e52049519b9047e704058fe3d2e0c55392f22203a3680a57da47ebe8c,2,10:36:00,13:36:00
SPY,20260129,D:\ThetaData\data_underlying_derived\SPY\2026\01\SPY_20260129.parquet,13969,d496cae245562ee02b7dee15cf3c4c0a81a0b446ac6ee7c39704cb4e06a518d3,2,10:36:00,13:36:00
SPY,20260130,D:\ThetaData\data_underlying_derived\SPY\2026\01\SPY_20260130.parquet,13767,b4ed350bbd5d85774c07573c2fbd540289a57b5dfb2a63e73418fd371ac447ec,2,10:36:00,13:36:00
SPY,20260202,D:\ThetaData\data_underlying_derived\SPY\2026\02\SPY_20260202.parquet,12698,db45d7cad6576486b2dff4eaddb4aa6ea36e39a5c243a9eea24e284fcb7b8493,2,10:36:00,13:36:00
SPY,20260203,D:\ThetaData\data_underlying_derived\SPY\2026\02\SPY_20260203.parquet,14379,762e759fe329ea6a4f625d10c81aaa160cc9fbefbe1c31c04db87d33d7210009,2,10:36:00,13:36:00
SPY,20260204,D:\ThetaData\data_underlying_derived\SPY\2026\02\SPY_20260204.parquet,14260,4a1baea08ec643634d85456581d993adcaa252db4036d5a824261934950287a6,2,10:36:00,13:36:00
SPY,20260205,D:\ThetaData\data_underlying_derived\SPY\2026\02\SPY_20260205.parquet,13976,8be2f860bb7a3c85d37a04479bcf10e192c189203cac93d112563b0fc80d4fc9,2,10:36:00,13:36:00
SPY,20260206,D:\ThetaData\data_underlying_derived\SPY\2026\02\SPY_20260206.parquet,13829,a8dd0a0f180b77a7f7b71882ff0c8317bd2f438602eed6e3a0d26e94fb976140,2,10:36:00,13:36:00
SPY,20260209,D:\ThetaData\data_underlying_derived\SPY\2026\02\SPY_20260209.parquet,12714,3bf687d020ea25259878549b918b06cca3ed4b26774c37d03c79364b8aad265c,2,10:36:00,13:36:00
SPY,20260210,D:\ThetaData\data_underlying_derived\SPY\2026\02\SPY_20260210.parquet,12911,710e28ca4dcc5b13071d94bf955c28ee944715f16c13590764bf7ec8c646149d,2,10:36:00,13:36:00
SPY,20260211,D:\ThetaData\data_underlying_derived\SPY\2026\02\SPY_20260211.parquet,12771,58ad0d256bcaa2ec80b28d4c2bc354af532096a6b6d73cdd910ac47ec49ef658,2,10:36:00,13:36:00
SPY,20260212,D:\ThetaData\data_underlying_derived\SPY\2026\02\SPY_20260212.parquet,14013,7aec3af354684f2dcb8c420c349f40ed5d2f52396e23f8b3515652899e42b2c3,2,10:36:00,13:36:00
SPY,20260213,D:\ThetaData\data_underlying_derived\SPY\2026\02\SPY_20260213.parquet,13873,ca400b6682b02814c53f8087a8cec850dff7d1cf5ed2904cfa77e69f87a1c7ed,2,10:36:00,13:36:00
SPY,20260217,D:\ThetaData\data_underlying_derived\SPY\2026\02\SPY_20260217.parquet,14124,d732ef4ef23434d54743c0b658700e03a47c38931c8c42d534c6b18c5fac6ab4,2,10:36:00,13:36:00
SPY,20260218,D:\ThetaData\data_underlying_derived\SPY\2026\02\SPY_20260218.parquet,13152,8c9ecaa60d7b8ec766483049c01baecfcc1fc83df753e19d1434fe489dbe13d6,2,10:36:00,13:36:00
SPY,20260219,D:\ThetaData\data_underlying_derived\SPY\2026\02\SPY_20260219.parquet,12979,65e06e792253f75971c0fc29b6f42383ce0add24e447294ef5ec2393e0e71a65,2,10:36:00,13:36:00
SPY,20260220,D:\ThetaData\data_underlying_derived\SPY\2026\02\SPY_20260220.parquet,13618,a146f56f1608d25b2d96d98ad38eb7c0b1ef154eb38fa543f53dbffd4003fc61,2,10:36:00,13:36:00
SPY,20260223,D:\ThetaData\data_underlying_derived\SPY\2026\02\SPY_20260223.parquet,13526,06c79f36f86f264ec7085c9fd19aa263a550a00b5959b547f564c26cd73266e1,2,10:36:00,13:36:00
SPY,20260224,D:\ThetaData\data_underlying_derived\SPY\2026\02\SPY_20260224.parquet,12904,c84bc6187a68dd662eff00986169d427b0452ec763b07b4bbdbc5fd58200cf41,2,10:36:00,13:36:00
SPY,20260225,D:\ThetaData\data_underlying_derived\SPY\2026\02\SPY_20260225.parquet,12443,997489f69e5b78bbec3d1598f934fb050240c7b31d8db644f3f170de595276f0,2,10:36:00,13:36:00
SPY,20260226,D:\ThetaData\data_underlying_derived\SPY\2026\02\SPY_20260226.parquet,13780,261ef064fd6f602e093b3a92e5206df879872a791a85a7da1589a29156b54b56,2,10:36:00,13:36:00
SPY,20260227,D:\ThetaData\data_underlying_derived\SPY\2026\02\SPY_20260227.parquet,12740,86030c573cf0c5fe579a654c312178b0ad2d1d9726448a2cd505d1f268602725,2,10:36:00,13:36:00
SPY,20260302,D:\ThetaData\data_underlying_derived\SPY\2026\03\SPY_20260302.parquet,13858,8a531b9e08a700914fbe9d814316230060ad7136991cd9d5344d91a91607cb68,2,10:36:00,13:36:00
SPY,20260303,D:\ThetaData\data_underlying_derived\SPY\2026\03\SPY_20260303.parquet,14630,9675b12d22aa3ca5d7ab4488d19598b2a60f805bc3d730c733bf863bf75ef30f,2,10:36:00,13:36:00
SPY,20260304,D:\ThetaData\data_underlying_derived\SPY\2026\03\SPY_20260304.parquet,12795,799e4f35f6502263fcaa1326b451720d409841118a9e1388261ab488302f4fc4,2,10:36:00,13:36:00
SPY,20260305,D:\ThetaData\data_underlying_derived\SPY\2026\03\SPY_20260305.parquet,14204,8715e4fe2e2bf1e2829f7c3c2e617af4b013ecbca63265079be636677d09c7da,2,10:36:00,13:36:00
SPY,20260306,D:\ThetaData\data_underlying_derived\SPY\2026\03\SPY_20260306.parquet,13528,4237e6685e3e8caf78940385c702792695dd9805309ade1d4968ee199806ba2f,2,10:36:00,13:36:00
SPY,20260309,D:\ThetaData\data_underlying_derived\SPY\2026\03\SPY_20260309.parquet,14452,07e98ef05891904b471a9e00aff9323027923fd633d0377264689caca29c3549,2,10:36:00,13:36:00
SPY,20260310,D:\ThetaData\data_underlying_derived\SPY\2026\03\SPY_20260310.parquet,14031,28879ff524af9d7b61f245e8dbc81f6530fafb97cfacab9948efbcb0d2cfbb82,2,10:36:00,13:36:00
SPY,20260311,D:\ThetaData\data_underlying_derived\SPY\2026\03\SPY_20260311.parquet,13414,3951944e66eeecf5dbb35e4551d0025f383ff067cb9a7309b95b1fd3b14f4c62,2,10:36:00,13:36:00
SPY,20260312,D:\ThetaData\data_underlying_derived\SPY\2026\03\SPY_20260312.parquet,13111,964ba7cb7d414fbf0c50bcf5e8ee8fde803089dc855fdd79ce13ed4c3ea33bb2,2,10:36:00,13:36:00
SPY,20260313,D:\ThetaData\data_underlying_derived\SPY\2026\03\SPY_20260313.parquet,14044,0af024501c5c9d5923e4388a9e8bc44c5d001dc4e7fc63bedea057909923c3eb,2,10:36:00,13:36:00
SPY,20260316,D:\ThetaData\data_underlying_derived\SPY\2026\03\SPY_20260316.parquet,12781,3b07830984071487237d61ac2148a49bd9b55844c3ea33431d3bed76abcf3bcd,2,10:36:00,13:36:00
SPY,20260317,D:\ThetaData\data_underlying_derived\SPY\2026\03\SPY_20260317.parquet,12650,dd954f3344fea66ed117ced62c420716803c82195924ae05cdb29e92ad1d1de3,2,10:36:00,13:36:00
SPY,20260318,D:\ThetaData\data_underlying_derived\SPY\2026\03\SPY_20260318.parquet,13773,317e77e96308ef16c968d7b1cd8230f775cae731980ac79e93b158eac37ea75b,2,10:36:00,13:36:00
SPY,20260320,D:\ThetaData\data_underlying_derived\SPY\2026\03\SPY_20260320.parquet,13951,833fa57547b4a2716e2154cb4a594ef170913cc17eee85ba38d085c76d07ef22,2,10:36:00,13:36:00
SPY,20260323,D:\ThetaData\data_underlying_derived\SPY\2026\03\SPY_20260323.parquet,14152,3b0720b83860ae33b0dd71added4ec94cfe8345701d661cbf2dc7a218f3c32a5,2,10:36:00,13:36:00
SPY,20260324,D:\ThetaData\data_underlying_derived\SPY\2026\03\SPY_20260324.parquet,13703,3c9e9cc2cc2f4d736617dfb15bbbdaf92132df2161464455d3d31c245307f7a2,2,10:36:00,13:36:00
SPY,20260325,D:\ThetaData\data_underlying_derived\SPY\2026\03\SPY_20260325.parquet,12897,3b893a3b5fa64334b5ba1ac09ed6f826ec75dfa03774a5fa7ea2b2acac9a3197,2,10:36:00,13:36:00
SPY,20260326,D:\ThetaData\data_underlying_derived\SPY\2026\03\SPY_20260326.parquet,14375,1c693daee7c3e022fb82668ac4785b9bdeb37601aa89d996ac4957231a7b522b,2,10:36:00,13:36:00
SPY,20260327,D:\ThetaData\data_underlying_derived\SPY\2026\03\SPY_20260327.parquet,14260,ce27d83c3b6d3efdcba6b20483972211253e35a7bab66dc5b67408e98906dd8f,2,10:36:00,13:36:00
SPY,20260330,D:\ThetaData\data_underlying_derived\SPY\2026\03\SPY_20260330.parquet,14301,b2de5700371e3bd7847ffce1d4c1b375bfdcd164da8a9f749cd356bb1cf56af1,2,10:36:00,13:36:00
SPY,20260331,D:\ThetaData\data_underlying_derived\SPY\2026\03\SPY_20260331.parquet,14411,0757ea67d99d607796d95da8a432bee34f045317006ef697088e701f3fbea45c,2,10:36:00,13:36:00
SPY,20260402,D:\ThetaData\data_underlying_derived\SPY\2026\04\SPY_20260402.parquet,13415,1087ffc28ccb21d11392ab49678bfcf129a70737b35787f4fbd2e12081fc1e2f,2,10:36:00,13:36:00
SPY,20260406,D:\ThetaData\data_underlying_derived\SPY\2026\04\SPY_20260406.parquet,12354,caa6703065cd2a06226df36778dbab1e71dce5afc4bef2f29a6c3f581438efca,2,10:36:00,13:36:00
SPY,20260407,D:\ThetaData\data_underlying_derived\SPY\2026\04\SPY_20260407.parquet,13789,9bc760fb480dbabcbd59903b0e77077c595994aee17dddfd161122a4a723141d,2,10:36:00,13:36:00
SPY,20260408,D:\ThetaData\data_underlying_derived\SPY\2026\04\SPY_20260408.parquet,13054,5e5e51347db516e12845aa1413949ff6c568304320b5f2c6fc76caa71bc191df,2,10:36:00,13:36:00
SPY,20260410,D:\ThetaData\data_underlying_derived\SPY\2026\04\SPY_20260410.parquet,12553,16b9546557e73532b45f2f212fee58727efa5a14c307d75b774d28ccc1a4b144,2,10:36:00,13:36:00
SPY,20260413,D:\ThetaData\data_underlying_derived\SPY\2026\04\SPY_20260413.parquet,13445,45d9e087f879dd480a8d74caf5f94ba3e6d1dc7f6e3328768746f5648b5928eb,2,10:36:00,13:36:00
SPY,20260414,D:\ThetaData\data_underlying_derived\SPY\2026\04\SPY_20260414.parquet,13019,11b0de5af57c9d45d63760c979044236080d3f4517eeabc92a87839e2d6d1d7d,2,10:36:00,13:36:00
SPY,20260416,D:\ThetaData\data_underlying_derived\SPY\2026\04\SPY_20260416.parquet,12770,b7f1e18c707d8640b797253768f824f9c452449ea99e187ca798714f4a865aa9,2,10:36:00,13:36:00
SPY,20260417,D:\ThetaData\data_underlying_derived\SPY\2026\04\SPY_20260417.parquet,13245,bc731addf13ca398fca9b6281f076ed15852c4ee49a74e38d3eb8c0d97cf7914,2,10:36:00,13:36:00
SPY,20260420,D:\ThetaData\data_underlying_derived\SPY\2026\04\SPY_20260420.parquet,12245,f707f587457f3eee583a8b6ddee0fcb9832b8bae08eb3ae82aaf89f4ba50cf6c,2,10:36:00,13:36:00
SPY,20260421,D:\ThetaData\data_underlying_derived\SPY\2026\04\SPY_20260421.parquet,13988,a91cafef5d9629bb713ac33e22dab4d5cf05b26714cb5500e44e9e19e3c62fa7,2,10:36:00,13:36:00
SPY,20260422,D:\ThetaData\data_underlying_derived\SPY\2026\04\SPY_20260422.parquet,11893,81dee1920a3e8005ef4dd7c185896d736fb5cf87ecc34de4918290226fb6475e,2,10:36:00,13:36:00
SPY,20260423,D:\ThetaData\data_underlying_derived\SPY\2026\04\SPY_20260423.parquet,13782,7ee38d440d86c12a212724aebc0633bdcd1fb240d59cbed139e191be26736f50,2,10:36:00,13:36:00
SPY,20260424,D:\ThetaData\data_underlying_derived\SPY\2026\04\SPY_20260424.parquet,12712,362fbfdf14b92d3bb4b0ffa4a42abfe6b10525dae8263d056a954e414bfbf9e8,2,10:36:00,13:36:00
SPY,20260427,D:\ThetaData\data_underlying_derived\SPY\2026\04\SPY_20260427.parquet,12299,10c941f1ab159ebbeec1a349ea2ec0a99a477c4e2bfc2071acb7e717a99883d5,2,10:36:00,13:36:00
SPY,20260428,D:\ThetaData\data_underlying_derived\SPY\2026\04\SPY_20260428.parquet,12636,1436ef2f615f3ed70a5978ec9bc464bc733b59ea74ea72aecb650637f04694a0,2,10:36:00,13:36:00
SPY,20260429,D:\ThetaData\data_underlying_derived\SPY\2026\04\SPY_20260429.parquet,12586,9331e405d6626b955dc857aca3e700d881433af421cbc1c49171743f49e97362,2,10:36:00,13:36:00
SPY,20260430,D:\ThetaData\data_underlying_derived\SPY\2026\04\SPY_20260430.parquet,14115,7666870801a2980d1cdc2c0a80ddefe5893377b0af79953d87393d720a8f7b31,2,10:36:00,13:36:00
SPY,20260501,D:\ThetaData\data_underlying_derived\SPY\2026\05\SPY_20260501.parquet,12770,a3b9ffdf0b0c8c97295e070211e6627d226604726c6a32746482147dbf2b47f3,2,10:36:00,13:36:00
SPY,20260504,D:\ThetaData\data_underlying_derived\SPY\2026\05\SPY_20260504.parquet,13228,74766cbb881c7edf80812bbaba7ebe6f28bf1a25822aa9c2b20368d1e6b79cb6,2,10:36:00,13:36:00
SPY,20260505,D:\ThetaData\data_underlying_derived\SPY\2026\05\SPY_20260505.parquet,12631,06891f7f70c8480f62e75afb20e4bbc6f246d089c0b5a83aaa64bb13ce43481a,2,10:36:00,13:36:00
SPY,20260506,D:\ThetaData\data_underlying_derived\SPY\2026\05\SPY_20260506.parquet,12945,ebe8f0d3affce152ff87206222bc00ae2310f09b954364a6df0143a5849b0287,2,10:36:00,13:36:00
SPY,20260507,D:\ThetaData\data_underlying_derived\SPY\2026\05\SPY_20260507.parquet,13699,984da08118d2e582fcc42d5144907194b3edd6aca6f4bc7712842ad760c11fb9,2,10:36:00,13:36:00
SPY,20260508,D:\ThetaData\data_underlying_derived\SPY\2026\05\SPY_20260508.parquet,11906,da18aa1654057ef87d7ec75ce90cc9606f636af731ac5f900f5b30c93836e9d5,2,10:36:00,13:36:00
SPY,20260511,D:\ThetaData\data_underlying_derived\SPY\2026\05\SPY_20260511.parquet,12435,c30f4440dba674bcd21578fb9cdf3ff2e86930147b07ae1c62077eef4d9e6761,2,10:36:00,13:36:00
SPY,20260512,D:\ThetaData\data_underlying_derived\SPY\2026\05\SPY_20260512.parquet,13953,d61347fd8fc951e57117859caa252b3e53615d79303bdda9ffdce3f03dc6da06,2,10:36:00,13:36:00
SPY,20260513,D:\ThetaData\data_underlying_derived\SPY\2026\05\SPY_20260513.parquet,13690,2cb24829b8716d44946b9d72e77c59ee7f9626c659b3f43119a3aa88ad4e27f6,2,10:36:00,13:36:00
SPY,20260514,D:\ThetaData\data_underlying_derived\SPY\2026\05\SPY_20260514.parquet,12976,5068dca625881380c6991332663f9b012e2e0f358e24694b36d01ad15a383ba6,2,10:36:00,13:36:00
SPY,20260515,D:\ThetaData\data_underlying_derived\SPY\2026\05\SPY_20260515.parquet,13099,4c67ab14db9068e0964d702bafe1b1866a6d3a99706226c754320f19eac626c4,2,10:36:00,13:36:00
SPY,20260518,D:\ThetaData\data_underlying_derived\SPY\2026\05\SPY_20260518.parquet,14020,0de8475f88c2e6cc0dffcbaec1e9cdcf7e88eb5ad1a855d9ee58793f8db6a474,2,10:36:00,13:36:00
SPY,20260519,D:\ThetaData\data_underlying_derived\SPY\2026\05\SPY_20260519.parquet,13935,771b7a74b9d93624d78ab86e02360d528484f26a14b66bd69c783e1b5b042eda,2,10:36:00,13:36:00
SPY,20260520,D:\ThetaData\data_underlying_derived\SPY\2026\05\SPY_20260520.parquet,13317,cf0b48830af6d51be36ba78b153a12df8dc7c5a8eca38279cc0eec6d86646e36,2,10:36:00,13:36:00
SPY,20260521,D:\ThetaData\data_underlying_derived\SPY\2026\05\SPY_20260521.parquet,13692,4d1fc035b4d9b59a2370bc9d5d2e39fe5c4a368908f1af859ef5f4ff98552ca2,2,10:36:00,13:36:00
SPY,20260522,D:\ThetaData\data_underlying_derived\SPY\2026\05\SPY_20260522.parquet,12408,e8389b1e71fd21a9842d7a6a2a36383996516244f2c69f348c2da27fc875b240,2,10:36:00,13:36:00
SPY,20260526,D:\ThetaData\data_underlying_derived\SPY\2026\05\SPY_20260526.parquet,12624,6416cc8ddeb730c981c0545f692f4555bcdb6cdbee9b53ab0c31c80b77426948,2,10:36:00,13:36:00
SPY,20260527,D:\ThetaData\data_underlying_derived\SPY\2026\05\SPY_20260527.parquet,12312,4cf4e853f71774c7c9ff2b6997a8753ce5581a754dcb37888975e144bacedbf0,2,10:36:00,13:36:00
SPY,20260528,D:\ThetaData\data_underlying_derived\SPY\2026\05\SPY_20260528.parquet,12481,e2b95ae1742bbdc322b8f544fb5aeb4640a790c3d992a10087a1e19bcc8d7693,2,10:36:00,13:36:00
SPY,20260529,D:\ThetaData\data_underlying_derived\SPY\2026\05\SPY_20260529.parquet,12315,6449ee3577fb3ce252a9f6ab61ff9066e8a20d6864cbaab65bf9de1c919ded02,2,10:36:00,13:36:00
SPY,20260601,D:\ThetaData\data_underlying_derived\SPY\2026\06\SPY_20260601.parquet,13022,eacf2f8f069d1c80c81c8fffed236b1a1dbeb1f273c0ea126814f6bf3b304ccc,2,10:36:00,13:36:00
SPY,20260602,D:\ThetaData\data_underlying_derived\SPY\2026\06\SPY_20260602.parquet,12168,486700c22a35b71ae917f9b87428116c125412b9ec6d3c0d50a2fb35dad23c18,2,10:36:00,13:36:00
SPY,20260603,D:\ThetaData\data_underlying_derived\SPY\2026\06\SPY_20260603.parquet,12693,881aa690b50ed50f52919b2eacf28baede4b4fca53594442c634768d5bc05eb9,2,10:36:00,13:36:00
SPY,20260604,D:\ThetaData\data_underlying_derived\SPY\2026\06\SPY_20260604.parquet,13367,c0fff7a2bab297fafaf6d4a5660d17aad632ce3943c9fafed4f2ad41a97d24b0,2,10:36:00,13:36:00
SPY,20260605,D:\ThetaData\data_underlying_derived\SPY\2026\06\SPY_20260605.parquet,14822,5a19520786c5de1b9a5d8bc13447e6595e93f8dec136ca6fdba29f045f99013a,2,10:36:00,13:36:00
SPY,20260608,D:\ThetaData\data_underlying_derived\SPY\2026\06\SPY_20260608.parquet,13789,0ce6856bb37a11b577a088b8002d218864c317c1b13ce094e0d81508a914f00b,2,10:36:00,13:36:00
SPY,20260609,D:\ThetaData\data_underlying_derived\SPY\2026\06\SPY_20260609.parquet,15208,80229a9e046139e483f2b0ecfab889b7271d7748230a86a75eb2242bfc2f5a9e,2,10:36:00,13:36:00
SPY,20260610,D:\ThetaData\data_underlying_derived\SPY\2026\06\SPY_20260610.parquet,14659,20d2913b78f6735bda920446be2978d6f172c2e8f73ac563f4ac54fe67e16540,2,10:36:00,13:36:00
SPY,20260611,D:\ThetaData\data_underlying_derived\SPY\2026\06\SPY_20260611.parquet,14792,86c631744494bf53311cb8b95a7e07a87741ce449953c61e411daacff4e6d4f2,2,10:36:00,13:36:00
SPY,20260612,D:\ThetaData\data_underlying_derived\SPY\2026\06\SPY_20260612.parquet,13667,1ad95189feeb6289c4acd32ba07c67c5a1b45e04dc0a6d84e108ac075c78b8e1,2,10:36:00,13:36:00
SPY,20260615,D:\ThetaData\data_underlying_derived\SPY\2026\06\SPY_20260615.parquet,12953,15474b96a7934aeb33cf9ab2f57c3ccc39f3546e662f141eb0f437d45e0d2fa9,2,10:36:00,13:36:00
SPY,20260616,D:\ThetaData\data_underlying_derived\SPY\2026\06\SPY_20260616.parquet,13044,5d6c4c28d985a279b579cc04315efd2ab7a82a9e34520933cbb3823f37193e24,2,10:36:00,13:36:00
SPY,20260617,D:\ThetaData\data_underlying_derived\SPY\2026\06\SPY_20260617.parquet,13696,f82604732f9d4f9452b314426476b0d039e7268b78e1e5dba7d12fdc1c500988,2,10:36:00,13:36:00
SPY,20260618,D:\ThetaData\data_underlying_derived\SPY\2026\06\SPY_20260618.parquet,12851,c352d3ba3568cae262e99dc735b5e2cfcecb2a6faf396c88bbbd3cdf83d58f3b,2,10:36:00,13:36:00
SPY,20260622,D:\ThetaData\data_underlying_derived\SPY\2026\06\SPY_20260622.parquet,12729,053951a8c9db7a6f1b89640a860b3db7935081c75a452fdac57a33d8e3c86109,2,10:36:00,13:36:00
SPY,20260623,D:\ThetaData\data_underlying_derived\SPY\2026\06\SPY_20260623.parquet,13686,b8d5cd40cb70506865157dcdcf6571c4231ec7445247974629eebf9397380ab2,2,10:36:00,13:36:00
SPY,20260624,D:\ThetaData\data_underlying_derived\SPY\2026\06\SPY_20260624.parquet,14487,705299b7de3a42b2a5c4a3f4c4e078d1013748eea5aa7f7522f5d5e1f506548f,2,10:36:00,13:36:00
SPY,20260625,D:\ThetaData\data_underlying_derived\SPY\2026\06\SPY_20260625.parquet,13897,9ccf2aaef44019d67f1ed9452a70fecbde0960c60299a334390a925f779ebb87,2,10:36:00,13:36:00
SPY,20260626,D:\ThetaData\data_underlying_derived\SPY\2026\06\SPY_20260626.parquet,13645,9a38c7f6a2f52e637a404a4c7a819525afa1e27245a33568e936fc2d81ad44c5,2,10:36:00,13:36:00
SPY,20260629,D:\ThetaData\data_underlying_derived\SPY\2026\06\SPY_20260629.parquet,13599,0f4112d4acd4f6688ec1fdaef712d202d04a67197f89621400b75c23149b3fe4,2,10:36:00,13:36:00
SPY,20260630,D:\ThetaData\data_underlying_derived\SPY\2026\06\SPY_20260630.parquet,13221,26062ea4006ed9f08db40588ec2a5e156af728d67a6a544eec35f0bc9fb08b87,2,10:36:00,13:36:00
SPY,20260702,D:\ThetaData\data_underlying_derived\SPY\2026\07\SPY_20260702.parquet,14394,0291ba8513d958a36c482f0da2fde01eb5e70e73c043db4cd231a1b7635b167b,2,10:36:00,13:36:00
SPY,20260706,D:\ThetaData\data_underlying_derived\SPY\2026\07\SPY_20260706.parquet,13103,ac8200c01c8c78a434bc54f24cc5a039c21dca81a405cfef8383936093bd331c,2,10:36:00,13:36:00
SPY,20260708,D:\ThetaData\data_underlying_derived\SPY\2026\07\SPY_20260708.parquet,13464,23bb79263754ec012d103102a16f1bb8cfe29597120322b811498c77a43b132c,2,10:36:00,13:36:00
SPY,20260709,D:\ThetaData\data_underlying_derived\SPY\2026\07\SPY_20260709.parquet,13179,7eb13a417c9e69fa505769e1e29cf91ec89f37eff0561ae8b9147745564a718a,2,10:36:00,13:36:00
SPY,20260713,D:\ThetaData\data_underlying_derived\SPY\2026\07\SPY_20260713.parquet,13548,53f12bc5dc39b4a3a0227a50570b4383347519245bdcc5ef64871a3b7d31a731,2,10:36:00,13:36:00
SPY,20260714,D:\ThetaData\data_underlying_derived\SPY\2026\07\SPY_20260714.parquet,12457,bfcb0fa2f2e5af39c3a89d9fe934f5fd8c0eeeaacb2a9b58453db9a2975af4f9,2,10:36:00,13:36:00
SPY,20260715,D:\ThetaData\data_underlying_derived\SPY\2026\07\SPY_20260715.parquet,13177,2e480cfe16d05ab7f806963b69680828e22efe2b1bd99c862cb212471da140c3,2,10:36:00,13:36:00
SPY,20260717,D:\ThetaData\data_underlying_derived\SPY\2026\07\SPY_20260717.parquet,13661,2990464e3826a0fd13494cef4f59c1baf49822c8a5659a84f4657d936f9bb10c,2,10:36:00,13:36:00
SPY,20260720,D:\ThetaData\data_underlying_derived\SPY\2026\07\SPY_20260720.parquet,13695,783d561c9f8ae249cdf2da6be6f0147dcb2bb6e3e511490e27d015589488bcd2,2,10:36:00,13:36:00
SPY,20260721,D:\ThetaData\data_underlying_derived\SPY\2026\07\SPY_20260721.parquet,12438,842c7ba61efc2732cf4df03657f5efd477e246b2154223dc54239c4e291c18e6,2,10:36:00,13:36:00
SPY,20260722,D:\ThetaData\data_underlying_derived\SPY\2026\07\SPY_20260722.parquet,12603,88b16e182278f2d3b737e1abfb8e27abef1395c41807dc0440eeda4a138a520e,2,10:36:00,13:36:00
SPY,20260723,D:\ThetaData\data_underlying_derived\SPY\2026\07\SPY_20260723.parquet,13636,30213f41d7542061797b1632ac3c94bc85862ebd04d4fb23b4bf65a4ba6d74b9,2,10:36:00,13:36:00
SPY,20260724,D:\ThetaData\data_underlying_derived\SPY\2026\07\SPY_20260724.parquet,13811,2af5f2e83f7a6a19d19043090116dc8959086b8543fccdd7974c859e0cb2179e,2,10:36:00,13:36:00
