dir,file,ticker,passed,fold_present,mtime,trades,win_rate,profit_factor,pnl_return,min_month_trades,positive_month_rate,call_rate
event_option_candidate_intraday_circuit_s1_2026janjun_partial_risk5000,intraday_circuit_trades.csv,QQQ,False,True,1781813771.7964196,145,0.43448275862068964,1.2035024756265005,4.650061566619772,11,0.6,0.3448275862068966
event_option_candidate_intraday_circuit_s1_2026janjun_partial_risk5000,intraday_circuit_trades.csv,SPXW,False,True,1781813771.7964196,210,0.5095238095238095,1.4951121374804803,10.63272371923957,24,0.8,0.680952380952381
event_option_candidate_intraday_circuit_s1_2026janjun_partial_risk5000,intraday_circuit_trades.csv,SPY,False,True,1781813771.7964196,129,0.46511627906976744,1.2531974435556,4.4154471236675805,13,0.6,0.34108527131782945
event_option_candidate_intraday_circuit_s2_2026janjun_partial_risk5000,intraday_circuit_trades.csv,QQQ,False,True,1781813561.4390323,133,0.48120300751879697,1.5048921782588827,9.81323030333907,5,0.8,0.3157894736842105
event_option_candidate_intraday_circuit_s2_2026janjun_partial_risk5000,intraday_circuit_trades.csv,SPXW,False,True,1781813561.4390323,224,0.5267857142857143,1.5564769590261793,12.40961634333768,24,0.8,0.6696428571428571
event_option_candidate_intraday_circuit_s2_2026janjun_partial_risk5000,intraday_circuit_trades.csv,SPY,False,True,1781813561.4390323,132,0.45454545454545453,1.1995855961530373,3.636074938583775,13,0.6,0.3409090909090909
event_option_candidate_intraday_circuit_s3_2026janjun_partial_risk5000,intraday_circuit_trades.csv,QQQ,False,True,1781813844.2527473,143,0.4755244755244755,1.4494548470263666,9.544753035350594,5,0.8,0.32167832167832167
event_option_candidate_intraday_circuit_s3_2026janjun_partial_risk5000,intraday_circuit_trades.csv,SPXW,False,True,1781813844.2527473,224,0.5267857142857143,1.5564769590261793,12.40961634333768,24,0.8,0.6696428571428571
event_option_candidate_intraday_circuit_s3_2026janjun_partial_risk5000,intraday_circuit_trades.csv,SPY,False,True,1781813844.2527473,139,0.4460431654676259,1.1590453076851497,3.1360749385837736,13,0.6,0.3237410071942446
event_option_candidate_spxw_maxday7_qqq_outer_spy_junes2_2026janjun_partial_risk5000,combined_trades.csv,QQQ,False,True,1782054076.3657494,198,0.5202020202020202,1.642131346434247,14.414345374570495,10,1.0,0.6464646464646465
event_option_candidate_spxw_maxday7_qqq_outer_spy_junes2_2026janjun_partial_risk5000,combined_trades.csv,SPXW,True,True,1782054076.3657494,302,0.4900662251655629,1.4203506407960294,15.627352979794496,39,1.0,0.5463576158940397
event_option_candidate_spxw_maxday7_qqq_outer_spy_junes2_2026janjun_partial_risk5000,combined_trades.csv,SPY,True,True,1782054076.3657494,135,0.4962962962962963,1.6192099493696714,10.922818677662871,20,1.0,0.26666666666666666
event_option_candidate_spxw_maxday7_qqq_outer_spy_nested_2026janmay_risk5000,combined_trades.csv,QQQ,False,True,1782054070.6986406,188,0.5159574468085106,1.5936816610552922,12.614345374570494,0,0.8,0.6648936170212766
event_option_candidate_spxw_maxday7_qqq_outer_spy_nested_2026janmay_risk5000,combined_trades.csv,SPXW,False,True,1782054070.6986406,263,0.4790874524714829,1.3763241019180337,12.888565564335114,0,0.8,0.5817490494296578
event_option_candidate_spxw_maxday7_qqq_outer_spy_nested_2026janmay_risk5000,combined_trades.csv,SPY,False,True,1782054070.6986406,115,0.5043478260869565,1.453797777321281,6.6633175973383505,0,0.8,0.26956521739130435
event_option_candidate_spxw_outer_s1_qqq_outer_call50_spy_dailyrouter_bftopk_2026janjun_partial_risk5000,combined_trades.csv,QQQ,False,True,1782056583.1322255,198,0.5202020202020202,1.642131346434247,14.414345374570495,10,1.0,0.6464646464646465
event_option_candidate_spxw_outer_s1_qqq_outer_call50_spy_dailyrouter_bftopk_2026janjun_partial_risk5000,combined_trades.csv,SPXW,True,True,1782056583.1322255,205,0.5219512195121951,1.6011293283992665,12.458009587553974,26,1.0,0.6585365853658537
event_option_candidate_spxw_outer_s1_qqq_outer_call50_spy_dailyrouter_bftopk_2026janjun_partial_risk5000,combined_trades.csv,SPY,False,True,1782056583.1322255,121,0.5289256198347108,1.797018685384881,12.888044645403793,19,0.8,0.4132231404958678
event_option_candidate_spxw_outer_s1_qqq_outer_call50_spy_dailyrouter_bftopk_2026janmay_risk5000,combined_trades.csv,QQQ,False,True,1782055966.5236802,188,0.5159574468085106,1.5936816610552922,12.614345374570494,0,0.8,0.6648936170212766
event_option_candidate_spxw_outer_s1_qqq_outer_call50_spy_dailyrouter_bftopk_2026janmay_risk5000,combined_trades.csv,SPXW,False,True,1782055966.5236802,166,0.5120481927710844,1.5461472315118736,9.719222172094591,0,0.8,0.7409638554216867
event_option_candidate_spxw_outer_s1_qqq_outer_call50_spy_dailyrouter_bftopk_2026janmay_risk5000,combined_trades.csv,SPY,False,True,1782055966.5236802,102,0.5490196078431373,2.0125136370743584,13.612637167453569,0,0.8,0.4411764705882353
event_option_candidate_spxw_outer_s1_qqq_outer_call50_spy_dailyrouter_bftopk_janmaynested_2026janmay_risk5000,combined_trades.csv,QQQ,False,True,1782056363.3636796,188,0.5159574468085106,1.5936816610552922,12.614345374570494,0,0.8,0.6648936170212766
event_option_candidate_spxw_outer_s1_qqq_outer_call50_spy_dailyrouter_bftopk_janmaynested_2026janmay_risk5000,combined_trades.csv,SPXW,False,True,1782056363.3636796,166,0.5120481927710844,1.5461472315118736,9.719222172094591,0,0.8,0.7409638554216867
event_option_candidate_spxw_outer_s1_qqq_outer_call50_spy_dailyrouter_bftopk_janmaynested_2026janmay_risk5000,combined_trades.csv,SPY,False,True,1782056363.3636796,102,0.5490196078431373,2.0125136370743584,13.612637167453569,0,0.8,0.4411764705882353
event_option_candidate_spxw_outer_s1_qqq_outer_call50_spy_dailyrouter_srchist10d20t_bftopk_2026janjun_partial_risk5000,combined_trades.csv,QQQ,False,True,1782057546.8510387,198,0.5202020202020202,1.642131346434247,14.414345374570495,10,1.0,0.6464646464646465
event_option_candidate_spxw_outer_s1_qqq_outer_call50_spy_dailyrouter_srchist10d20t_bftopk_2026janjun_partial_risk5000,combined_trades.csv,SPXW,True,True,1782057546.8510387,205,0.5219512195121951,1.6011293283992665,12.458009587553974,26,1.0,0.6585365853658537
event_option_candidate_spxw_outer_s1_qqq_outer_call50_spy_dailyrouter_srchist10d20t_bftopk_2026janjun_partial_risk5000,combined_trades.csv,SPY,False,True,1782057546.8510387,122,0.5081967213114754,1.5859540016152305,11.221379906520392,19,0.8,0.4344262295081967
event_option_candidate_spxw_outer_s1_qqq_outer_call50_spy_dailyrouter_srchist10d20t_bftopk_2026janmay_risk5000,combined_trades.csv,QQQ,False,True,1782056827.8909135,188,0.5159574468085106,1.5936816610552922,12.614345374570494,0,0.8,0.6648936170212766
event_option_candidate_spxw_outer_s1_qqq_outer_call50_spy_dailyrouter_srchist10d20t_bftopk_2026janmay_risk5000,combined_trades.csv,SPXW,False,True,1782056827.8909135,166,0.5120481927710844,1.5461472315118736,9.719222172094591,0,0.8,0.7409638554216867
event_option_candidate_spxw_outer_s1_qqq_outer_call50_spy_dailyrouter_srchist10d20t_bftopk_2026janmay_risk5000,combined_trades.csv,SPY,False,True,1782056827.8909135,103,0.5242718446601942,1.7273176419970004,11.945972428570169,0,0.8,0.46601941747572817
event_option_candidate_spxw_outer_s1_qqq_outer_call50_spy_srchist_relmomtopk2_2026janjun_partial_risk5000,combined_trades.csv,QQQ,False,True,1782074235.919655,198,0.5202020202020202,1.642131346434247,14.414345374570495,10,1.0,0.6464646464646465
event_option_candidate_spxw_outer_s1_qqq_outer_call50_spy_srchist_relmomtopk2_2026janjun_partial_risk5000,combined_trades.csv,SPXW,True,True,1782074235.919655,205,0.5219512195121951,1.6011293283992665,12.458009587553974,26,1.0,0.6585365853658537
event_option_candidate_spxw_outer_s1_qqq_outer_call50_spy_srchist_relmomtopk2_2026janjun_partial_risk5000,combined_trades.csv,SPY,True,True,1782074235.919655,123,0.5121951219512195,1.8361450930926895,16.20547350889469,20,1.0,0.43089430894308944
event_option_candidate_spxw_outer_s1_qqq_outer_call50_spy_srchist_relmomtopk2_2026janmay_risk5000,combined_trades.csv,QQQ,False,True,1782074235.266455,188,0.5159574468085106,1.5936816610552922,12.614345374570494,0,0.8,0.6648936170212766
event_option_candidate_spxw_outer_s1_qqq_outer_call50_spy_srchist_relmomtopk2_2026janmay_risk5000,combined_trades.csv,SPXW,False,True,1782074235.266455,166,0.5120481927710844,1.5461472315118736,9.719222172094591,0,0.8,0.7409638554216867
event_option_candidate_spxw_outer_s1_qqq_outer_call50_spy_srchist_relmomtopk2_2026janmay_risk5000,combined_trades.csv,SPY,False,True,1782074235.266455,103,0.5242718446601942,1.7273176419970004,11.945972428570169,0,0.8,0.46601941747572817
event_option_candidate_spxw_spy_qqq_unionmeta_2025h2_2026jun_with2025h2_risk5000,combined_trades.csv,QQQ,False,False,1782418322.3164532,169,0.4319526627218935,1.2014799211169254,5.450061566619773,14,0.6,0.34911242603550297
event_option_candidate_spxw_spy_qqq_unionmeta_2025h2_2026jun_with2025h2_risk5000,combined_trades.csv,SPXW,False,False,1782418322.3164532,230,0.5217391304347826,1.4989850796718558,11.726310916590537,24,0.8,0.6782608695652174
event_option_candidate_spxw_spy_qqq_unionmeta_2025h2_2026jun_with2025h2_risk5000,combined_trades.csv,SPY,False,False,1782418322.3164532,153,0.43790849673202614,1.137972231410063,3.034727218412015,18,0.6,0.3202614379084967
event_option_current_best_causal_curvehealth_qiq_topk_s2_2026janmay_risk5000,combined_trades.csv,QQQ,False,True,1781986873.3808467,188,0.5159574468085106,1.5936816610552922,12.614345374570494,0,0.8,0.6648936170212766
event_option_current_best_causal_curvehealth_qiq_topk_s2_2026janmay_risk5000,combined_trades.csv,SPXW,False,True,1781986873.3808467,263,0.4790874524714829,1.3763241019180337,12.888565564335114,0,0.8,0.5817490494296578
event_option_current_best_causal_curvehealth_qiq_topk_s2_2026janmay_risk5000,combined_trades.csv,SPY,False,True,1781986873.3808467,115,0.5043478260869565,1.453797777321281,6.6633175973383505,0,0.8,0.26956521739130435
event_option_current_best_causal_curvehealth_qqq_topk_s2_2026janmay_risk5000,combined_trades.csv,QQQ,False,True,1781986900.412092,188,0.5159574468085106,1.5936816610552922,12.614345374570494,0,0.8,0.6648936170212766
event_option_current_best_causal_curvehealth_qqq_topk_s2_2026janmay_risk5000,combined_trades.csv,SPXW,False,True,1781986900.412092,263,0.4790874524714829,1.3763241019180337,12.888565564335114,0,0.8,0.5817490494296578
event_option_current_best_causal_curvehealth_qqq_topk_s2_2026janmay_risk5000,combined_trades.csv,SPY,False,True,1781986900.412092,115,0.5043478260869565,1.453797777321281,6.6633175973383505,0,0.8,0.26956521739130435
event_option_current_best_causal_nestedbackfill_curvehealth_2026janmay_risk5000,combined_trades.csv,QQQ,False,True,1781969988.0828254,123,0.5528455284552846,1.8261964458107638,11.68723077956854,0,0.8,0.6504065040650406
event_option_current_best_causal_nestedbackfill_curvehealth_2026janmay_risk5000,combined_trades.csv,SPXW,False,True,1781969988.0828254,263,0.4790874524714829,1.3763241019180337,12.888565564335114,0,0.8,0.5817490494296578
event_option_current_best_causal_nestedbackfill_curvehealth_2026janmay_risk5000,combined_trades.csv,SPY,False,True,1781969988.0828254,115,0.5043478260869565,1.453797777321281,6.6633175973383505,0,0.8,0.26956521739130435
event_option_current_best_causal_nestedbackfill_spxwrouter_2026janmay_risk5000,combined_trades.csv,QQQ,False,True,1781969803.417769,151,0.5298013245033113,1.6045246792490993,11.23173225529273,0,0.8,0.6291390728476821
event_option_current_best_causal_nestedbackfill_spxwrouter_2026janmay_risk5000,combined_trades.csv,SPXW,False,True,1781969803.417769,264,0.4772727272727273,1.3759724886681883,12.989315056929449,0,0.8,0.5833333333333334
event_option_current_best_causal_nestedbackfill_spxwrouter_2026janmay_risk5000,combined_trades.csv,SPY,False,True,1781969803.417769,115,0.5043478260869565,1.453797777321281,6.6633175973383505,0,0.8,0.26956521739130435
event_option_current_best_causal_qqqbackfill_d65_spxwrouter_spybackfill_m19_2026janjun_risk5000,combined_trades.csv,QQQ,False,True,1781968597.499629,161,0.5341614906832298,1.6588523135409343,13.03173225529273,10,1.0,0.6086956521739131
event_option_current_best_causal_qqqbackfill_d65_spxwrouter_spybackfill_m19_2026janjun_risk5000,combined_trades.csv,SPXW,True,True,1781968597.499629,306,0.49019607843137253,1.4223871808535586,15.89992450316814,42,1.0,0.5424836601307189
event_option_current_best_causal_qqqbackfill_d65_spxwrouter_spybackfill_m19_2026janjun_risk5000,combined_trades.csv,SPY,False,True,1781968597.499629,137,0.49635036496350365,1.3468305172288153,6.142149729467333,19,0.8,0.27007299270072993
event_option_current_best_causal_qqqbackfill_d65_spxwrouter_spybackfill_m19_2026janmay_risk5000,combined_trades.csv,QQQ,False,True,1781968548.9964862,151,0.5298013245033113,1.6045246792490993,11.23173225529273,0,0.8,0.6291390728476821
event_option_current_best_causal_qqqbackfill_d65_spxwrouter_spybackfill_m19_2026janmay_risk5000,combined_trades.csv,SPXW,False,True,1781968548.9964862,264,0.4772727272727273,1.3759724886681883,12.989315056929449,0,0.8,0.5833333333333334
event_option_current_best_causal_qqqbackfill_d65_spxwrouter_spybackfill_m19_2026janmay_risk5000,combined_trades.csv,SPY,False,True,1781968548.9964862,114,0.5087719298245614,1.4841200777086019,6.96331759733835,0,0.8,0.2719298245614035
event_option_current_best_causal_qqqbalanced_spxwrouter_spy2025h2circuit_2026janjun_risk5000,combined_trades.csv,QQQ,False,True,1781952652.181221,152,0.5394736842105263,1.701665993891605,13.029347291454252,10,1.0,0.6118421052631579
event_option_current_best_causal_qqqbalanced_spxwrouter_spy2025h2circuit_2026janjun_risk5000,combined_trades.csv,SPXW,True,True,1781952652.181221,306,0.49019607843137253,1.4223871808535586,15.89992450316814,42,1.0,0.5424836601307189
event_option_current_best_causal_qqqbalanced_spxwrouter_spy2025h2circuit_2026janjun_risk5000,combined_trades.csv,SPY,False,True,1781952652.181221,150,0.49333333333333335,1.7181822044013744,19.00105098437404,20,0.8,0.5933333333333334
event_option_current_best_causal_qqqbalanced_spxwrouter_spy2025h2circuit_2026janmay_risk5000,combined_trades.csv,QQQ,False,True,1781952666.5372152,142,0.5352112676056338,1.646510714566215,11.229347291454252,0,0.8,0.6338028169014085
event_option_current_best_causal_qqqbalanced_spxwrouter_spy2025h2circuit_2026janmay_risk5000,combined_trades.csv,SPXW,False,True,1781952666.5372152,264,0.4772727272727273,1.3759724886681883,12.989315056929449,0,0.8,0.5833333333333334
event_option_current_best_causal_qqqbalanced_spxwrouter_spy2025h2circuit_2026janmay_risk5000,combined_trades.csv,SPY,False,True,1781952666.5372152,130,0.5,1.6272821345818882,14.741549904049515,0,0.6,0.6461538461538462
event_option_current_best_causal_qqqbalanced_spxwrouter_spybackfill_m18_2026janjun_risk5000,combined_trades.csv,QQQ,False,True,1781953134.656031,152,0.5394736842105263,1.701665993891605,13.029347291454252,10,1.0,0.6118421052631579
event_option_current_best_causal_qqqbalanced_spxwrouter_spybackfill_m18_2026janjun_risk5000,combined_trades.csv,SPXW,True,True,1781953134.656031,306,0.49019607843137253,1.4223871808535586,15.89992450316814,42,1.0,0.5424836601307189
event_option_current_best_causal_qqqbalanced_spxwrouter_spybackfill_m18_2026janjun_risk5000,combined_trades.csv,SPY,False,True,1781953134.656031,137,0.49635036496350365,1.3468305172288153,6.142149729467333,19,0.8,0.27007299270072993
event_option_current_best_causal_qqqbalanced_spxwrouter_spybackfill_m18_2026janmay_risk5000,combined_trades.csv,QQQ,False,True,1781953107.9303737,142,0.5352112676056338,1.646510714566215,11.229347291454252,0,0.8,0.6338028169014085
event_option_current_best_causal_qqqbalanced_spxwrouter_spybackfill_m18_2026janmay_risk5000,combined_trades.csv,SPXW,False,True,1781953107.9303737,264,0.4772727272727273,1.3759724886681883,12.989315056929449,0,0.8,0.5833333333333334
event_option_current_best_causal_qqqbalanced_spxwrouter_spybackfill_m18_2026janmay_risk5000,combined_trades.csv,SPY,False,True,1781953107.9303737,114,0.5087719298245614,1.4841200777086019,6.96331759733835,0,0.8,0.2719298245614035
event_option_current_best_causal_qqqbalanced_spxwrouter_spywincls_2026janmay_risk5000,combined_trades.csv,QQQ,False,True,1781952865.139475,142,0.5352112676056338,1.646510714566215,11.229347291454252,0,0.8,0.6338028169014085
event_option_current_best_causal_qqqbalanced_spxwrouter_spywincls_2026janmay_risk5000,combined_trades.csv,SPXW,False,True,1781952865.139475,264,0.4772727272727273,1.3759724886681883,12.989315056929449,0,0.8,0.5833333333333334
event_option_current_best_causal_qqqbalanced_spxwrouter_spywincls_2026janmay_risk5000,combined_trades.csv,SPY,False,True,1781952865.139475,106,0.4811320754716981,1.4238842812529513,5.714826199586766,0,0.8,0.24528301886792453
event_option_current_best_causal_qqqcircuit_sidecircuits_spydd25_tdvp_meta_2026janjun_risk5000,combined_trades.csv,QQQ,False,False,1781903098.8779018,172,0.5058139534883721,1.5704340905462784,14.12381612850789,10,0.8,0.38953488372093026
event_option_current_best_causal_qqqcircuit_sidecircuits_spydd25_tdvp_meta_2026janjun_risk5000,combined_trades.csv,SPXW,True,False,1781903098.8779018,202,0.5594059405940595,1.8358239988532152,15.160289242797287,23,1.0,0.6386138613861386
event_option_current_best_causal_qqqcircuit_sidecircuits_spydd25_tdvp_meta_2026janjun_risk5000,combined_trades.csv,SPY,False,False,1781903098.8779018,163,0.4785276073619632,1.55265082588184,16.892279302723026,20,0.8,0.5828220858895705
event_option_current_best_causal_qqqcircuit_spxwmeta_spy2025h2circuit_2026janjun_risk5000,combined_trades.csv,QQQ,False,False,1781951450.259622,172,0.5058139534883721,1.5704340905462784,14.12381612850789,10,0.8,0.38953488372093026
event_option_current_best_causal_qqqcircuit_spxwmeta_spy2025h2circuit_2026janjun_risk5000,combined_trades.csv,SPXW,True,False,1781951450.259622,202,0.5594059405940595,1.8358239988532152,15.160289242797287,23,1.0,0.6386138613861386
event_option_current_best_causal_qqqcircuit_spxwmeta_spy2025h2circuit_2026janjun_risk5000,combined_trades.csv,SPY,False,False,1781951450.259622,150,0.49333333333333335,1.7181822044013744,19.00105098437404,20,0.8,0.5933333333333334
event_option_current_best_causal_qqqcurrent_spxwrouter_spy2025h2circuit_2026janjun_risk5000,combined_trades.csv,QQQ,False,True,1781952439.298728,172,0.5058139534883721,1.5704340905462784,14.12381612850789,10,0.8,0.38953488372093026
event_option_current_best_causal_qqqcurrent_spxwrouter_spy2025h2circuit_2026janjun_risk5000,combined_trades.csv,SPXW,True,True,1781952439.298728,306,0.49019607843137253,1.4223871808535586,15.89992450316814,42,1.0,0.5424836601307189
event_option_current_best_causal_qqqcurrent_spxwrouter_spy2025h2circuit_2026janjun_risk5000,combined_trades.csv,SPY,False,True,1781952439.298728,150,0.49333333333333335,1.7181822044013744,19.00105098437404,20,0.8,0.5933333333333334
event_option_current_best_causal_qqqcurrent_spxwrouter_spy2025h2circuit_2026janmay_risk5000,combined_trades.csv,QQQ,False,True,1781952456.4410987,162,0.5,1.5230873144999777,12.323816128507893,0,0.6,0.3950617283950617
event_option_current_best_causal_qqqcurrent_spxwrouter_spy2025h2circuit_2026janmay_risk5000,combined_trades.csv,SPXW,False,True,1781952456.4410987,264,0.4772727272727273,1.3759724886681883,12.989315056929449,0,0.8,0.5833333333333334
event_option_current_best_causal_qqqcurrent_spxwrouter_spy2025h2circuit_2026janmay_risk5000,combined_trades.csv,SPY,False,True,1781952456.4410987,130,0.5,1.6272821345818882,14.741549904049515,0,0.6,0.6461538461538462
event_option_current_best_causal_spxw_outer_s1_qqq_outer_call50_2026janmay_risk5000,combined_trades.csv,QQQ,False,True,1782035001.4094205,188,0.5159574468085106,1.5936816610552922,12.614345374570494,0,0.8,0.6648936170212766
event_option_current_best_causal_spxw_outer_s1_qqq_outer_call50_2026janmay_risk5000,combined_trades.csv,SPXW,False,True,1782035001.4094205,166,0.5120481927710844,1.5461472315118736,9.719222172094591,0,0.8,0.7409638554216867
event_option_current_best_causal_spxw_outer_s1_qqq_outer_call50_2026janmay_risk5000,combined_trades.csv,SPY,False,True,1782035001.4094205,115,0.5043478260869565,1.453797777321281,6.6633175973383505,0,0.8,0.26956521739130435
event_option_current_best_causal_spxw_outer_s1_qqq_outer_call50_spy_junes2_2026janjun_partial_risk5000,combined_trades.csv,QQQ,False,True,1782035339.6023412,198,0.5202020202020202,1.642131346434247,14.414345374570495,10,1.0,0.6464646464646465
event_option_current_best_causal_spxw_outer_s1_qqq_outer_call50_spy_junes2_2026janjun_partial_risk5000,combined_trades.csv,SPXW,True,True,1782035339.6023412,205,0.5219512195121951,1.6011293283992665,12.458009587553974,26,1.0,0.6585365853658537
event_option_current_best_causal_spxw_outer_s1_qqq_outer_call50_spy_junes2_2026janjun_partial_risk5000,combined_trades.csv,SPY,True,True,1782035339.6023412,135,0.4962962962962963,1.6192099493696714,10.922818677662871,20,1.0,0.26666666666666666
event_option_current_best_causal_spxw_s1m19_qqq_outerselector_call50_2026janmay_risk5000,combined_trades.csv,QQQ,False,True,1782034516.2865455,188,0.5159574468085106,1.5936816610552922,12.614345374570494,0,0.8,0.6648936170212766
event_option_current_best_causal_spxw_s1m19_qqq_outerselector_call50_2026janmay_risk5000,combined_trades.csv,SPXW,False,True,1782034516.2865455,118,0.5254237288135594,1.668629802108184,8.521061125895955,0,0.8,0.6101694915254238
event_option_current_best_causal_spxw_s1m19_qqq_outerselector_call50_2026janmay_risk5000,combined_trades.csv,SPY,False,True,1782034516.2865455,115,0.5043478260869565,1.453797777321281,6.6633175973383505,0,0.8,0.26956521739130435
event_option_current_best_causal_spxw_s1m19_qqq_recenttopk_2026janjun_partial_risk5000,combined_trades.csv,QQQ,False,True,1781988214.22667,198,0.5202020202020202,1.642131346434247,14.414345374570495,10,1.0,0.6464646464646465
event_option_current_best_causal_spxw_s1m19_qqq_recenttopk_2026janjun_partial_risk5000,combined_trades.csv,SPXW,True,True,1781988214.22667,153,0.5294117647058824,1.654408418550937,10.05984854135534,22,1.0,0.5424836601307189
event_option_current_best_causal_spxw_s1m19_qqq_recenttopk_2026janjun_partial_risk5000,combined_trades.csv,SPY,False,True,1781988214.22667,137,0.49635036496350365,1.3468305172288153,6.142149729467333,20,0.8,0.27007299270072993
event_option_current_best_causal_spxw_s1m19_qqq_recenttopk_2026janmay_risk5000,combined_trades.csv,QQQ,False,True,1782034209.2006838,188,0.5159574468085106,1.5936816610552922,12.614345374570494,0,0.8,0.6648936170212766
event_option_current_best_causal_spxw_s1m19_qqq_recenttopk_2026janmay_risk5000,combined_trades.csv,SPXW,False,True,1782034209.2006838,118,0.5254237288135594,1.668629802108184,8.521061125895955,0,0.8,0.6101694915254238
event_option_current_best_causal_spxw_s1m19_qqq_recenttopk_2026janmay_risk5000,combined_trades.csv,SPY,False,True,1782034209.2006838,115,0.5043478260869565,1.453797777321281,6.6633175973383505,0,0.8,0.26956521739130435
event_option_current_best_causal_spxw_s1m19_qqq_recenttopk_spy_junes2_2026janjun_partial_risk5000,combined_trades.csv,QQQ,False,True,1781988337.4003997,198,0.5202020202020202,1.642131346434247,14.414345374570495,10,1.0,0.6464646464646465
event_option_current_best_causal_spxw_s1m19_qqq_recenttopk_spy_junes2_2026janjun_partial_risk5000,combined_trades.csv,SPXW,True,True,1781988337.4003997,153,0.5294117647058824,1.654408418550937,10.05984854135534,22,1.0,0.5424836601307189
event_option_current_best_causal_spxw_s1m19_qqq_recenttopk_spy_junes2_2026janjun_partial_risk5000,combined_trades.csv,SPY,True,True,1781988337.4003997,135,0.4962962962962963,1.6192099493696714,10.922818677662871,20,1.0,0.26666666666666666
event_option_current_best_causal_spxw_s1m19_qqq_topk_s2_2026janmay_risk5000,combined_trades.csv,QQQ,False,True,1781987703.2436378,188,0.5159574468085106,1.5936816610552922,12.614345374570494,0,0.8,0.6648936170212766
event_option_current_best_causal_spxw_s1m19_qqq_topk_s2_2026janmay_risk5000,combined_trades.csv,SPXW,False,True,1781987703.2436378,118,0.5254237288135594,1.668629802108184,8.521061125895955,0,0.8,0.6101694915254238
event_option_current_best_causal_spxw_s1m19_qqq_topk_s2_2026janmay_risk5000,combined_trades.csv,SPY,False,True,1781987703.2436378,115,0.5043478260869565,1.453797777321281,6.6633175973383505,0,0.8,0.26956521739130435
event_option_current_best_plus_qqq_full20familyselector_partialonly_2026janjun_diag_risk5000,combined_trades.csv,QQQ,True,True,1782371885.2329133,207,0.5169082125603864,1.6227892878485513,14.914345374570493,19,1.0,0.6183574879227053
event_option_current_best_plus_qqq_full20familyselector_partialonly_2026janjun_diag_risk5000,combined_trades.csv,SPXW,True,True,1782371885.2329133,205,0.5219512195121951,1.6011293283992665,12.458009587553974,26,1.0,0.6585365853658537
event_option_current_best_plus_qqq_full20familyselector_partialonly_2026janjun_diag_risk5000,combined_trades.csv,SPY,True,True,1782371885.2329133,135,0.4962962962962963,1.6192099493696714,10.922818677662871,20,1.0,0.26666666666666666
event_option_current_best_plus_qqq_full20win65_autopartial19_2026janjun_diag_risk5000,combined_trades.csv,QQQ,True,True,1782370117.5368168,212,0.5141509433962265,1.6042559377802335,15.014345374570494,19,1.0,0.6037735849056604
event_option_current_best_plus_qqq_full20win65_autopartial19_2026janjun_diag_risk5000,combined_trades.csv,SPXW,True,True,1782370117.5368168,205,0.5219512195121951,1.6011293283992665,12.458009587553974,26,1.0,0.6585365853658537
event_option_current_best_plus_qqq_full20win65_autopartial19_2026janjun_diag_risk5000,combined_trades.csv,SPY,True,True,1782370117.5368168,135,0.4962962962962963,1.6192099493696714,10.922818677662871,20,1.0,0.26666666666666666
event_option_current_best_plus_qqq_full20win65_backfill_t28_2026janjun_diag_risk5000,combined_trades.csv,QQQ,True,True,1782369316.7924154,214,0.514018691588785,1.6050004690628077,15.214345374570497,19,1.0,0.5981308411214953
event_option_current_best_plus_qqq_full20win65_backfill_t28_2026janjun_diag_risk5000,combined_trades.csv,SPXW,True,True,1782369316.7924154,205,0.5219512195121951,1.6011293283992665,12.458009587553974,26,1.0,0.6585365853658537
event_option_current_best_plus_qqq_full20win65_backfill_t28_2026janjun_diag_risk5000,combined_trades.csv,SPY,True,True,1782369316.7924154,135,0.4962962962962963,1.6192099493696714,10.922818677662871,20,1.0,0.26666666666666666
event_option_daily_router_d80_d65_minmonth18_qqq_2026janjun_v1,daily_source_router_trades.csv,QQQ,False,True,1782233692.3699715,187,0.5294117647058824,1.146736985440744,2.6904829805112125,19,0.6,0.6363636363636364
event_option_daily_router_d80_d65_minmonth18_spxw_2026janjun_v1,daily_source_router_trades.csv,SPXW,False,True,1782233692.3785474,116,0.46551724137931033,1.2188957464310133,3.1360849512746007,16,0.4,0.5775862068965517
event_option_daily_router_d80_d65_minmonth18_spy_2026janjun_v1,daily_source_router_trades.csv,SPY,False,True,1782233692.3316493,123,0.4715447154471545,1.158146565909626,2.162866232936352,15,0.4,0.5934959349593496
event_option_daily_source_router_full20_6variants_2025hist_2025h2_2026junjun_qqq_v1,daily_source_router_trades.csv,QQQ,False,True,1782428584.7145011,174,0.5229885057471264,1.3618116517544012,6.354550935311005,17,1.0,0.6206896551724138
event_option_daily_source_router_full20_6variants_2025hist_2025h2_2026junjun_spy_v1,daily_source_router_trades.csv,SPY,False,True,1782427664.9431493,70,0.44285714285714284,1.124781315936716,1.0213652060147662,0,0.4,0.5142857142857142
event_option_daily_source_router_full20_6variants_2025hist_2026janjun_qqq_v1,daily_source_router_trades.csv,QQQ,False,True,1782246128.2184339,174,0.5229885057471264,1.3618116517544012,6.354550935311005,17,1.0,0.6206896551724138
event_option_daily_source_router_full20_6variants_2025hist_2026janjun_spxw_v1,daily_source_router_trades.csv,SPXW,False,True,1782246127.954444,50,0.46,1.2852840397167953,1.9433004277544652,1,0.6,0.48
event_option_daily_source_router_full20_6variants_2025hist_2026janjun_spy_v1,daily_source_router_trades.csv,SPY,False,True,1782246127.9584732,70,0.44285714285714284,1.124781315936716,1.0213652060147662,0,0.4,0.5142857142857142
event_option_delta_ranker_rawhist2024_same_side_2025h2_2026jun_candidate_with2025h2_risk5000_n120_combined,combined_trades.csv,QQQ,False,True,1782419652.6698003,169,0.4319526627218935,1.2014799211169254,5.450061566619773,14,0.6,0.34911242603550297
event_option_delta_ranker_rawhist2024_same_side_2025h2_2026jun_candidate_with2025h2_risk5000_n120_combined,combined_trades.csv,SPXW,False,True,1782419652.6698003,230,0.5521739130434783,1.470436265913879,6.734514860100356,24,0.8,0.6782608695652174
event_option_delta_ranker_rawhist2024_same_side_2025h2_2026jun_candidate_with2025h2_risk5000_n120_combined,combined_trades.csv,SPY,False,True,1782419652.6698003,153,0.42483660130718953,1.1309991024144095,2.2180237528260096,18,0.8,0.3202614379084967
event_option_gate_full19_physics_pooled_2026_janjun_d35_win_v1,event_option_gate_trades.csv,QQQ,False,True,1782215002.3492837,68,0.5735294117647058,2.0828919155545553,6.0517100357534,1,1.0,0.5882352941176471
event_option_gate_full19_physics_pooled_2026_janjun_d35_win_v1,event_option_gate_trades.csv,SPXW,False,True,1782215002.3492837,100,0.41,0.8660847312948645,-1.6994611173083545,16,0.6,0.68
event_option_gate_full19_physics_pooled_2026_janjun_d35_win_v1,event_option_gate_trades.csv,SPY,False,True,1782215002.3492837,139,0.39568345323741005,0.8623646386876322,-2.563796655306313,6,0.8,0.5827338129496403
event_option_gate_full19_physics_pooled_2026_janjun_d65_win_maxday2_v1,event_option_gate_trades.csv,QQQ,False,True,1782217245.11618,68,0.6323529411764706,2.37333070868273,5.445595116491906,3,0.8,0.6617647058823529
event_option_gate_full19_physics_pooled_2026_janjun_d65_win_maxday2_v1,event_option_gate_trades.csv,SPXW,False,True,1782217245.11618,105,0.5142857142857142,1.3576958294493482,3.458954785525316,5,0.6,0.6666666666666666
event_option_gate_full19_physics_pooled_2026_janjun_d65_win_maxday2_v1,event_option_gate_trades.csv,SPY,False,True,1782217245.11618,72,0.5694444444444444,1.6249957580834684,3.4758235253505894,4,0.8,0.6805555555555556
event_option_gate_full19_physics_pooled_2026_janjun_d65_win_v1,event_option_gate_trades.csv,QQQ,False,True,1782215862.9798136,223,0.5291479820627802,1.4818212550498828,8.51830891939602,3,0.8,0.5515695067264574
event_option_gate_full19_physics_pooled_2026_janjun_d65_win_v1,event_option_gate_trades.csv,SPXW,False,True,1782215862.9798136,142,0.45774647887323944,1.0136441353683967,0.2054007205369941,12,0.6,0.6126760563380281
event_option_gate_full19_physics_pooled_2026_janjun_d65_win_v1,event_option_gate_trades.csv,SPY,False,True,1782215862.9798136,82,0.5365853658536586,1.3433776723309643,2.5597902561408357,4,0.8,0.5975609756097561
event_option_gate_full19_physics_pooled_2026_janjun_d80_win_v1,event_option_gate_trades.csv,QQQ,False,True,1782215934.726718,109,0.5229357798165137,1.4805722848278604,4.541195096104766,5,1.0,0.44036697247706424
event_option_gate_full19_physics_pooled_2026_janjun_d80_win_v1,event_option_gate_trades.csv,SPXW,False,True,1782215934.726718,41,0.6341463414634146,2.2568299539130563,3.745730715235192,0,0.6,0.43902439024390244
event_option_gate_full19_physics_pooled_2026_janjun_d80_win_v1,event_option_gate_trades.csv,SPY,False,True,1782215934.726718,80,0.4875,1.0833393345593798,0.6170762146997888,3,0.6,0.5625
event_option_gate_full20_physics_pooled_2026_janjun_d50_return_minmonth18_v1,event_option_gate_trades.csv,QQQ,False,True,1782236242.6373267,147,0.3945578231292517,0.764253286790631,-4.963292850807086,17,0.6,0.5034013605442177
event_option_gate_full20_physics_pooled_2026_janjun_d50_return_minmonth18_v1,event_option_gate_trades.csv,SPXW,False,True,1782236242.6373267,181,0.44751381215469616,1.0813885769775056,2.0359666818451423,21,0.8,0.4088397790055249
event_option_gate_full20_physics_pooled_2026_janjun_d50_return_minmonth18_v1,event_option_gate_trades.csv,SPY,False,True,1782236242.6373267,115,0.4608695652173913,1.1232042452657318,1.8749169195401452,0,0.4,0.46956521739130436
event_option_gate_full20_physics_pooled_2026_janjun_d65_return_minmonth18_v1,event_option_gate_trades.csv,QQQ,False,True,1782236241.470327,238,0.4495798319327731,1.199526427329282,6.026310647457356,19,1.0,0.5630252100840336
event_option_gate_full20_physics_pooled_2026_janjun_d65_return_minmonth18_v1,event_option_gate_trades.csv,SPXW,False,True,1782236241.470327,210,0.44285714285714284,1.1955203272025678,5.686717831481544,0,0.6,0.5666666666666667
event_option_gate_full20_physics_pooled_2026_janjun_d65_return_minmonth18_v1,event_option_gate_trades.csv,SPY,False,True,1782236241.470327,202,0.4306930693069307,1.0673225428755806,1.9646860951758258,0,0.6,0.5346534653465347
event_option_gate_full20_physics_pooled_2026_janjun_d65_win_fullgrid_call05_minmonth18_v1,event_option_gate_trades.csv,QQQ,False,True,1782231136.0330772,264,0.4810606060606061,1.08500207516675,2.119675306365431,26,0.8,0.5378787878787878
event_option_gate_full20_physics_pooled_2026_janjun_d65_win_fullgrid_call05_minmonth18_v1,event_option_gate_trades.csv,SPXW,False,True,1782231136.0330772,244,0.45491803278688525,0.9170236729337119,-1.9273331169435552,15,0.6,0.6598360655737705
event_option_gate_full20_physics_pooled_2026_janjun_d65_win_fullgrid_call05_minmonth18_v1,event_option_gate_trades.csv,SPY,False,True,1782231136.0330772,181,0.5193370165745856,1.147247718504632,2.534619110741169,20,0.6,0.6077348066298343
event_option_gate_full20_physics_pooled_2026_janjun_d80_return_front_weekly_minmonth18_v1,event_option_gate_trades.csv,QQQ,False,True,1782238316.0677786,220,0.4954545454545455,1.0328587274360324,0.5231305475191865,15,0.8,0.6454545454545455
event_option_gate_full20_physics_pooled_2026_janjun_d80_return_front_weekly_minmonth18_v1,event_option_gate_trades.csv,SPXW,False,True,1782238316.0677786,239,0.5062761506276151,1.0051130887820856,0.09235873581066478,19,0.6,0.6359832635983264
event_option_gate_full20_physics_pooled_2026_janjun_d80_return_front_weekly_minmonth18_v1,event_option_gate_trades.csv,SPY,False,True,1782238316.0677786,219,0.4840182648401826,1.1298838081523035,2.118309460386243,16,0.8,0.6027397260273972
event_option_gate_full20_physics_pooled_2026_janjun_d80_return_fullgrid_call05_minmonth18_v1,event_option_gate_trades.csv,QQQ,False,True,1782228384.501016,262,0.5152671755725191,1.3888644868906035,10.649365961532215,34,0.6,0.6068702290076335
event_option_gate_full20_physics_pooled_2026_janjun_d80_return_fullgrid_call05_minmonth18_v1,event_option_gate_trades.csv,SPXW,False,True,1782228384.501016,112,0.5089285714285714,1.5141452192940017,6.725218037501945,19,0.8,0.5178571428571429
event_option_gate_full20_physics_pooled_2026_janjun_d80_return_fullgrid_call05_minmonth18_v1,event_option_gate_trades.csv,SPY,False,True,1782228384.501016,149,0.48322147651006714,1.2948925591353055,4.818927841190286,19,0.6,0.5838926174496645
event_option_gate_full20_physics_pooled_2026_janjun_d80_return_fullgrid_call05_presel2025_v1,event_option_gate_trades.csv,QQQ,False,True,1782227344.9354448,180,0.4777777777777778,1.1930131769730856,4.162683726691213,9,0.6,0.5111111111111111
event_option_gate_full20_physics_pooled_2026_janjun_d80_return_fullgrid_call05_presel2025_v1,event_option_gate_trades.csv,SPXW,False,True,1782227344.9354448,63,0.49206349206349204,1.7488061266870558,5.756865291399676,4,0.8,0.4444444444444444
event_option_gate_full20_physics_pooled_2026_janjun_d80_return_fullgrid_call05_presel2025_v1,event_option_gate_trades.csv,SPY,False,True,1782227344.9354448,98,0.47959183673469385,1.3407087845384138,4.166081930700766,4,0.6,0.47959183673469385
event_option_gate_full20_physics_pooled_2026_janjun_d80_return_zero_dte_minmonth18_v1,event_option_gate_trades.csv,QQQ,False,True,1782238299.6232793,165,0.42424242424242425,1.1205360289498245,3.1530458773162047,0,0.6,0.696969696969697
event_option_gate_full20_physics_pooled_2026_janjun_d80_return_zero_dte_minmonth18_v1,event_option_gate_trades.csv,SPXW,False,True,1782238299.6232793,108,0.5,1.5964841490407955,9.42884969907458,0,0.8,0.6851851851851852
event_option_gate_full20_physics_pooled_2026_janjun_d80_return_zero_dte_minmonth18_v1,event_option_gate_trades.csv,SPY,False,True,1782238299.6232793,229,0.4672489082969432,1.3259119555685166,11.385140913151286,16,0.8,0.6899563318777293
event_option_gate_ptdj_oof_core_2026_janjun_d80_return_minmonth18_rerun_v2,event_option_gate_trades.csv,QQQ,False,True,1782234708.6669588,267,0.3970037453183521,1.0159380810101917,0.5006862933267981,0,0.4,0.5093632958801498
event_option_gate_ptdj_oof_core_2026_janjun_d80_return_minmonth18_rerun_v2,event_option_gate_trades.csv,SPXW,False,True,1782234708.6669588,315,0.44761904761904764,1.0466584210011074,1.8468274382574235,22,0.6,0.5174603174603175
event_option_gate_ptdj_oof_core_2026_janjun_d80_return_minmonth18_rerun_v2,event_option_gate_trades.csv,SPY,False,True,1782234708.6669588,353,0.43059490084985835,1.0541965099949644,2.0911045723689283,30,0.4,0.5212464589235127
event_option_gate_ptdj_oof_core_2026_janjun_d80_return_minmonth18_v1,event_option_gate_trades.csv,SPXW,False,True,1782233867.355787,315,0.44761904761904764,1.0466584210011074,1.8468274382574235,22,0.6,0.5174603174603175
event_option_gate_ptdj_oof_core_2026_janjun_d80_return_minmonth18_v1,event_option_gate_trades.csv,SPY,False,True,1782233867.355787,273,0.3992673992673993,0.8903088020777395,-3.4190824240499724,0,0.2,0.5604395604395604
event_option_gate_qqq_alltrain_zero_dte_delta80_wincls_physics_2025h2_2026jun,event_option_gate_trades.csv,QQQ,False,True,1782159812.7019696,191,0.4031413612565445,1.0499125195363845,1.6528412638410288,18,0.6,0.3507853403141361
event_option_gate_qqq_alltrain_zero_dte_delta80_wincls_physics_ptdj_v1_2025h2_2026jun,event_option_gate_trades.csv,QQQ,False,True,1782159820.551653,203,0.46798029556650245,1.3557112570668612,10.90280230225191,18,0.8,0.35467980295566504
event_option_gate_qqq_front_weekly_delta35_wincls_min18_2025h2_2026jun,event_option_gate_trades.csv,QQQ,False,True,1781986659.034291,129,0.3953488372093023,1.0018418562231648,0.028760254227900184,11,0.4,0.627906976744186
event_option_gate_qqq_full20_delta65_return_2026janjun_v1,event_option_gate_trades.csv,QQQ,False,True,1782368970.6110399,201,0.3383084577114428,0.8072538735126444,-7.607133720033843,0,0.0,0.6069651741293532
event_option_gate_qqq_full20_delta65_win_qqqonly_2026janjun_v1,event_option_gate_trades.csv,QQQ,False,True,1782369115.9778144,182,0.42857142857142855,1.2098137190006506,6.489272294274977,13,1.0,0.4175824175824176
event_option_gate_qqq_zero_dte_delta80_win_tdvp_only_v1_2025h2_2026jun,event_option_gate_trades.csv,QQQ,False,True,1781854315.9436152,115,0.3391304347826087,0.7759832551492227,-4.886304161985931,0,0.4,0.782608695652174
event_option_gate_qqq_zero_dte_delta80_win_tdvp_v1_2025h2_2026jun,event_option_gate_trades.csv,QQQ,False,True,1782159814.542747,143,0.38461538461538464,0.8808192074304552,-3.0619627342428153,18,0.4,0.5874125874125874
event_option_gate_spxw_front_weekly_delta35_return_tdvp_only_v1_2025h2_2026jun,event_option_gate_trades.csv,SPXW,False,True,1781854344.80496,36,0.5555555555555556,1.9109371323895497,2.5374851088446406,0,0.2,0.3888888888888889
event_option_gate_spxw_front_weekly_delta35_return_tdvp_v1_2025h2_2026jun,event_option_gate_trades.csv,SPXW,False,True,1781853739.6451766,244,0.4918032786885246,1.570207067211326,13.140095636142284,16,0.6,0.889344262295082
event_option_gate_spxw_front_weekly_delta35_return_vol25_2025h2_2026jun,event_option_gate_trades.csv,SPXW,False,True,1781811757.4928381,230,0.5217391304347826,1.4989850796718558,11.726310916590537,24,0.8,0.6782608695652174
event_option_gate_spxw_front_weekly_delta35_return_vol25_all13_2025h2_2026jun,event_option_gate_trades.csv,SPXW,False,True,1781855520.7587523,177,0.3954802259887006,0.6447993270378756,-7.662813872927039,0,0.2,0.9717514124293786
event_option_gate_spy_mixed_delta35_wincls_min18_2025h2_2026jun,event_option_gate_trades.csv,SPY,False,True,1781951795.6405835,128,0.4765625,1.3146153708834916,5.193658331715748,13,0.8,0.25
event_option_gate_spy_mixed_delta35_win_ptdj_2025h2_2026jun,event_option_gate_trades.csv,SPY,False,True,1781812152.3187573,153,0.43790849673202614,1.137972231410063,3.034727218412015,18,0.6,0.3202614379084967
event_option_gate_spy_mixed_delta35_win_ptdj_all13_2025h2_2026jun,event_option_gate_trades.csv,SPY,False,True,1781855537.4706078,155,0.4064516129032258,1.114042651127368,2.254272281672834,0,0.4,0.5935483870967742
event_option_gate_spy_mixed_delta35_win_tdvp_only_v1_2025h2_2026jun,event_option_gate_trades.csv,SPY,False,True,1781854329.1038613,142,0.3873239436619718,1.024339846180984,0.5452206181741559,0,0.6,0.7605633802816901
event_option_gate_spy_mixed_delta35_win_tdvp_v1_2025h2_2026jun,event_option_gate_trades.csv,SPY,False,True,1781853948.3733592,131,0.366412213740458,0.8621348317173498,-3.103501738899565,12,0.4,0.32061068702290074
event_option_gate_spy_mixed_delta65_win_ptdj_2025h2_2026jun,event_option_gate_trades.csv,SPY,False,True,1781858062.2995007,377,0.41909814323607425,1.0270518193112537,1.3256756067873332,0,0.4,0.376657824933687
event_option_gate_spy_mixed_delta80_win_ptdj_2025h2_2026jun,event_option_gate_trades.csv,SPY,False,True,1781858061.6954176,298,0.46308724832214765,1.0003984560808425,0.013131111250215821,0,0.4,0.5671140939597316
event_option_gate_tdvp_oof_all13_2026_janjun_d80_return_minmonth18_rerun_v2,event_option_gate_trades.csv,QQQ,False,True,1782234719.0468554,207,0.43478260869565216,1.0141131682484752,0.35464072036620187,18,0.6,0.4975845410628019
event_option_gate_tdvp_oof_all13_2026_janjun_d80_return_minmonth18_rerun_v2,event_option_gate_trades.csv,SPXW,False,True,1782234719.0468554,164,0.49390243902439024,1.1263235928728967,2.3280009059903954,0,0.6,0.47560975609756095
event_option_gate_tdvp_oof_all13_2026_janjun_d80_return_minmonth18_rerun_v2,event_option_gate_trades.csv,SPY,False,True,1782234719.0468554,236,0.4152542372881356,1.0679080654224593,1.8440896150983073,12,0.4,0.5508474576271186
event_option_gate_tdvp_oof_all13_2026_janjun_d80_return_minmonth18_v1,event_option_gate_trades.csv,SPXW,False,True,1782233876.4324973,164,0.49390243902439024,1.1263235928728967,2.3280009059903954,0,0.6,0.47560975609756095
event_option_gate_tdvp_oof_all13_2026_janjun_d80_return_minmonth18_v1,event_option_gate_trades.csv,SPY,False,True,1782233876.4324973,209,0.37799043062200954,0.8731016797509908,-3.324185869673286,0,0.2,0.6124401913875598
event_option_gate_trailing_liveexit_2024train_2025h2_2026jun_d80_return_strict_v1,event_option_gate_trades.csv,QQQ,False,True,1782431368.0068135,82,0.5121951219512195,0.9045648322041399,-1.6948884764057601,0,0.2,0.5975609756097561
event_option_gate_trailing_liveexit_2024train_2025h2_2026jun_d80_return_strict_v1,event_option_gate_trades.csv,SPXW,False,True,1782431368.0068135,37,0.35135135135135137,0.4016600684133935,-6.738781335452196,0,0.0,0.7567567567567568
event_option_gate_trailing_liveexit_2024train_2025h2_2026jun_d80_return_strict_v1,event_option_gate_trades.csv,SPY,False,True,1782431368.0068135,103,0.5825242718446602,1.4713633407471316,9.104162514484127,0,0.6,0.39805825242718446
event_option_gate_trailing_liveexit_2024train_2025h2_2026jun_d80_return_v1,event_option_gate_trades.csv,QQQ,False,True,1782431141.0235646,145,0.43448275862068964,0.6267613895129509,-13.631352991299254,19,0.2,0.7172413793103448
event_option_gate_trailing_liveexit_2024train_2025h2_2026jun_d80_return_v1,event_option_gate_trades.csv,SPXW,False,True,1782431141.0235646,132,0.48484848484848486,1.0153254603071773,0.4090942911249926,19,0.4,0.5984848484848485
event_option_gate_trailing_liveexit_2024train_2025h2_2026jun_d80_return_v1,event_option_gate_trades.csv,SPY,False,True,1782431141.0235646,207,0.5410628019323671,1.1848920978549915,6.678537500205141,17,0.6,0.642512077294686
event_option_gate_wide_delta35_quantile_front_weekly_2025h2_2026jun_rebuild,event_option_gate_trades.csv,QQQ,False,True,1782366622.1289098,138,0.37681159420289856,0.6993288049736844,-5.409617201030537,0,0.2,0.8768115942028986
event_option_gate_wide_delta35_quantile_front_weekly_2025h2_2026jun_rebuild,event_option_gate_trades.csv,SPXW,False,True,1782366622.1289098,129,0.49612403100775193,1.474514610920286,6.135766420426154,12,0.8,0.7209302325581395
event_option_gate_wide_delta35_quantile_front_weekly_2025h2_2026jun_rebuild,event_option_gate_trades.csv,SPY,False,True,1782366622.1289098,117,0.4358974358974359,0.8292508842376457,-2.5173910814939084,18,0.4,0.8632478632478633
event_option_h2_spxw_cap4_qqq_mtdrescue1_spy_candidate_2026janjun_rebuild_risk5000,combined_trades.csv,QQQ,False,True,1782851454.7337735,162,0.4876543209876543,1.3959263119344163,8.907890068621395,13,0.8,0.4876543209876543
event_option_h2_spxw_cap4_qqq_mtdrescue1_spy_candidate_2026janjun_rebuild_risk5000,combined_trades.csv,SPXW,False,True,1782851454.7337735,152,0.47368421052631576,1.363096222880034,6.06032342260624,24,0.8,0.6842105263157895
event_option_h2_spxw_cap4_qqq_mtdrescue1_spy_candidate_2026janjun_rebuild_risk5000,combined_trades.csv,SPY,False,True,1782851454.7337735,153,0.43790849673202614,1.137972231410063,3.034727218412015,18,0.6,0.3202614379084967
event_option_h2_spxw_cap4_qqq_mtdrescue1_spy_candidate_2026janmay_risk5000,combined_trades.csv,QQQ,False,True,1782140895.1380796,149,0.5033557046979866,1.4659106010232559,9.346351605726433,0,0.8,0.4899328859060403
event_option_h2_spxw_cap4_qqq_mtdrescue1_spy_candidate_2026janmay_risk5000,combined_trades.csv,SPXW,False,True,1782140895.1380796,128,0.515625,1.6693423941115757,8.544221642307212,0,0.8,0.7109375
event_option_h2_spxw_cap4_qqq_mtdrescue1_spy_candidate_2026janmay_risk5000,combined_trades.csv,SPY,False,True,1782140895.1380796,145,0.45517241379310347,1.405285807125485,7.8994889538995094,0,0.8,0.4
event_option_h2_spxw_cap4_qqq_mtdrescue_spy_candidate_2026janmay_risk5000,combined_trades.csv,QQQ,False,True,1782140815.9878664,123,0.5121951219512195,1.599213338144143,10.148228894823095,0,0.8,0.3983739837398374
event_option_h2_spxw_cap4_qqq_mtdrescue_spy_candidate_2026janmay_risk5000,combined_trades.csv,SPXW,False,True,1782140815.9878664,128,0.515625,1.6693423941115757,8.544221642307212,0,0.8,0.7109375
event_option_h2_spxw_cap4_qqq_mtdrescue_spy_candidate_2026janmay_risk5000,combined_trades.csv,SPY,False,True,1782140815.9878664,145,0.45517241379310347,1.405285807125485,7.8994889538995094,0,0.8,0.4
event_option_h2_spxw_cap4_qqq_spy_candidate_2026janmay_risk5000,combined_trades.csv,QQQ,False,True,1782140142.4287398,172,0.48255813953488375,1.3117738591358434,7.189320787612345,0,0.8,0.5465116279069767
event_option_h2_spxw_cap4_qqq_spy_candidate_2026janmay_risk5000,combined_trades.csv,SPXW,False,True,1782140142.4287398,128,0.515625,1.6693423941115757,8.544221642307212,0,0.8,0.7109375
event_option_h2_spxw_cap4_qqq_spy_candidate_2026janmay_risk5000,combined_trades.csv,SPY,False,True,1782140142.4287398,145,0.45517241379310347,1.405285807125485,7.8994889538995094,0,0.8,0.4
event_option_h2_spxw_static_qqq_spy_candidate_2026janmay_risk5000,combined_trades.csv,QQQ,False,True,1782140046.1487548,172,0.48255813953488375,1.3117738591358434,7.189320787612345,0,0.8,0.5465116279069767
event_option_h2_spxw_static_qqq_spy_candidate_2026janmay_risk5000,combined_trades.csv,SPXW,False,True,1782140046.1487548,141,0.5106382978723404,1.658401767517018,9.10037505800931,0,0.8,0.6950354609929078
event_option_h2_spxw_static_qqq_spy_candidate_2026janmay_risk5000,combined_trades.csv,SPY,False,True,1782140046.1487548,145,0.45517241379310347,1.405285807125485,7.8994889538995094,0,0.8,0.4
event_option_live_ready_current_sources_2026janmay_risk5000,combined_trades.csv,QQQ,False,True,1782478643.9254296,149,0.5033557046979866,1.4659106010232559,9.346351605726433,0,0.8,0.4966442953020134
event_option_live_ready_current_sources_2026janmay_risk5000,combined_trades.csv,SPXW,False,True,1782478643.9254296,128,0.515625,1.6693423941115757,8.544221642307212,0,0.8,0.7109375
event_option_live_ready_current_sources_2026janmay_risk5000,combined_trades.csv,SPY,False,True,1782478643.9254296,145,0.45517241379310347,1.405285807125485,7.8994889538995094,0,0.8,0.4
event_option_market_state_returnk1_backfill_activewink1_m19_2026janjun_v1,monthly_volume_backfill_trades.csv,QQQ,False,False,1782415477.0225046,263,0.5133079847908745,1.4269122048592193,12.095664650039309,24,0.8,0.5475285171102662
event_option_market_state_returnk1_backfill_activewink1_m19_2026janjun_v1,monthly_volume_backfill_trades.csv,SPXW,False,False,1782415477.0225046,220,0.4954545454545455,1.403529447646485,8.6276436501144,27,0.8,0.5272727272727272
event_option_market_state_returnk1_backfill_activewink1_m19_2026janjun_v1,monthly_volume_backfill_trades.csv,SPY,False,False,1782415477.0225046,157,0.5031847133757962,1.4597209622112144,7.612296465237714,19,0.8,0.5159235668789809
event_option_market_state_returnk1_backfill_wink2_m19_2026janjun_v1,monthly_volume_backfill_trades.csv,QQQ,False,False,1782415742.3181953,265,0.5169811320754717,1.4543431670260087,12.872863604814603,26,0.8,0.5433962264150943
event_option_market_state_returnk1_backfill_wink2_m19_2026janjun_v1,monthly_volume_backfill_trades.csv,SPXW,False,False,1782415742.3181953,221,0.502262443438914,1.4709406471926672,9.927643650114401,28,0.8,0.5294117647058824
event_option_market_state_returnk1_backfill_wink2_m19_2026janjun_v1,monthly_volume_backfill_trades.csv,SPY,False,False,1782415742.3181953,158,0.5063291139240507,1.4620554116886295,7.949247492796593,19,0.8,0.4936708860759494
event_option_qqq_balanced_d65_volume_backfill_m19_2026janjun_risk5000,monthly_volume_backfill_trades.csv,QQQ,False,False,1781968572.4982338,161,0.5341614906832298,1.6588523135409343,13.03173225529273,10,1.0,0.6086956521739131
event_option_qqq_branch_router_topk_balanced_call065_2025h2export_202510_202606_risk5000,trade_union_topk_regressor_trades.csv,QQQ,False,True,1781968766.8770304,152,0.5394736842105263,1.701665993891605,13.029347291454252,10,1.0,0.6118421052631579
event_option_qqq_branch_router_topk_balanced_call065_2025h2_2026jun_risk5000,trade_union_topk_regressor_trades.csv,QQQ,False,True,1781952633.7784922,152,0.5394736842105263,1.701665993891605,13.029347291454252,10,1.0,0.6118421052631579
event_option_qqq_branch_router_topk_balanced_call075_2025h2_2026jun_risk5000,trade_union_topk_regressor_trades.csv,QQQ,False,True,1781952634.0267012,234,0.49145299145299143,1.4815045270590057,14.983233754394554,10,0.8,0.6111111111111112
event_option_qqq_branch_router_topk_current_wide_d65_fw35_2025h2_2026jun_risk5000,trade_union_topk_regressor_trades.csv,QQQ,False,True,1781952116.224854,220,0.4954545454545455,1.5229529120140757,14.834295383409437,10,0.8,0.6272727272727273
event_option_qqq_current_backfill_full20familyselector_auto_partial19_md8_cd30_2026janjun_diag,monthly_volume_backfill_trades.csv,QQQ,False,False,1782371303.091654,212,0.5094339622641509,1.5652353359487656,14.214345374570495,19,0.8,0.6037735849056604
event_option_qqq_current_backfill_full20familyselector_partialonly_auto_partial19_md8_cd30_2026janjun_diag,monthly_volume_backfill_trades.csv,QQQ,True,False,1782371515.566682,207,0.5169082125603864,1.6227892878485513,14.914345374570493,19,1.0,0.6183574879227053
event_option_qqq_current_backfill_full20win65_auto_partial19_md8_cd30_2026janjun_diag,monthly_volume_backfill_trades.csv,QQQ,True,False,1782369988.9212494,212,0.5141509433962265,1.6042559377802335,15.014345374570494,19,1.0,0.6037735849056604
event_option_qqq_current_backfill_full20win65_t19_md8_cd30_2026janjun_diag,monthly_volume_backfill_trades.csv,QQQ,False,False,1782369250.1739457,207,0.5217391304347826,1.6645201329344794,15.714345374570495,14,1.0,0.6183574879227053
event_option_qqq_current_backfill_full20win65_t26_md8_cd30_2026janjun_diag,monthly_volume_backfill_trades.csv,QQQ,True,False,1782369267.9737,213,0.5164319248826291,1.6243785579380077,15.514345374570498,18,1.0,0.6009389671361502
event_option_qqq_current_backfill_full20win65_t27_md8_cd30_2026janjun_diag,monthly_volume_backfill_trades.csv,QQQ,True,False,1782369888.8189483,214,0.5093457943925234,1.5664311001424447,14.414345374570496,19,1.0,0.5981308411214953
event_option_qqq_current_backfill_full20win65_t28_md8_cd30_2026janjun_diag,monthly_volume_backfill_trades.csv,QQQ,True,False,1782369278.5614603,214,0.514018691588785,1.6050004690628077,15.214345374570497,19,1.0,0.5981308411214953
event_option_qqq_current_backfill_ptdjtdvp_t19_md8_cd30_2026janjun_diag,monthly_volume_backfill_trades.csv,QQQ,False,False,1782368834.7401345,201,0.5124378109452736,1.5788308577661943,13.514345374570496,10,0.8,0.6368159203980099
event_option_qqq_full20_d65win_intraday_side_circuit_2025hist_2025h2_2026jun_risk5000,intraday_circuit_trades.csv,QQQ,False,True,1782427918.334233,264,0.4810606060606061,1.08500207516675,2.119675306365431,26,0.8,0.5378787878787878
event_option_qqq_full20_d80_intraday_side_circuit_2025hist_2025h2_2026jun_risk5000,intraday_circuit_trades.csv,QQQ,False,True,1782428637.168422,258,0.5232558139534884,1.4376546652084137,11.578767305392113,34,0.6,0.6124031007751938
event_option_qqq_full20_family_selector_win_d35_50_65_80_s2_2026janjun_diag,stream_selector_trades.csv,QQQ,False,False,1782371289.633773,200,0.43,1.2481663004821737,8.23427849957729,13,0.8,0.415
event_option_qqq_full20_family_selector_win_d35_50_65_80_s2_call50_2026janjun_diag,stream_selector_trades.csv,QQQ,False,False,1782371347.8296075,200,0.43,1.2481663004821737,8.23427849957729,13,0.8,0.415
event_option_qqq_nested_config_intraday_side_circuit_floor12_m18_pf11_wr42_2026janjun_risk5000,intraday_circuit_trades.csv,QQQ,False,True,1781902178.969494,202,0.4603960396039604,1.2851427591107059,9.001099292369684,20,0.6,0.38613861386138615
event_option_qqq_nested_config_intraday_side_circuit_floor18_m18_pf11_wr42_2026janjun_risk5000,intraday_circuit_trades.csv,QQQ,False,True,1781902159.2547889,202,0.4603960396039604,1.2851427591107059,9.001099292369684,20,0.6,0.38613861386138615
event_option_qqq_nested_config_intraday_side_circuit_floor4_8_m18_pf11_wr42_2026janjun_risk5000,intraday_circuit_trades.csv,QQQ,False,True,1781902206.5582092,202,0.4603960396039604,1.2851427591107059,9.001099292369684,20,0.6,0.38613861386138615
event_option_qqq_nested_config_intraday_side_circuit_m18_pf11_wr42_2025h2hist_v2_2026janjun_risk5000,intraday_circuit_trades.csv,QQQ,False,True,1782159659.0182,172,0.5058139534883721,1.5704340905462784,14.12381612850789,10,0.8,0.38953488372093026
event_option_qqq_nested_config_intraday_side_circuit_m18_pf11_wr42_2025h2_2026jun_risk5000,intraday_circuit_trades.csv,QQQ,False,True,1781903264.1845622,172,0.5058139534883721,1.5704340905462784,14.12381612850789,10,0.8,0.38953488372093026
event_option_qqq_nested_config_intraday_side_circuit_m18_pf11_wr42_2026janjun_risk5000,intraday_circuit_trades.csv,QQQ,False,True,1781902122.4020095,172,0.5058139534883721,1.5704340905462784,14.12381612850789,10,0.8,0.38953488372093026
event_option_qqq_ptdj_v1_intraday_circuit_2026janjun_risk5000,intraday_circuit_trades.csv,QQQ,False,True,1781874733.7090092,177,0.4858757062146893,1.4479960664556282,11.739747678081798,11,0.8,0.3333333333333333
event_option_qqq_ptdj_v1_intraday_circuit_m19_2026janjun_risk5000,intraday_circuit_trades.csv,QQQ,False,True,1781874763.0216205,177,0.4858757062146893,1.4479960664556282,11.739747678081798,11,0.8,0.3333333333333333
event_option_qqq_static_union_metas1_current_online_mtdrescue1_cd45_2026janjun_rebuild,combined_trades.csv,QQQ,False,True,1782366894.6308918,162,0.4876543209876543,1.3959263119344163,8.907890068621395,13,0.8,0.4876543209876543
event_option_qqq_stream_selector_recenttopk_d65_current_s2_call20_nopos_2026janjun_partial_risk5000,stream_selector_trades.csv,QQQ,False,False,1782035901.5980783,174,0.4885057471264368,1.3995939265422006,9.028072495011429,10,0.8,0.6149425287356322
event_option_qqq_stream_selector_recenttopk_d65_current_s2_call50_2026janjun_partial_risk5000,stream_selector_trades.csv,QQQ,False,False,1782035199.1116674,198,0.5202020202020202,1.6421313464342473,14.414345374570496,10,1.0,0.6464646464646465
event_option_qqq_stream_selector_recenttopk_d65_current_s3_call20_nopos_2026janjun_partial_risk5000,stream_selector_trades.csv,QQQ,False,False,1782035901.8966463,309,0.3948220064724919,0.9629674172456871,-1.6582734155148726,10,0.6,0.6731391585760518
event_option_qqq_union_balanced_d65_current_topk_s2_m19_maxday5_202510_202606_risk5000,trade_union_topk_regressor_trades.csv,QQQ,False,True,1781987906.048444,167,0.49700598802395207,1.4735203792730405,9.681636673000295,10,0.8,0.6766467065868264
event_option_qqq_union_balanced_d65_current_topk_s2_m19_maxday5_2026janjun_partial_risk5000,trade_union_topk_regressor_trades.csv,QQQ,False,True,1781987378.9108942,198,0.5202020202020202,1.6421313464342473,14.414345374570496,10,1.0,0.6464646464646465
event_option_qqq_union_balanced_d65_current_topk_s2_m19_maxday5_recent202510_export_202510_202606_risk5000,trade_union_topk_regressor_trades.csv,QQQ,False,True,1781988039.4573207,198,0.5202020202020202,1.6421313464342473,14.414345374570496,10,1.0,0.6464646464646465
event_option_qqq_union_config_selector_multisource_select2_m18_2026janjun_v1,trade_union_config_selector_trades.csv,QQQ,False,True,1782368010.1557436,166,0.4939759036144578,1.4439407021122899,9.583029493031598,10,0.8,0.5963855421686747
event_option_qqq_union_d65_current_ptdjd80_scorethr_online_2026janjun_rebuild,trade_union_topk_regressor_trades.csv,QQQ,False,True,1782366854.7736516,211,0.44549763033175355,1.1168396429372776,3.4114267968677163,11,0.4,0.6208530805687204
event_option_qqq_union_ptdj_physics_topk_reg_s3_m19_wr20_2026janjun_risk5000,trade_union_topk_regressor_trades.csv,QQQ,False,True,1781874293.9196956,153,0.39215686274509803,1.0023031521016565,0.06093314293521512,20,0.6,0.39215686274509803
event_option_qqq_union_ptdj_tdvp_config_selector_s3_m19_2026janjun_risk5000,trade_union_config_selector_trades.csv,QQQ,False,True,1781901497.0071876,174,0.4540229885057471,1.2744145432329839,7.544264115643873,18,0.8,0.39655172413793105
event_option_qqq_union_ptdj_tdvp_config_selector_s3_m19_robustdd_top5_2026janjun_risk5000,trade_union_config_selector_trades.csv,QQQ,False,True,1781903151.9815142,202,0.4603960396039604,1.2851427591107059,9.001099292369684,20,0.6,0.38613861386138615
event_option_qqq_union_ptdj_tdvp_config_selector_s3_m19_vol025_2025h2_2026jun_risk5000,trade_union_config_selector_trades.csv,QQQ,False,True,1782159653.846586,202,0.4603960396039604,1.2851427591107059,9.001099292369684,20,0.6,0.38613861386138615
event_option_qqq_union_ptdj_tdvp_config_selector_s3_m19_vol025_2026janjun_risk5000,trade_union_config_selector_trades.csv,QQQ,False,True,1781901536.5044959,202,0.4603960396039604,1.2851427591107059,9.001099292369684,20,0.6,0.38613861386138615
event_option_qqq_union_ptdj_tdvp_config_selector_s3_m25_vol05_2026janjun_risk5000,trade_union_config_selector_trades.csv,QQQ,False,True,1781901536.3074963,202,0.4603960396039604,1.2851427591107059,9.001099292369684,20,0.6,0.38613861386138615
event_option_qqq_union_ptdj_tdvp_simple_max6_cd30_2026janjun_risk5000,trade_union_topk_regressor_trades.csv,QQQ,False,True,1781874943.011596,186,0.4731182795698925,1.3430836783631022,9.830635754522234,20,0.6,0.3709677419354839
event_option_qqq_union_ptdj_tdvp_topk_intraday_circuit_2026janjun_risk5000,intraday_circuit_trades.csv,QQQ,False,True,1781874849.5809686,117,0.49572649572649574,1.5601542480828399,9.637026527845528,10,0.8,0.452991452991453
event_option_qqq_union_ptdj_tdvp_topk_intraday_circuit_nostreak1_2026janjun_risk5000,intraday_circuit_trades.csv,QQQ,False,True,1781874898.739567,128,0.453125,1.3090593656176692,6.337026527845529,18,0.6,0.453125
event_option_qqq_union_ptdj_tdvp_topk_reg_s3_m19_wr20_2026janjun_risk5000,trade_union_topk_regressor_trades.csv,QQQ,False,True,1781874682.76099,144,0.4444444444444444,1.2618309312135925,6.052869805437091,20,0.6,0.4444444444444444
event_option_qqq_union_simple_intraday_side_circuit_floorgrid_m19_2026janjun_risk5000,intraday_circuit_trades.csv,QQQ,False,True,1781875631.781463,167,0.5089820359281437,1.5881602032834383,14.029829544518494,10,0.8,0.3712574850299401
event_option_qqq_union_simple_intraday_side_circuit_m19_2026janjun_risk5000,intraday_circuit_trades.csv,QQQ,False,True,1781875226.4852948,167,0.5089820359281437,1.5881602032834383,14.029829544518494,10,0.8,0.3712574850299401
event_option_qqq_union_simple_intraday_side_circuit_nostreak1_m19_2026janjun_risk5000,intraday_circuit_trades.csv,QQQ,False,True,1781875302.8705196,167,0.5089820359281437,1.5881602032834383,14.029829544518494,10,0.8,0.3712574850299401
event_option_spxw_base_intraday_circuit_m19_2026janjun_risk5000,intraday_circuit_trades.csv,SPXW,False,True,1781875019.4256415,224,0.5267857142857143,1.5564769590261793,12.40961634333768,24,0.8,0.6696428571428571
event_option_spxw_base_intraday_side_circuit_m19_2025h2hist_v2_2026janjun_risk5000,intraday_circuit_trades.csv,SPXW,False,True,1781951658.64643,224,0.5267857142857143,1.5564769590261793,12.40961634333768,24,0.8,0.6696428571428571
event_option_spxw_base_intraday_side_circuit_m19_2025h2_2026jun_risk5000,intraday_circuit_trades.csv,SPXW,False,True,1781903198.519288,224,0.5267857142857143,1.5564769590261793,12.40961634333768,24,0.8,0.6696428571428571
event_option_spxw_base_intraday_side_circuit_m19_2026janjun_risk5000,intraday_circuit_trades.csv,SPXW,False,True,1781875101.1732078,224,0.5267857142857143,1.5564769590261793,12.40961634333768,24,0.8,0.6696428571428571
event_option_spxw_base_intraday_side_circuit_m19_pf11_wr42_dd25_2026janjun_risk5000,intraday_circuit_trades.csv,SPXW,False,True,1781902918.2172763,224,0.5267857142857143,1.5564769590261793,12.40961634333768,24,0.8,0.6696428571428571
event_option_spxw_branch_router_topk_current_tdvp_widezdte_profile_2025h2_2026jun_risk5000,trade_union_topk_regressor_trades.csv,SPXW,True,True,1781952212.6562388,306,0.49019607843137253,1.4223871808535584,15.89992450316814,42,1.0,0.5424836601307189
event_option_spxw_branch_router_topk_current_tdvp_widezdte_profile_maxday5_2025h2_2026jun_risk5000,trade_union_topk_regressor_trades.csv,SPXW,True,True,1781969909.0292933,235,0.4723404255319149,1.3209676578756748,9.840992728624856,18,1.0,0.5148936170212766
event_option_spxw_branch_router_topk_current_tdvp_widezdte_profile_maxday6_2025h2_2026jun_risk5000,trade_union_topk_regressor_trades.csv,SPXW,True,True,1781969942.1025927,272,0.47058823529411764,1.3730765227607997,13.020899388329067,22,1.0,0.5514705882352942
event_option_spxw_branch_router_topk_current_tdvp_widezdte_profile_maxday7_2025h2export_202510_202606_risk5000,trade_union_topk_regressor_trades.csv,SPXW,True,True,1782054031.9264748,302,0.4900662251655629,1.4203506407960291,15.627352979794498,39,1.0,0.5463576158940397
event_option_spxw_branch_router_topk_current_tdvp_widezdte_profile_maxday7_2025h2_2026jun_risk5000,trade_union_topk_regressor_trades.csv,SPXW,True,True,1781969941.880669,302,0.4900662251655629,1.4203506407960291,15.627352979794498,39,1.0,0.5463576158940397
event_option_spxw_branch_router_topk_current_tdvp_widezdte_profile_maxday7_s1_2025h2_2026jun_risk5000,trade_union_topk_regressor_trades.csv,SPXW,True,True,1781987647.2272525,136,0.5367647058823529,1.723605889841278,9.377461686551868,18,1.0,0.5294117647058824
event_option_spxw_branch_router_topk_current_tdvp_widezdte_profile_maxday7_s1_m19_2025h2_2026jun_risk5000,trade_union_topk_regressor_trades.csv,SPXW,True,True,1781987672.0581038,153,0.5294117647058824,1.654408418550937,10.05984854135534,22,1.0,0.5424836601307189
event_option_spxw_branch_router_topk_current_tdvp_widezdte_profile_maxday7_s1_m19_export202510_202606_risk5000,trade_union_topk_regressor_trades.csv,SPXW,True,True,1782034850.842763,153,0.5294117647058824,1.654408418550937,10.05984854135534,22,1.0,0.5424836601307189
event_option_spxw_branch_router_topk_current_tdvp_widezdte_profile_maxday7_startupscore_s3_202510_202606_risk5000,trade_union_topk_regressor_trades.csv,SPXW,False,True,1782054467.3656063,194,0.4742268041237113,1.3524348420113668,8.606725624619948,22,0.6,0.4845360824742268
event_option_spxw_front_weekly_topk_reg_s3_m19_wr20_2026janjun_risk5000,trade_union_topk_regressor_trades.csv,SPXW,False,True,1781874366.449259,162,0.47530864197530864,1.234005459953694,4.129995098192337,22,0.6,0.6234567901234568
event_option_spxw_h2_union_config_selector_base_vol_wide_s3_2026janjun_rebuild,trade_union_config_selector_trades.csv,SPXW,False,True,1782366869.6788168,215,0.4511627906976744,1.1498867456058852,3.6744437425932657,24,0.8,0.641860465116279
event_option_spxw_h2_union_selector_backfill_base_t18_md6_cd15_2026janjun_rebuild,monthly_volume_backfill_trades.csv,SPXW,False,False,1782366893.7987578,177,0.4576271186440678,1.2458304793466377,4.923302691285849,24,0.8,0.672316384180791
event_option_spxw_h2_union_selector_cap4_backfill_base_t18_2026janjun_rebuild,combined_trades.csv,SPXW,False,False,1782366910.3524456,152,0.47368421052631576,1.363096222880034,6.06032342260624,24,0.8,0.6842105263157895
event_option_spxw_spy_dailyjanmay_juneselector_qqq_partialonly_2026janjun_diag_risk5000,combined_trades.csv,QQQ,True,True,1782408453.4748142,207,0.5169082125603864,1.6227892878485513,14.914345374570493,19,1.0,0.6183574879227053
event_option_spxw_spy_dailyjanmay_juneselector_qqq_partialonly_2026janjun_diag_risk5000,combined_trades.csv,SPXW,True,True,1782408453.4748142,205,0.5219512195121951,1.6011293283992665,12.458009587553974,26,1.0,0.6585365853658537
event_option_spxw_spy_dailyjanmay_juneselector_qqq_partialonly_2026janjun_diag_risk5000,combined_trades.csv,SPY,True,True,1782408453.4748142,122,0.5327868852459017,2.0897063830069724,17.872138247778093,20,1.0,0.4098360655737705
event_option_spxw_stream_selector_s1_maxday7_base_s1_2026janjun_partial_risk5000,stream_selector_trades.csv,SPXW,True,False,1782035199.0499358,205,0.5219512195121951,1.6011293283992665,12.458009587553972,26,1.0,0.6585365853658537
event_option_spxw_union_base_tdvp_topk_reg_s3_m19_wr20_2026janjun_risk5000,trade_union_topk_regressor_trades.csv,SPXW,False,True,1781874386.3992016,247,0.48582995951417,1.4628320503538161,11.454391771885268,37,0.8,0.728744939271255
event_option_spy_current_wincls_meta_gate_s2_pf10_wr40_m18_2025h2_2026jun_risk5000,trade_union_meta_trades.csv,SPY,False,True,1782054624.799253,139,0.460431654676259,1.6309311000631346,12.103615234976001,10,0.8,0.43884892086330934
event_option_spy_current_wincls_meta_gate_s2_pf10_wr40_m19_2025h2_2026jun_risk5000,trade_union_meta_trades.csv,SPY,False,True,1782054625.6348898,139,0.460431654676259,1.6309311000631346,12.103615234976001,10,0.8,0.43884892086330934
event_option_spy_current_wincls_meta_gate_s2_pf12_wr45_m18_2025h2_2026jun_risk5000,trade_union_meta_trades.csv,SPY,False,True,1782054625.1001966,139,0.460431654676259,1.6309311000631346,12.103615234976001,10,0.8,0.43884892086330934
event_option_spy_current_wincls_meta_gate_s3_pf10_wr40_m18_2025h2_2026jun_risk5000,trade_union_meta_trades.csv,SPY,False,True,1782054625.2452033,140,0.4642857142857143,1.660847658693273,12.89210192600871,11,0.8,0.4142857142857143
event_option_spy_current_wincls_meta_gate_s3_pf10_wr40_m19_2025h2_2026jun_risk5000,trade_union_meta_trades.csv,SPY,False,True,1782054625.5396974,148,0.46621621621621623,1.6275519637506493,12.910270420481814,19,0.8,0.39864864864864863
event_option_spy_current_wincls_meta_gate_s3_pf12_wr45_m18_2025h2_2026jun_risk5000,trade_union_meta_trades.csv,SPY,False,True,1782054625.4951756,140,0.4642857142857143,1.660847658693273,12.89210192600871,11,0.8,0.4142857142857143
event_option_spy_current_wincls_profile_variant_topk_balanced_call065_2025h2_2026jun_risk5000,trade_union_topk_regressor_trades.csv,SPY,False,True,1781952835.0212822,305,0.4426229508196721,1.3620101337401538,14.860223759764047,32,1.0,0.5377049180327869
event_option_spy_current_wincls_profile_variant_topk_balanced_call075_2025h2_2026jun_risk5000,trade_union_topk_regressor_trades.csv,SPY,False,True,1781952835.483456,201,0.4626865671641791,1.5552984192469557,13.773983338889986,24,0.8,0.5671641791044776
event_option_spy_current_wincls_topk_balanced_call065_2025h2_2026jun_risk5000,trade_union_topk_regressor_trades.csv,SPY,True,True,1781952716.2984324,181,0.47513812154696133,1.6790798531842808,16.89731836017652,18,1.0,0.35359116022099446
event_option_spy_current_wincls_topk_balanced_call075_2025h2_2026jun_risk5000,trade_union_topk_regressor_trades.csv,SPY,True,True,1781952716.5760598,145,0.4827586206896552,1.7364928805721787,14.661734774954514,18,1.0,0.4068965517241379
event_option_spy_current_wincls_topk_grid_s1_min19_call065_2025h2_2026jun_risk5000,trade_union_topk_regressor_trades.csv,SPY,True,True,1782053285.6986327,146,0.4794520547945205,1.7468432329077141,14.86821972903515,19,1.0,0.3835616438356164
event_option_spy_current_wincls_topk_grid_s2_min19_call065_2025h2_2026jun_risk5000,trade_union_topk_regressor_trades.csv,SPY,False,True,1782053284.9127731,141,0.475177304964539,1.7448224779311412,14.72407059619552,19,0.8,0.3617021276595745
event_option_spy_current_wincls_topk_grid_s2_min19_call080_2025h2_2026jun_risk5000,trade_union_topk_regressor_trades.csv,SPY,False,True,1782053285.2305453,141,0.475177304964539,1.7448224779311412,14.72407059619552,19,0.8,0.3617021276595745
event_option_spy_current_wincls_topk_grid_s2_min20_call065_2025h2_2026jun_risk5000,trade_union_topk_regressor_trades.csv,SPY,True,True,1782053285.4848013,157,0.4840764331210191,1.8097595891778155,17.16069527621726,19,1.0,0.3503184713375796
event_option_spy_current_wincls_topk_grid_s3_min19_call065_2025h2_2026jun_risk5000,trade_union_topk_regressor_trades.csv,SPY,True,True,1782053284.2138987,189,0.4708994708994709,1.6053126591590836,16.23131733735817,26,1.0,0.3386243386243386
event_option_spy_current_wincls_topk_grid_s3_min20_call065_2025h2_2026jun_risk5000,trade_union_topk_regressor_trades.csv,SPY,True,True,1782053284.480712,189,0.4708994708994709,1.6053126591590836,16.23131733735817,26,1.0,0.3386243386243386
event_option_spy_current_wincls_topk_unbalanced_2025h2_2026jun_risk5000,trade_union_topk_regressor_trades.csv,SPY,True,True,1781952716.6096034,145,0.4827586206896552,1.7364928805721787,14.661734774954514,18,1.0,0.4068965517241379
event_option_spy_daily_router_topk_nested_backfill_topk_t24_md4_2026janjun_risk5000,monthly_volume_backfill_trades.csv,SPY,False,False,1782055798.2657473,121,0.5289256198347108,1.797018685384881,12.888044645403793,19,0.8,0.4132231404958678
event_option_spy_daily_router_topk_nested_srchist10d20t_backfill_topk_t24_md4_2026janjun_partial_risk5000,monthly_volume_backfill_trades.csv,SPY,False,False,1782057533.915507,122,0.5081967213114754,1.5859540016152305,11.221379906520392,19,0.8,0.4344262295081967
event_option_spy_daily_router_topk_nested_wconly_srchist10d20t_backfill_topk_t24_md4_2025oct_2026jun_risk5000,monthly_volume_backfill_trades.csv,SPY,False,False,1782074610.9111087,112,0.5,1.5484030791510004,9.368334341226564,18,0.8,0.5
event_option_spy_daily_source_router_d660_topk_nested_formal_2026janjun_risk5000,daily_source_router_trades.csv,SPY,False,True,1782055641.163708,109,0.5045871559633027,1.5028396120594327,7.603854962142464,16,0.8,0.3761467889908257
event_option_spy_daily_source_router_d660_topk_nested_srchist10d20t_2026janjun_partial_risk5000,daily_source_router_trades.csv,SPY,False,True,1782073874.8584175,113,0.48672566371681414,1.4045751468901055,7.6014255093561225,16,0.8,0.415929203539823
event_option_spy_daily_source_router_d660_topk_nested_wconly_srchist10d20t_2025oct_2026jun_risk5000,daily_source_router_trades.csv,SPY,False,True,1782074599.061415,108,0.4722222222222222,1.3130475247694706,5.207864021922375,16,0.8,0.46296296296296297
event_option_spy_daily_source_router_d660_topk_wincls_ptdj_formal_2026janjun_risk5000,daily_source_router_trades.csv,SPY,False,True,1782055641.2181785,110,0.4727272727272727,1.4590606815100073,6.658197430937521,1,0.8,0.4090909090909091
event_option_spy_daily_source_router_proto_d630_topk-nested_2026janjun_risk5000,daily_source_router_trades.csv,SPY,False,True,1782055120.1919553,117,0.452991452991453,1.1662287051932672,2.7534114641211973,17,0.6,0.3076923076923077
event_option_spy_daily_source_router_proto_d630_topk-wincls-nested-ptdj_2026janjun_risk5000,daily_source_router_trades.csv,SPY,False,True,1782055122.8182483,118,0.5084745762711864,1.4313555236458189,6.620246046675671,10,0.8,0.2796610169491525
event_option_spy_daily_source_router_proto_d630_topk-wincls-ptdj_2026janjun_risk5000,daily_source_router_trades.csv,SPY,False,True,1782055121.479112,145,0.43448275862068964,1.3037023516970911,6.072807931089306,10,0.8,0.3931034482758621
event_option_spy_daily_source_router_proto_d630_topk-wincls_2026janjun_risk5000,daily_source_router_trades.csv,SPY,False,True,1782055119.0955148,127,0.41732283464566927,0.9356259181912147,-1.5535720320679618,19,0.8,0.4645669291338583
event_option_spy_daily_source_router_proto_d660_topk-nested_2026janjun_risk5000,daily_source_router_trades.csv,SPY,True,True,1782055125.23641,112,0.5178571428571429,1.7030412019772891,10.355063722054851,18,1.0,0.41964285714285715
event_option_spy_daily_source_router_proto_d660_topk-wincls-nested-ptdj_2026janjun_risk5000,daily_source_router_trades.csv,SPY,False,True,1782055127.9231808,104,0.4519230769230769,1.2672262079634415,3.667087877450667,14,0.8,0.28846153846153844
event_option_spy_daily_source_router_proto_d660_topk-wincls-ptdj_2026janjun_risk5000,daily_source_router_trades.csv,SPY,False,True,1782055126.5627499,115,0.5130434782608696,1.8651724584173262,13.974091354424939,11,1.0,0.4608695652173913
event_option_spy_daily_source_router_proto_d660_topk-wincls_2026janjun_risk5000,daily_source_router_trades.csv,SPY,False,True,1782055124.0393662,113,0.45132743362831856,1.2258871548749057,4.445770897950396,15,0.6,0.48672566371681414
event_option_spy_june_selector_nested_vs_topk_202606_partial_risk5000,stream_selector_trades.csv,SPY,False,False,1781988273.3054872,22,0.45454545454545453,0.8277653680142987,-0.5211678678710177,0,0.0,0.2727272727272727
event_option_spy_june_selector_nested_vs_topk_s2_202606_partial_risk5000,stream_selector_trades.csv,SPY,False,False,1781988287.627777,20,0.45,2.4407357787937567,4.259501080324522,0,0.2,0.25
event_option_spy_nested_wincls_current_m19_2025oct_2026jun_risk5000,nested_volume_backfill_trades.csv,SPY,False,False,1782074581.6467173,138,0.4927536231884058,1.3243950200470482,5.842149729467332,20,0.8,0.26811594202898553
event_option_spy_nested_wincls_primary_fallback_m19_2026janjun_partial_risk5000,nested_volume_backfill_trades.csv,SPY,False,False,1781988199.743327,137,0.49635036496350365,1.3468305172288153,6.142149729467333,20,0.8,0.27007299270072993
event_option_spy_protocol_nested_jj_side_circuit_s2_2026janjun_risk5000,intraday_circuit_trades.csv,SPY,False,True,1782053843.6395535,137,0.49635036496350365,1.3468305172288153,6.142149729467333,20,0.8,0.27007299270072993
event_option_spy_protocol_s2_min20_circuit_s2_2026janjun_risk5000,intraday_circuit_trades.csv,SPY,True,True,1782053891.4679086,157,0.4840764331210191,1.8097595891778155,17.16069527621726,19,1.0,0.3503184713375796
event_option_spy_protocol_s2_min20_circuit_s3_2026janjun_risk5000,intraday_circuit_trades.csv,SPY,True,True,1782053940.241777,157,0.4840764331210191,1.8097595891778155,17.16069527621726,19,1.0,0.3503184713375796
event_option_spy_protocol_s2_min20_side_circuit_s2_2026janjun_risk5000,intraday_circuit_trades.csv,SPY,True,True,1782053888.4181902,157,0.4840764331210191,1.8097595891778155,17.16069527621726,19,1.0,0.3503184713375796
event_option_spy_protocol_s2_min20_side_circuit_s3_2026janjun_risk5000,intraday_circuit_trades.csv,SPY,True,True,1782053940.4926789,157,0.4840764331210191,1.8097595891778155,17.16069527621726,19,1.0,0.3503184713375796
event_option_spy_protocol_topk_side_circuit_s2_2026janjun_risk5000,intraday_circuit_trades.csv,SPY,False,True,1782053809.7859342,155,0.4967741935483871,1.7618180383746354,20.304935159879506,20,0.8,0.5806451612903226
event_option_spy_selector_nested_vs_topk_s2_2026janjun_partial_unified_risk5000,stream_selector_trades.csv,SPY,False,False,1782371825.9920373,125,0.48,1.6927513564760692,14.705912899720557,20,0.8,0.512
event_option_spy_selector_nested_vs_topk_s3_2026janjun_partial_unified_risk5000,stream_selector_trades.csv,SPY,False,False,1782371841.4411783,127,0.48031496062992124,1.4660239574311436,9.925243951525015,20,0.6,0.5118110236220472
event_option_spy_srchist_dailyrouter_circuit_s1_2026janjun_partial_risk5000,intraday_circuit_trades.csv,SPY,False,True,1782073426.7634547,122,0.5081967213114754,1.5859540016152305,11.221379906520392,19,0.8,0.4344262295081967
event_option_spy_srchist_dailyrouter_circuit_s2_2026janjun_partial_risk5000,intraday_circuit_trades.csv,SPY,False,True,1782073481.3131714,122,0.5081967213114754,1.5859540016152305,11.221379906520392,19,0.8,0.4344262295081967
event_option_spy_srchist_dailyrouter_circuit_s3_2026janjun_partial_risk5000,intraday_circuit_trades.csv,SPY,False,True,1782073487.0402532,122,0.5081967213114754,1.5859540016152305,11.221379906520392,19,0.8,0.4344262295081967
event_option_spy_srchist_dailyrouter_sidecircuit_s1_2026janjun_partial_risk5000,intraday_circuit_trades.csv,SPY,False,True,1782073429.2243416,122,0.5081967213114754,1.5859540016152305,11.221379906520392,19,0.8,0.4344262295081967
event_option_spy_srchist_dailyrouter_sidecircuit_s2_2026janjun_partial_risk5000,intraday_circuit_trades.csv,SPY,False,True,1782073481.804539,122,0.5081967213114754,1.5859540016152305,11.221379906520392,19,0.8,0.4344262295081967
event_option_spy_srchist_dailyrouter_sidecircuit_s3_2026janjun_partial_risk5000,intraday_circuit_trades.csv,SPY,False,True,1782073493.6804054,122,0.5081967213114754,1.5859540016152305,11.221379906520392,19,0.8,0.4344262295081967
event_option_spy_srchist_relative_momentum_topk2_dailyrouter_2026janjun_partial_risk5000,relative_momentum_trades.csv,SPY,True,True,1782074026.994006,123,0.5121951219512195,1.8361450930926895,16.20547350889469,20,1.0,0.43089430894308944
event_option_spy_static_ptdj_delta35_2026janjun_rebuild,combined_trades.csv,SPY,False,True,1782366853.5289516,153,0.43790849673202614,1.137972231410063,3.034727218412015,18,0.6,0.3202614379084967
event_option_spy_stream_selector_nested_vs_topk_s2_2026janjun_partial_risk5000,stream_selector_trades.csv,SPY,False,False,1782036163.655566,125,0.48,1.6927513564760692,14.705912899720557,20,0.8,0.512
event_option_spy_stream_selector_nested_vs_topk_s2_healthtop5_080_2026janjun_partial_risk5000,stream_selector_trades.csv,SPY,False,False,1782036045.2087314,125,0.48,1.6927513564760692,14.705912899720557,20,0.8,0.512
event_option_spy_stream_selector_nested_vs_topk_s2_healthtop5_090_2026janjun_partial_risk5000,stream_selector_trades.csv,SPY,False,False,1782036044.7709498,125,0.48,1.6927513564760692,14.705912899720557,20,0.8,0.512
event_option_spy_stream_selector_nested_vs_topk_s2_healthtop5_100_2026janjun_partial_risk5000,stream_selector_trades.csv,SPY,False,False,1782036044.9610045,125,0.48,1.6927513564760692,14.705912899720557,20,0.8,0.512
event_option_spy_stream_selector_nested_vs_topk_s3_2026janjun_partial_risk5000,stream_selector_trades.csv,SPY,False,False,1782035947.6858442,127,0.48031496062992124,1.4660239574311436,9.925243951525015,20,0.6,0.5118110236220472
event_option_spy_topk_intraday_side_circuit_m19_2025h2hist_2026janjun_risk5000,intraday_circuit_trades.csv,SPY,False,True,1781951131.2750225,158,0.47468354430379744,1.5132860439339013,15.588395127217554,20,0.8,0.5949367088607594
event_option_spy_topk_intraday_side_circuit_m19_2025h2hist_v2_2025h2_2026janjun_risk5000,intraday_circuit_trades.csv,SPY,False,True,1781969172.4378479,155,0.4967741935483871,1.7618180383746354,20.304935159879506,20,0.8,0.5806451612903226
event_option_spy_topk_intraday_side_circuit_m19_2025h2hist_v2_2026janjun_risk5000,intraday_circuit_trades.csv,SPY,False,True,1781951391.253348,150,0.49333333333333335,1.7181822044013744,19.00105098437404,20,0.8,0.5933333333333334
event_option_spy_topk_intraday_side_circuit_m19_2026janjun_risk5000,intraday_circuit_trades.csv,SPY,False,True,1781875764.270197,158,0.47468354430379744,1.5132860439339013,15.588395127217554,20,0.8,0.5949367088607594
event_option_spy_topk_intraday_side_circuit_m19_pf11_wr42_dd25_2026janjun_risk5000,intraday_circuit_trades.csv,SPY,False,True,1781903016.3554585,163,0.4785276073619632,1.55265082588184,16.892279302723026,20,0.8,0.5828220858895705
event_option_spy_union_event_structural_intraday_circuit_d35_2026janjun_risk5000,intraday_circuit_trades.csv,SPY,False,True,1781859272.3237941,213,0.431924882629108,1.24075829152412,11.783725136275017,14,0.6,0.5774647887323944
event_option_spy_union_event_structural_intraday_circuit_d35_s1_2026janjun_risk5000,intraday_circuit_trades.csv,SPY,False,True,1781859437.5492203,213,0.431924882629108,1.24075829152412,11.783725136275017,14,0.6,0.5774647887323944
event_option_spy_union_event_structural_intraday_circuit_rowdelta_2026janjun_risk5000,intraday_circuit_trades.csv,SPY,False,True,1781859725.1111083,213,0.431924882629108,1.24075829152412,11.783725136275017,14,0.6,0.5774647887323944
event_option_spy_union_event_structural_meta_eventfirst_2026janjun_risk5000,trade_union_meta_trades.csv,SPY,False,True,1781859006.1237354,256,0.40625,1.2241724957298667,14.818647871076505,20,0.8,0.609375
event_option_spy_union_event_structural_meta_s2_pf10_wr40_2026janjun_risk5000,trade_union_meta_trades.csv,SPY,False,True,1781859820.2161212,265,0.4226415094339623,1.2755074779391982,18.529112306797202,20,0.8,0.5962264150943396
event_option_spy_union_event_structural_meta_s2_pf12_wr45_2026janjun_risk5000,trade_union_meta_trades.csv,SPY,False,True,1781859820.0563383,261,0.41762452107279696,1.2041456813430085,13.668468043700832,16,0.6,0.6015325670498084
event_option_spy_union_event_structural_meta_s3_pf10_wr40_2026janjun_risk5000,trade_union_meta_trades.csv,SPY,False,True,1781859819.8837893,307,0.4006514657980456,1.1682942220794605,13.497526625035174,20,0.8,0.5374592833876222
event_option_spy_union_event_structural_meta_s3_pf12_wr45_2026janjun_risk5000,trade_union_meta_trades.csv,SPY,False,True,1781859820.5530539,307,0.4006514657980456,1.1682942220794605,13.497526625035174,20,0.8,0.5374592833876222
event_option_spy_union_event_structural_topk_reg_s3_m19_wr20_2025h2export_2026janjun_risk5000,trade_union_topk_regressor_trades.csv,SPY,False,True,1781950979.5738258,167,0.46706586826347307,1.4781404660786333,15.351507278995925,20,0.8,0.5808383233532934
event_option_spy_union_event_structural_topk_reg_s3_m19_wr20_2026janjun_risk5000,trade_union_topk_regressor_trades.csv,SPY,False,True,1781874197.209392,167,0.46706586826347307,1.4781404660786333,15.351507278995925,20,0.8,0.5808383233532934
event_option_spy_union_event_structural_wincls_topk_reg_s3_m19_wr20_2025h2_2026jun_risk5000,trade_union_topk_regressor_trades.csv,SPY,False,True,1781951958.3975246,193,0.44559585492227977,1.3380790103291709,12.404302008936618,33,0.8,0.47150259067357514
event_option_spy_union_structural_event_meta_structfirst_2026janjun_risk5000,trade_union_meta_trades.csv,SPY,False,True,1781859006.0380385,256,0.40234375,1.1962132872449742,13.202864728872907,20,0.8,0.6015625
event_option_spy_variant_selector_2025h2_history_2026janjun_risk5000,selected_variant_trades.csv,SPY,False,False,1781857940.1729262,166,0.41566265060240964,1.1534758272689045,3.6574191029916463,16,0.8,0.35542168674698793
event_option_spy_wconly_relative_momentum_topk1_dailyrouter_2025oct_2026jun_risk5000,relative_momentum_trades.csv,SPY,True,True,1782074654.5164545,129,0.5193798449612403,1.8932885361312974,18.393184652840546,20,1.0,0.4883720930232558
event_option_spy_wconly_relative_momentum_topk1_single_verify_2025oct_2026jun_risk5000,combined_trades.csv,SPY,True,True,1782074719.276937,129,0.5193798449612403,1.8932885361312974,18.393184652840546,20,1.0,0.4883720930232558
event_option_spy_wconly_relative_momentum_topk2_dailyrouter_2025oct_2026jun_risk5000,relative_momentum_trades.csv,SPY,True,True,1782074634.292405,129,0.5193798449612403,1.8932885361312974,18.393184652840546,20,1.0,0.4883720930232558
event_option_spy_wconly_relative_momentum_topk3_dailyrouter_2025oct_2026jun_risk5000,relative_momentum_trades.csv,SPY,False,True,1782074654.6783056,128,0.5,1.6096276274142747,12.77770976952489,19,0.8,0.4921875
event_option_spy_wincls_current_volume_backfill_m18_2026janjun_risk5000,monthly_volume_backfill_trades.csv,SPY,False,False,1781953134.606192,137,0.49635036496350365,1.3468305172288153,6.142149729467333,19,0.8,0.27007299270072993
event_option_static_union_live_equiv_candidate_2026janmay_risk5000,combined_trades.csv,QQQ,False,True,1782136901.920071,247,0.4817813765182186,1.3145590771091804,10.113609873310272,0,0.8,0.5587044534412956
event_option_static_union_live_equiv_candidate_2026janmay_risk5000,combined_trades.csv,SPXW,False,True,1782136901.920071,197,0.5380710659898477,1.721945745926225,15.214407655275156,0,0.8,0.6802030456852792
event_option_static_union_live_equiv_candidate_2026janmay_risk5000,combined_trades.csv,SPY,False,True,1782136901.920071,145,0.45517241379310347,1.405285807125485,7.8994889538995094,0,0.8,0.4
event_option_variant_selector_full20_2025hist_2026janjun_historyheavy_v1,selected_variant_trades.csv,QQQ,False,False,1782244501.629896,314,0.5159235668789809,1.283980761086472,8.395294194737078,34,0.6,0.6305732484076433
event_option_variant_selector_full20_2025hist_2026janjun_historyheavy_v1,selected_variant_trades.csv,SPXW,False,False,1782244501.629896,112,0.5267857142857143,1.4763518043494195,6.179587458641216,19,0.8,0.4642857142857143
event_option_variant_selector_full20_2025hist_2026janjun_historyheavy_v1,selected_variant_trades.csv,SPY,False,False,1782244501.629896,169,0.47928994082840237,1.3641812176577786,7.582750854422843,19,0.6,0.6035502958579881
event_option_variant_selector_full20_2025hist_2026janjun_loose_v1,selected_variant_trades.csv,QQQ,False,False,1782244501.6069663,196,0.5102040816326531,1.328965929110842,6.9784450715403015,20,0.6,0.5612244897959183
event_option_variant_selector_full20_2025hist_2026janjun_loose_v1,selected_variant_trades.csv,SPXW,False,False,1782244501.6069663,172,0.436046511627907,1.1672225718748745,4.6409548050651,6,0.6,0.4941860465116279
event_option_variant_selector_full20_2025hist_2026janjun_loose_v1,selected_variant_trades.csv,SPY,False,False,1782244501.6069663,188,0.5,1.5168008373449953,10.16008320584992,16,0.8,0.6223404255319149
event_option_variant_selector_full20_2025hist_2026janjun_strict_v1,selected_variant_trades.csv,QQQ,False,False,1782244501.635432,244,0.5,1.1866154832394273,4.2042629985965245,15,0.6,0.5901639344262295
event_option_variant_selector_full20_2025hist_2026janjun_strict_v1,selected_variant_trades.csv,SPXW,False,False,1782244501.635432,112,0.5714285714285714,1.6992045588415767,7.379553879861563,19,0.8,0.5
event_option_variant_selector_full20_2025hist_2026janjun_strict_v1,selected_variant_trades.csv,SPY,False,False,1782244501.635432,175,0.4742857142857143,1.0915653213840912,1.9105486306727681,19,0.6,0.4742857142857143
event_option_variant_selector_full20_2025hist_2026janjun_valonly_v1,selected_variant_trades.csv,QQQ,False,False,1782244501.638371,241,0.4979253112033195,1.1415146678318102,2.9572461592961887,28,0.8,0.6763485477178424
event_option_variant_selector_full20_2025hist_2026janjun_valonly_v1,selected_variant_trades.csv,SPXW,False,False,1782244501.638371,251,0.46215139442231074,1.0392641755809118,1.0532415403332145,19,0.6,0.6454183266932271
event_option_variant_selector_full20_2025hist_2026janjun_valonly_v1,selected_variant_trades.csv,SPY,False,False,1782244501.638371,203,0.4729064039408867,1.2249421134692604,5.4952907887929285,16,0.6,0.6009852216748769
