ticker,sources,cap,minscore,daily_order,sel_score,test_pass,both,sel_trades,sel_win_rate,sel_profit_factor,sel_pnl_return,sel_max_drawdown,sel_call_rate,sel_min_month_trades,sel_positive_month_rate,sel_top5_share_of_pnl,test_trades,test_win_rate,test_profit_factor,test_pnl_return,test_max_drawdown,test_call_rate,test_min_month_trades,test_positive_month_rate,test_top5_share_of_pnl
SPXW,"d80_zero,cons_m3allc30,d80",2,0.0,time_asc,7.031864994522054,True,True,441,0.47845804988662133,1.3212717078801897,17.093402449773528,-3.474551268660381,0.3741496598639456,24,0.75,0.2925105177094947,195,0.5333333333333333,1.6153264360315405,11.669872923763645,-1.5709483536797517,0.5897435897435898,36,0.8,0.42845368005836454
SPXW,"d80_zero,cons_m3s2c30,d80",2,0.0,time_asc,7.016912678959186,True,True,440,0.4772727272727273,1.3191649552999907,16.981311752609273,-3.474551268660381,0.37272727272727274,24,0.75,0.2944413289645732,194,0.5309278350515464,1.6152840845902607,11.669069714428034,-1.5709483536797517,0.5876288659793815,35,0.8,0.4284831715263326
SPXW,"d80_zero,cons_m2s2c30,d80",2,0.0,time_asc,6.953710055007915,True,True,439,0.4760820045558087,1.3097674199402458,16.481311752609273,-3.474551268660381,0.3735763097949886,24,0.75,0.3033739107088011,194,0.5309278350515464,1.6152840845902607,11.669069714428034,-1.5709483536797517,0.5876288659793815,35,0.8,0.4284831715263326
SPXW,"d80_front,cons_m2s2c30,d80",2,0.0,time_asc,6.9125821992068675,True,True,457,0.487964989059081,1.3050992018098704,15.015665358045347,-2.590566378339596,0.3851203501094092,24,0.6666666666666666,0.33298557744702373,202,0.5247524752475248,1.4651027289933582,7.941449845022154,-1.8238546461479057,0.5891089108910891,38,1.0,0.6296079554206454
SPXW,"d80_front,cons_m3allc30,d80",2,0.0,time_asc,6.9125821992068675,True,True,457,0.487964989059081,1.3050992018098704,15.015665358045347,-2.590566378339596,0.3851203501094092,24,0.6666666666666666,0.33298557744702373,202,0.5247524752475248,1.4651027289933582,7.941449845022154,-1.8238546461479057,0.5891089108910891,38,1.0,0.6296079554206454
SPXW,"d80_front,cons_m3s2c30,d80",2,0.0,time_asc,6.9125821992068675,True,True,457,0.487964989059081,1.3050992018098704,15.015665358045347,-2.590566378339596,0.3851203501094092,24,0.6666666666666666,0.33298557744702373,202,0.5247524752475248,1.4651027289933582,7.941449845022154,-1.8238546461479057,0.5891089108910891,38,1.0,0.6296079554206454
SPXW,"d50ret,d80,d80_front",2,0.0,score_desc,6.824791889923367,True,True,443,0.45146726862302483,1.302350221582196,17.36464161887549,-4.116256508933791,0.3227990970654628,24,0.6666666666666666,0.2879414450203778,178,0.4943820224719101,1.3305945870848443,7.417297500179568,-2.506878753414913,0.34269662921348315,29,0.8,0.6740999669864871
SPXW,"d50ret,d80_front,d80",2,0.0,score_desc,6.824791889923367,True,True,443,0.45146726862302483,1.302350221582196,17.36464161887549,-4.116256508933791,0.3227990970654628,24,0.6666666666666666,0.2879414450203778,178,0.4943820224719101,1.3305945870848443,7.417297500179568,-2.506878753414913,0.34269662921348315,29,0.8,0.6740999669864871
SPXW,"d80,d50ret,d80_front",2,0.0,score_desc,6.824791889923367,True,True,443,0.45146726862302483,1.302350221582196,17.36464161887549,-4.116256508933791,0.3227990970654628,24,0.6666666666666666,0.2879414450203778,178,0.4943820224719101,1.3305945870848443,7.417297500179568,-2.506878753414913,0.34269662921348315,29,0.8,0.6740999669864871
SPXW,"d80,d80_front,d50ret",2,0.0,score_desc,6.824791889923367,True,True,443,0.45146726862302483,1.302350221582196,17.36464161887549,-4.116256508933791,0.3227990970654628,24,0.6666666666666666,0.2879414450203778,178,0.4943820224719101,1.3305945870848443,7.417297500179568,-2.506878753414913,0.34269662921348315,29,0.8,0.6740999669864871
SPXW,"d80_front,d50ret,d80",2,0.0,score_desc,6.824791889923367,True,True,443,0.45146726862302483,1.302350221582196,17.36464161887549,-4.116256508933791,0.3227990970654628,24,0.6666666666666666,0.2879414450203778,178,0.4943820224719101,1.3305945870848443,7.417297500179568,-2.506878753414913,0.34269662921348315,29,0.8,0.6740999669864871
SPXW,"d80_front,d80,d50ret",2,0.0,score_desc,6.824791889923367,True,True,443,0.45146726862302483,1.302350221582196,17.36464161887549,-4.116256508933791,0.3227990970654628,24,0.6666666666666666,0.2879414450203778,178,0.4943820224719101,1.3305945870848443,7.417297500179568,-2.506878753414913,0.34269662921348315,29,0.8,0.6740999669864871
SPXW,"d80,d80_zero,cons_m3allc30",2,0.0,time_asc,6.706874727241694,True,True,441,0.47165532879818595,1.3039745677275592,16.26146098326038,-4.571339656997003,0.36961451247165533,24,0.75,0.3074754479408106,195,0.517948717948718,1.56503266596394,10.849306633949318,-1.8809769434516372,0.5897435897435898,36,0.8,0.46085894414249046
SPXW,"d80_zero,d80,cons_m3allc30",2,0.0,time_asc,6.706874727241694,True,True,441,0.47165532879818595,1.3039745677275592,16.26146098326038,-4.571339656997003,0.36961451247165533,24,0.75,0.3074754479408106,195,0.517948717948718,1.56503266596394,10.849306633949318,-1.8809769434516372,0.5897435897435898,36,0.8,0.46085894414249046
SPXW,"d80,d80_zero,cons_m3s2c30",2,0.0,time_asc,6.691916871301165,True,True,440,0.47045454545454546,1.3018792626838205,16.149370286096122,-4.571339656997003,0.36818181818181817,24,0.75,0.3096095953849528,194,0.5154639175257731,1.564990834764257,10.848503424613707,-1.8809769434516372,0.5876288659793815,35,0.8,0.46089306555001064
SPXW,"d80_zero,d80,cons_m3s2c30",2,0.0,time_asc,6.691916871301165,True,True,440,0.47045454545454546,1.3018792626838205,16.149370286096122,-4.571339656997003,0.36818181818181817,24,0.75,0.3096095953849528,194,0.5154639175257731,1.564990834764257,10.848503424613707,-1.8809769434516372,0.5876288659793815,35,0.8,0.46089306555001064
SPXW,"d80_zero,cons_m2s2c30,d80",1,0.0,time_asc,6.265571567286758,True,True,245,0.46122448979591835,1.3388802625025096,9.839469585104386,-2.057290663461985,0.37551020408163266,19,0.6666666666666666,0.25407873649862783,100,0.55,1.6940129472647178,6.843579673104849,-1.5659500182534725,0.57,19,0.8,0.3653058953671508
SPXW,"d80_zero,cons_m3allc30,d80",1,0.0,time_asc,6.265571567286758,True,True,245,0.46122448979591835,1.3388802625025096,9.839469585104386,-2.057290663461985,0.37551020408163266,19,0.6666666666666666,0.25407873649862783,100,0.55,1.6940129472647178,6.843579673104849,-1.5659500182534725,0.57,19,0.8,0.3653058953671508
SPXW,"d80_zero,cons_m3s2c30,d80",1,0.0,time_asc,6.265571567286758,True,True,245,0.46122448979591835,1.3388802625025096,9.839469585104386,-2.057290663461985,0.37551020408163266,19,0.6666666666666666,0.25407873649862783,100,0.55,1.6940129472647178,6.843579673104849,-1.5659500182534725,0.57,19,0.8,0.3653058953671508
SPXW,"d80_zero,cons_m2s1c45,d80",1,0.0,time_asc,6.265571567286758,True,True,245,0.46122448979591835,1.3388802625025096,9.839469585104386,-2.057290663461985,0.37551020408163266,19,0.6666666666666666,0.25407873649862783,100,0.55,1.6915362370963083,6.819157126765472,-1.6072543992508397,0.57,19,0.8,0.3666142242400307
SPXW,"d80_zero,d80,cons_m2s2c30",1,0.0,time_asc,6.173367933608127,True,True,245,0.46938775510204084,1.3240285183932379,9.872720688007758,-2.856048284329831,0.37142857142857144,19,0.75,0.2532230049855164,100,0.51,1.5180056144782785,5.201960939195293,-1.4484888080578369,0.59,19,0.6,0.48058799926066587
SPXW,"d80_zero,d80,cons_m3allc30",1,0.0,time_asc,6.173367933608127,True,True,245,0.46938775510204084,1.3240285183932379,9.872720688007758,-2.856048284329831,0.37142857142857144,19,0.75,0.2532230049855164,100,0.51,1.5180056144782785,5.201960939195293,-1.4484888080578369,0.59,19,0.6,0.48058799926066587
SPXW,"d80_zero,d80,cons_m3s2c30",1,0.0,time_asc,6.173367933608127,True,True,245,0.46938775510204084,1.3240285183932379,9.872720688007758,-2.856048284329831,0.37142857142857144,19,0.75,0.2532230049855164,100,0.51,1.5180056144782785,5.201960939195293,-1.4484888080578369,0.59,19,0.6,0.48058799926066587
SPXW,"d80_zero,d80,cons_m2s1c45",1,0.0,time_asc,6.173367933608127,True,True,245,0.46938775510204084,1.3240285183932379,9.872720688007758,-2.856048284329831,0.37142857142857144,19,0.75,0.2532230049855164,100,0.51,1.5155736438672864,5.177538392855914,-1.489793189055204,0.59,19,0.6,0.4828549419255987
SPXW,"cons_m3allc30,d80,d80_front",1,0.0,score_desc,6.1567763507659725,True,True,246,0.4959349593495935,1.3230327373825859,8.901295778661916,-2.455993089010028,0.32926829268292684,19,0.75,0.2808579854174682,102,0.5294117647058824,1.693956664636276,6.383925924122743,-0.9276065966760112,0.5196078431372549,19,0.8,0.3916085540017511
SPXW,"cons_m3allc30,d80_front,d80",1,0.0,score_desc,6.1567763507659725,True,True,246,0.4959349593495935,1.3230327373825859,8.901295778661916,-2.455993089010028,0.32926829268292684,19,0.75,0.2808579854174682,102,0.5294117647058824,1.693956664636276,6.383925924122743,-0.9276065966760112,0.5196078431372549,19,0.8,0.3916085540017511
SPXW,"d80,cons_m3allc30,d80_front",1,0.0,score_desc,6.1567763507659725,True,True,246,0.4959349593495935,1.3230327373825859,8.901295778661916,-2.455993089010028,0.32926829268292684,19,0.75,0.2808579854174682,102,0.5294117647058824,1.693956664636276,6.383925924122743,-0.9276065966760112,0.5196078431372549,19,0.8,0.3916085540017511
SPXW,"d80,d80_front,cons_m3allc30",1,0.0,score_desc,6.1567763507659725,True,True,246,0.4959349593495935,1.3230327373825859,8.901295778661916,-2.455993089010028,0.32926829268292684,19,0.75,0.2808579854174682,102,0.5294117647058824,1.693956664636276,6.383925924122743,-0.9276065966760112,0.5196078431372549,19,0.8,0.3916085540017511
SPXW,"d80_front,cons_m3allc30,d80",1,0.0,score_desc,6.1567763507659725,True,True,246,0.4959349593495935,1.3230327373825859,8.901295778661916,-2.455993089010028,0.32926829268292684,19,0.75,0.2808579854174682,102,0.5294117647058824,1.693956664636276,6.383925924122743,-0.9276065966760112,0.5196078431372549,19,0.8,0.3916085540017511
SPXW,"d80_front,d80,cons_m3allc30",1,0.0,score_desc,6.1567763507659725,True,True,246,0.4959349593495935,1.3230327373825859,8.901295778661916,-2.455993089010028,0.32926829268292684,19,0.75,0.2808579854174682,102,0.5294117647058824,1.693956664636276,6.383925924122743,-0.9276065966760112,0.5196078431372549,19,0.8,0.3916085540017511
SPXW,"cons_m3allc30,d80,d80_front",1,-999999.0,score_desc,6.135465338069779,True,True,249,0.4939759036144578,1.3147174917667594,8.741436039415392,-2.455993089010028,0.3333333333333333,19,0.75,0.28599419920564845,102,0.5294117647058824,1.693956664636276,6.383925924122743,-0.9276065966760112,0.5196078431372549,19,0.8,0.3916085540017511
SPXW,"cons_m3allc30,d80_front,d80",1,-999999.0,score_desc,6.135465338069779,True,True,249,0.4939759036144578,1.3147174917667594,8.741436039415392,-2.455993089010028,0.3333333333333333,19,0.75,0.28599419920564845,102,0.5294117647058824,1.693956664636276,6.383925924122743,-0.9276065966760112,0.5196078431372549,19,0.8,0.3916085540017511
SPXW,"d80,cons_m3allc30,d80_front",1,-999999.0,score_desc,6.135465338069779,True,True,249,0.4939759036144578,1.3147174917667594,8.741436039415392,-2.455993089010028,0.3333333333333333,19,0.75,0.28599419920564845,102,0.5294117647058824,1.693956664636276,6.383925924122743,-0.9276065966760112,0.5196078431372549,19,0.8,0.3916085540017511
SPXW,"d80,d80_front,cons_m3allc30",1,-999999.0,score_desc,6.135465338069779,True,True,249,0.4939759036144578,1.3147174917667594,8.741436039415392,-2.455993089010028,0.3333333333333333,19,0.75,0.28599419920564845,102,0.5294117647058824,1.693956664636276,6.383925924122743,-0.9276065966760112,0.5196078431372549,19,0.8,0.3916085540017511
SPXW,"d80_front,cons_m3allc30,d80",1,-999999.0,score_desc,6.135465338069779,True,True,249,0.4939759036144578,1.3147174917667594,8.741436039415392,-2.455993089010028,0.3333333333333333,19,0.75,0.28599419920564845,102,0.5294117647058824,1.693956664636276,6.383925924122743,-0.9276065966760112,0.5196078431372549,19,0.8,0.3916085540017511
SPXW,"d80_front,d80,cons_m3allc30",1,-999999.0,score_desc,6.135465338069779,True,True,249,0.4939759036144578,1.3147174917667594,8.741436039415392,-2.455993089010028,0.3333333333333333,19,0.75,0.28599419920564845,102,0.5294117647058824,1.693956664636276,6.383925924122743,-0.9276065966760112,0.5196078431372549,19,0.8,0.3916085540017511
SPXW,"d80_zero,d80_front,cons_m2s1c45",1,0.0,time_asc,6.122646660105289,True,True,244,0.4959016393442623,1.31915110480065,8.07492696041341,-1.7534127209818715,0.4057377049180328,18,0.6666666666666666,0.30960032360119427,101,0.5148514851485149,1.4257234634051514,3.582671675560584,-1.100092178647234,0.6039603960396039,19,0.8,0.6978032670573484
SPXW,"d80_front,d80_zero,cons_m2s1c45",1,0.0,time_asc,6.097100395533732,True,True,244,0.5,1.3218353789540758,7.785194214218016,-1.7536292044868471,0.4057377049180328,18,0.6666666666666666,0.3211223678189398,101,0.5346534653465347,1.5580917175074755,4.197834090599056,-1.100092178647234,0.6237623762376238,19,0.8,0.5955452135658929
SPXW,"d80_front,d80_zero,cons_m2s2c30",1,0.0,time_asc,5.987938257409387,True,True,245,0.49795918367346936,1.3056430230967353,7.4851942142180174,-2.053629204486848,0.40408163265306124,18,0.6666666666666666,0.33399266985635273,102,0.5294117647058824,1.5020702830477988,3.927075176488521,-1.100092178647234,0.6176470588235294,19,0.8,0.6366060968141254
SPXW,"d80_front,d80_zero,cons_m3allc30",1,0.0,time_asc,5.987938257409387,True,True,245,0.49795918367346936,1.3056430230967353,7.4851942142180174,-2.053629204486848,0.40408163265306124,18,0.6666666666666666,0.33399266985635273,102,0.5294117647058824,1.5020702830477988,3.927075176488521,-1.100092178647234,0.6176470588235294,19,0.8,0.6366060968141254
SPXW,"d80_front,d80_zero,cons_m3s2c30",1,0.0,time_asc,5.987938257409387,True,True,245,0.49795918367346936,1.3056430230967353,7.4851942142180174,-2.053629204486848,0.40408163265306124,18,0.6666666666666666,0.33399266985635273,102,0.5294117647058824,1.5020702830477988,3.927075176488521,-1.100092178647234,0.6176470588235294,19,0.8,0.6366060968141254
SPXW,"cons_m3allc30,d65ret,d80",1,0.0,score_desc,5.966782043323602,False,False,246,0.4878048780487805,1.3005077470095738,8.549850722526312,-3.0840867741682345,0.33739837398373984,19,0.75,0.2924027659820123,101,0.43564356435643564,1.093139959753168,1.1595106174824188,-2.5262295248729933,0.4752475247524752,19,0.6,2.156082024870209
SPXW,"cons_m3allc30,d80,d65ret",1,0.0,score_desc,5.966782043323602,False,False,246,0.4878048780487805,1.3005077470095738,8.549850722526312,-3.0840867741682345,0.33739837398373984,19,0.75,0.2924027659820123,101,0.43564356435643564,1.093139959753168,1.1595106174824188,-2.5262295248729933,0.4752475247524752,19,0.6,2.156082024870209
SPXW,"d65ret,cons_m3allc30,d80",1,0.0,score_desc,5.966782043323602,False,False,246,0.4878048780487805,1.3005077470095738,8.549850722526312,-3.0840867741682345,0.33739837398373984,19,0.75,0.2924027659820123,101,0.43564356435643564,1.093139959753168,1.1595106174824188,-2.5262295248729933,0.4752475247524752,19,0.6,2.156082024870209
SPXW,"d65ret,d80,cons_m3allc30",1,0.0,score_desc,5.966782043323602,False,False,246,0.4878048780487805,1.3005077470095738,8.549850722526312,-3.0840867741682345,0.33739837398373984,19,0.75,0.2924027659820123,101,0.43564356435643564,1.093139959753168,1.1595106174824188,-2.5262295248729933,0.4752475247524752,19,0.6,2.156082024870209
SPXW,"d80,cons_m3allc30,d65ret",1,0.0,score_desc,5.966782043323602,False,False,246,0.4878048780487805,1.3005077470095738,8.549850722526312,-3.0840867741682345,0.33739837398373984,19,0.75,0.2924027659820123,101,0.43564356435643564,1.093139959753168,1.1595106174824188,-2.5262295248729933,0.4752475247524752,19,0.6,2.156082024870209
SPXW,"d80,d65ret,cons_m3allc30",1,0.0,score_desc,5.966782043323602,False,False,246,0.4878048780487805,1.3005077470095738,8.549850722526312,-3.0840867741682345,0.33739837398373984,19,0.75,0.2924027659820123,101,0.43564356435643564,1.093139959753168,1.1595106174824188,-2.5262295248729933,0.4752475247524752,19,0.6,2.156082024870209
SPXW,"d80_zero,d80_front,cons_m2s2c30",1,0.0,time_asc,5.931083226104746,True,True,245,0.49387755102040815,1.3036930671707763,7.774926960413413,-2.0534127209818704,0.40408163265306124,18,0.5833333333333334,0.3215464290184237,102,0.5098039215686274,1.3800030346575225,3.3119127614500483,-1.100092178647234,0.5980392156862745,19,0.8,0.7548508007515965
SPXW,"d80_zero,d80_front,cons_m3allc30",1,0.0,time_asc,5.931083226104746,True,True,245,0.49387755102040815,1.3036930671707763,7.774926960413413,-2.0534127209818704,0.40408163265306124,18,0.5833333333333334,0.3215464290184237,102,0.5098039215686274,1.3800030346575225,3.3119127614500483,-1.100092178647234,0.5980392156862745,19,0.8,0.7548508007515965
SPXW,"d80_zero,d80_front,cons_m3s2c30",1,0.0,time_asc,5.931083226104746,True,True,245,0.49387755102040815,1.3036930671707763,7.774926960413413,-2.0534127209818704,0.40408163265306124,18,0.5833333333333334,0.3215464290184237,102,0.5098039215686274,1.3800030346575225,3.3119127614500483,-1.100092178647234,0.5980392156862745,19,0.8,0.7548508007515965
SPXW,"cons_m3s2c30,d80,d80_front",1,0.0,score_desc,5.92732212043024,True,True,246,0.4878048780487805,1.3060134728367978,8.752294122219226,-3.4184641815251977,0.33739837398373984,19,0.75,0.2856393952361946,102,0.5196078431372549,1.7007755252631263,6.395816279351159,-0.8999999999999995,0.5196078431372549,19,1.0,0.3908805210792608
SPXW,"cons_m3s2c30,d80_front,d80",1,0.0,score_desc,5.92732212043024,True,True,246,0.4878048780487805,1.3060134728367978,8.752294122219226,-3.4184641815251977,0.33739837398373984,19,0.75,0.2856393952361946,102,0.5196078431372549,1.7007755252631263,6.395816279351159,-0.8999999999999995,0.5196078431372549,19,1.0,0.3908805210792608
SPXW,"d80,cons_m3s2c30,d80_front",1,0.0,score_desc,5.92732212043024,True,True,246,0.4878048780487805,1.3060134728367978,8.752294122219226,-3.4184641815251977,0.33739837398373984,19,0.75,0.2856393952361946,102,0.5196078431372549,1.7007755252631263,6.395816279351159,-0.8999999999999995,0.5196078431372549,19,1.0,0.3908805210792608
SPXW,"d80,d80_front,cons_m3s2c30",1,0.0,score_desc,5.92732212043024,True,True,246,0.4878048780487805,1.3060134728367978,8.752294122219226,-3.4184641815251977,0.33739837398373984,19,0.75,0.2856393952361946,102,0.5196078431372549,1.7007755252631263,6.395816279351159,-0.8999999999999995,0.5196078431372549,19,1.0,0.3908805210792608
SPXW,"d80_front,cons_m3s2c30,d80",1,0.0,score_desc,5.92732212043024,True,True,246,0.4878048780487805,1.3060134728367978,8.752294122219226,-3.4184641815251977,0.33739837398373984,19,0.75,0.2856393952361946,102,0.5196078431372549,1.7007755252631263,6.395816279351159,-0.8999999999999995,0.5196078431372549,19,1.0,0.3908805210792608
SPXW,"d80_front,d80,cons_m3s2c30",1,0.0,score_desc,5.92732212043024,True,True,246,0.4878048780487805,1.3060134728367978,8.752294122219226,-3.4184641815251977,0.33739837398373984,19,0.75,0.2856393952361946,102,0.5196078431372549,1.7007755252631263,6.395816279351159,-0.8999999999999995,0.5196078431372549,19,1.0,0.3908805210792608
