ticker,year,feature,rows,finite,missing_rate,zero_rate_finite,distinct_finite,minimum,maximum
QQQ,2022,qsize_call_local_qimb,197,194,0.015228426395939132,0.010309278350515464,193,-0.8323108384458078,0.841688654353562
QQQ,2022,qsize_call_local_log_bid_depth,197,194,0.015228426395939132,0.0,192,6.152732694704104,9.342858751676328
QQQ,2022,qsize_call_local_log_ask_depth,197,194,0.015228426395939132,0.0,190,5.541263545158426,9.21602418844448
QQQ,2022,qsize_call_relative_qimb,197,194,0.015228426395939132,0.005154639175257732,193,-0.7320633521206588,1.4633102759751835
QQQ,2022,qsize_call_local_qimb_change_1m,197,194,0.015228426395939132,0.0,194,-1.3417052381313705,1.2033031374415877
QQQ,2022,qsize_call_local_log_bid_depth_change_1m,197,194,0.015228426395939132,0.005154639175257732,194,-1.8235011197054405,1.5352230969659972
QQQ,2022,qsize_call_local_log_ask_depth_change_1m,197,194,0.015228426395939132,0.0,194,-1.7512403743920713,1.6269863826754811
QQQ,2022,qsize_call_relative_qimb_change_1m,197,194,0.015228426395939132,0.0,194,-1.250374882202287,1.355330520705298
QQQ,2022,qsize_call_local_qimb_change_5m,197,194,0.015228426395939132,0.0,194,-1.4255702280912366,1.3644296951819075
QQQ,2022,qsize_call_local_log_bid_depth_change_5m,197,194,0.015228426395939132,0.0,194,-1.5136223417834387,2.5100231338270023
QQQ,2022,qsize_call_local_log_ask_depth_change_5m,197,194,0.015228426395939132,0.0,194,-2.169661418407066,3.2368643179157077
QQQ,2022,qsize_call_relative_qimb_change_5m,197,194,0.015228426395939132,0.0,194,-1.291231032659728,1.8411544888698894
QQQ,2022,qsize_call_local_qimb_change_15m,197,194,0.015228426395939132,0.0,194,-1.557801034524239,1.417472577399883
QQQ,2022,qsize_call_local_log_bid_depth_change_15m,197,194,0.015228426395939132,0.0,194,-2.0372144017051292,1.6397655716553556
QQQ,2022,qsize_call_local_log_ask_depth_change_15m,197,194,0.015228426395939132,0.0,194,-2.249877871188186,1.8843216717425717
QQQ,2022,qsize_call_relative_qimb_change_15m,197,194,0.015228426395939132,0.0,194,-1.2979239812470431,1.7131816435385554
QQQ,2022,qsize_put_local_qimb,197,194,0.015228426395939132,0.015463917525773196,188,-0.8888888888888888,0.8571428571428571
QQQ,2022,qsize_put_local_log_bid_depth,197,194,0.015228426395939132,0.0,190,5.351858133476067,9.200189020919808
QQQ,2022,qsize_put_local_log_ask_depth,197,194,0.015228426395939132,0.0,189,6.021023349349527,9.424887076064874
QQQ,2022,qsize_put_relative_qimb,197,194,0.015228426395939132,0.015463917525773196,192,-0.768693923201193,1.0389610389610389
QQQ,2022,qsize_put_local_qimb_change_1m,197,194,0.015228426395939132,0.0,194,-1.1642512077294684,1.5613066424633588
QQQ,2022,qsize_put_local_log_bid_depth_change_1m,197,194,0.015228426395939132,0.0,194,-1.869594941180214,1.4813827868485747
QQQ,2022,qsize_put_local_log_ask_depth_change_1m,197,194,0.015228426395939132,0.0,194,-1.7263825675611875,1.7760504707170703
QQQ,2022,qsize_put_relative_qimb_change_1m,197,194,0.015228426395939132,0.0,194,-1.102017180915356,1.30366692131398
QQQ,2022,qsize_put_local_qimb_change_5m,197,194,0.015228426395939132,0.0,194,-1.3829689929571023,1.5139275874112306
QQQ,2022,qsize_put_local_log_bid_depth_change_5m,197,194,0.015228426395939132,0.0,194,-2.4215123438877075,2.849773752625362
QQQ,2022,qsize_put_local_log_ask_depth_change_5m,197,194,0.015228426395939132,0.0,194,-1.9318794259464545,2.0548592982745006
QQQ,2022,qsize_put_relative_qimb_change_5m,197,194,0.015228426395939132,0.0,194,-1.195080273229475,1.230641057458794
QQQ,2022,qsize_put_local_qimb_change_15m,197,194,0.015228426395939132,0.005154639175257732,194,-1.5128205128205128,1.198616600790514
QQQ,2022,qsize_put_local_log_bid_depth_change_15m,197,194,0.015228426395939132,0.0,194,-2.1001462150415264,3.396789533207735
QQQ,2022,qsize_put_local_log_ask_depth_change_15m,197,194,0.015228426395939132,0.0,194,-2.3185384890141796,1.998373718591055
QQQ,2022,qsize_put_relative_qimb_change_15m,197,194,0.015228426395939132,0.0,194,-1.0641208948095806,1.1665778156875288
QQQ,2022,qsize_call_local_signable_fraction,197,194,0.015228426395939132,0.0,4,0.7,1.0
QQQ,2022,qsize_call_local_signable_fraction_change_1m,197,194,0.015228426395939132,0.9948453608247423,2,-0.09999999999999998,0.0
QQQ,2022,qsize_call_local_signable_fraction_change_5m,197,194,0.015228426395939132,0.9896907216494846,3,-0.10000000000000009,0.0
QQQ,2022,qsize_call_local_signable_fraction_change_15m,197,194,0.015228426395939132,0.979381443298969,4,-0.11111111111111116,0.0
QQQ,2022,qsize_put_local_signable_fraction,197,194,0.015228426395939132,0.0,3,0.8,1.0
QQQ,2022,qsize_put_local_signable_fraction_change_1m,197,194,0.015228426395939132,1.0,1,0.0,0.0
QQQ,2022,qsize_put_local_signable_fraction_change_5m,197,194,0.015228426395939132,1.0,1,0.0,0.0
QQQ,2022,qsize_put_local_signable_fraction_change_15m,197,194,0.015228426395939132,0.9948453608247423,2,-0.09999999999999998,0.0
QQQ,2022,qsize_call_valid,197,197,0.0,0.015228426395939087,2,0.0,1.0
QQQ,2022,qsize_put_valid,197,197,0.0,0.015228426395939087,2,0.0,1.0
QQQ,2022,qsize_both_valid,197,197,0.0,0.015228426395939087,2,0.0,1.0
QQQ,2022,qsize_call_shared_local_contracts,197,197,0.0,0.015228426395939087,6,0.0,11.0
QQQ,2022,qsize_put_shared_local_contracts,197,197,0.0,0.015228426395939087,6,0.0,11.0
QQQ,2023,qsize_call_local_qimb,887,878,0.01014656144306647,0.0056947608200455585,864,-0.9455645161290323,0.9161784587652095
QQQ,2023,qsize_call_local_log_bid_depth,887,878,0.01014656144306647,0.0,869,5.484796933490655,11.22090064308431
QQQ,2023,qsize_call_local_log_ask_depth,887,878,0.01014656144306647,0.0,870,6.29156913955832,11.616735779687223
QQQ,2023,qsize_call_relative_qimb,887,878,0.01014656144306647,0.0056947608200455585,874,-1.0394944707740916,1.1665964172813488
QQQ,2023,qsize_call_local_qimb_change_1m,887,878,0.01014656144306647,0.0,878,-1.419789426016076,1.5389783485581687
QQQ,2023,qsize_call_local_log_bid_depth_change_1m,887,878,0.01014656144306647,0.0,878,-2.274653708304868,2.6691951119067108
QQQ,2023,qsize_call_local_log_ask_depth_change_1m,887,878,0.01014656144306647,0.0,878,-2.363688312094512,2.8184446092873294
QQQ,2023,qsize_call_relative_qimb_change_1m,887,878,0.01014656144306647,0.0011389521640091116,878,-1.2795726985132228,1.5100026572257348
QQQ,2023,qsize_call_local_qimb_change_5m,887,878,0.01014656144306647,0.0,878,-1.6468011860340366,1.5048722191579333
QQQ,2023,qsize_call_local_log_bid_depth_change_5m,887,878,0.01014656144306647,0.0,878,-3.057953296551199,3.5523173386846647
QQQ,2023,qsize_call_local_log_ask_depth_change_5m,887,878,0.01014656144306647,0.0,878,-2.63639408440228,3.368512946266991
QQQ,2023,qsize_call_relative_qimb_change_5m,887,878,0.01014656144306647,0.0,878,-1.560105715930193,1.4305968951408894
QQQ,2023,qsize_call_local_qimb_change_15m,887,878,0.01014656144306647,0.0,878,-1.742601191313728,1.7046715758468336
QQQ,2023,qsize_call_local_log_bid_depth_change_15m,887,878,0.01014656144306647,0.0,878,-2.907966661207186,2.7307429621152064
QQQ,2023,qsize_call_local_log_ask_depth_change_15m,887,878,0.01014656144306647,0.0,878,-3.215084029705924,2.9258297653132113
QQQ,2023,qsize_call_relative_qimb_change_15m,887,878,0.01014656144306647,0.0,878,-1.4999549350412171,1.4345533945804108
QQQ,2023,qsize_put_local_qimb,887,877,0.011273957158962844,0.00798175598631699,848,-0.9195710455764075,0.9477806788511749
QQQ,2023,qsize_put_local_log_bid_depth,887,877,0.011273957158962844,0.0,865,5.986452005284438,10.958391741441599
QQQ,2023,qsize_put_local_log_ask_depth,887,877,0.011273957158962844,0.0,869,6.049733455231958,11.094603054859508
QQQ,2023,qsize_put_relative_qimb,887,877,0.011273957158962844,0.005701254275940707,866,-1.1423210935406058,1.348574237954769
QQQ,2023,qsize_put_local_qimb_change_1m,887,877,0.011273957158962844,0.002280501710376283,873,-1.5415017279296261,1.5637867544951658
QQQ,2023,qsize_put_local_log_bid_depth_change_1m,887,877,0.011273957158962844,0.0,877,-2.897742627787835,3.372830939674899
QQQ,2023,qsize_put_local_log_ask_depth_change_1m,887,877,0.011273957158962844,0.0,877,-2.2087382219782308,2.8018499950770748
QQQ,2023,qsize_put_relative_qimb_change_1m,887,877,0.011273957158962844,0.002280501710376283,873,-1.417253592698744,1.5835523433429841
QQQ,2023,qsize_put_local_qimb_change_5m,887,877,0.011273957158962844,0.0,875,-1.7128526993231774,1.5586686763157351
QQQ,2023,qsize_put_local_log_bid_depth_change_5m,887,877,0.011273957158962844,0.0,877,-2.6931607853952855,4.1769225149826825
QQQ,2023,qsize_put_local_log_ask_depth_change_5m,887,877,0.011273957158962844,0.0011402508551881414,877,-2.932927355855509,3.5605294202314104
QQQ,2023,qsize_put_relative_qimb_change_5m,887,877,0.011273957158962844,0.0,875,-1.4158240469016006,1.4754917160882135
QQQ,2023,qsize_put_local_qimb_change_15m,887,877,0.011273957158962844,0.0,875,-1.5178303906935064,1.6637570102121217
QQQ,2023,qsize_put_local_log_bid_depth_change_15m,887,877,0.011273957158962844,0.0,877,-2.7088569780721494,3.370446649115734
QQQ,2023,qsize_put_local_log_ask_depth_change_15m,887,877,0.011273957158962844,0.0,877,-3.186919427736586,2.8634816284582874
QQQ,2023,qsize_put_relative_qimb_change_15m,887,877,0.011273957158962844,0.0,875,-1.2052410313783568,1.6512258279606176
QQQ,2023,qsize_call_local_signable_fraction,887,878,0.01014656144306647,0.0,9,0.7272727272727273,1.0
QQQ,2023,qsize_call_local_signable_fraction_change_1m,887,878,0.01014656144306647,0.9931662870159453,7,-0.11111111111111116,0.27272727272727276
QQQ,2023,qsize_call_local_signable_fraction_change_5m,887,878,0.01014656144306647,0.9829157175398633,10,-0.2727272727272727,0.5454545454545454
QQQ,2023,qsize_call_local_signable_fraction_change_15m,887,878,0.01014656144306647,0.9544419134396356,13,-0.2727272727272727,0.4545454545454546
QQQ,2023,qsize_put_local_signable_fraction,887,877,0.011273957158962844,0.0,2,0.8888888888888888,1.0
QQQ,2023,qsize_put_local_signable_fraction_change_1m,887,877,0.011273957158962844,0.9988597491448119,2,0.0,0.18181818181818177
QQQ,2023,qsize_put_local_signable_fraction_change_5m,887,877,0.011273957158962844,0.9977194982896237,3,0.0,0.11111111111111116
QQQ,2023,qsize_put_local_signable_fraction_change_15m,887,877,0.011273957158962844,0.9954389965792474,5,0.0,0.36363636363636365
QQQ,2023,qsize_call_valid,887,887,0.0,0.010146561443066516,2,0.0,1.0
QQQ,2023,qsize_put_valid,887,887,0.0,0.011273957158962795,2,0.0,1.0
QQQ,2023,qsize_both_valid,887,887,0.0,0.011273957158962795,2,0.0,1.0
QQQ,2023,qsize_call_shared_local_contracts,887,887,0.0,0.010146561443066516,9,0.0,25.0
QQQ,2023,qsize_put_shared_local_contracts,887,887,0.0,0.010146561443066516,9,0.0,25.0
QQQ,2024,qsize_call_local_qimb,1142,1130,0.010507880910682998,0.11327433628318584,951,-0.8857142857142857,0.9753086419753086
QQQ,2024,qsize_call_local_log_bid_depth,1142,1130,0.010507880910682998,0.0,1096,5.869296913133774,11.459018230901318
QQQ,2024,qsize_call_local_log_ask_depth,1142,1130,0.010507880910682998,0.0,1100,6.257667587882639,11.650301955721014
QQQ,2024,qsize_call_relative_qimb,1142,1130,0.010507880910682998,0.10176991150442478,995,-0.9736842105263158,1.1086604613516795
QQQ,2024,qsize_call_local_qimb_change_1m,1142,1130,0.010507880910682998,0.030973451327433628,1085,-1.5522138680033417,1.4164133738601823
QQQ,2024,qsize_call_local_log_bid_depth_change_1m,1142,1130,0.010507880910682998,0.002654867256637168,1128,-1.496597930344982,2.1144305335299016
QQQ,2024,qsize_call_local_log_ask_depth_change_1m,1142,1130,0.010507880910682998,0.0,1130,-1.951132093036465,1.7607543910254826
QQQ,2024,qsize_call_relative_qimb_change_1m,1142,1130,0.010507880910682998,0.023893805309734513,1092,-2.335833021887847,1.4704687390319855
QQQ,2024,qsize_call_local_qimb_change_5m,1142,1130,0.010507880910682998,0.04070796460176991,1072,-1.4955357142857144,1.493530579620913
QQQ,2024,qsize_call_local_log_bid_depth_change_5m,1142,1130,0.010507880910682998,0.0008849557522123894,1130,-1.8498087095852487,3.899385346009694
QQQ,2024,qsize_call_local_log_ask_depth_change_5m,1142,1130,0.010507880910682998,0.0017699115044247787,1129,-2.5534825070904263,4.148880311062982
QQQ,2024,qsize_call_relative_qimb_change_5m,1142,1130,0.010507880910682998,0.02920353982300885,1088,-1.4456739031086583,1.4647857879481383
QQQ,2024,qsize_call_local_qimb_change_15m,1142,1130,0.010507880910682998,0.033628318584070796,1089,-1.6623031394607273,1.7758516396280934
QQQ,2024,qsize_call_local_log_bid_depth_change_15m,1142,1130,0.010507880910682998,0.0,1130,-2.294453130403978,2.2477493473178605
QQQ,2024,qsize_call_local_log_ask_depth_change_15m,1142,1130,0.010507880910682998,0.0,1130,-2.185591219551444,2.057149890627003
QQQ,2024,qsize_call_relative_qimb_change_15m,1142,1130,0.010507880910682998,0.02654867256637168,1094,-1.6666666666666665,1.4153846153846152
QQQ,2024,qsize_put_local_qimb,1142,1129,0.011383537653239961,0.14614703277236493,886,-0.910828025477707,0.9185004074979625
QQQ,2024,qsize_put_local_log_bid_depth,1142,1129,0.011383537653239961,0.0,1091,5.963579343618446,11.636990946891194
QQQ,2024,qsize_put_local_log_ask_depth,1142,1129,0.011383537653239961,0.0,1096,5.680172609017068,11.5835889402213
QQQ,2024,qsize_put_relative_qimb,1142,1129,0.011383537653239961,0.1133746678476528,960,-0.875,1.3705599123515166
QQQ,2024,qsize_put_local_qimb_change_1m,1142,1129,0.011383537653239961,0.05934455270150576,1039,-1.2907894154247939,1.3823864251538516
QQQ,2024,qsize_put_local_log_bid_depth_change_1m,1142,1129,0.011383537653239961,0.0,1128,-2.719047955311752,2.6485887758808113
QQQ,2024,qsize_put_local_log_ask_depth_change_1m,1142,1129,0.011383537653239961,0.0,1129,-2.66871603851889,1.5343597130231075
QQQ,2024,qsize_put_relative_qimb_change_1m,1142,1129,0.011383537653239961,0.046944198405668734,1055,-1.2025623086096937,2.024937003756002
QQQ,2024,qsize_put_local_qimb_change_5m,1142,1129,0.011383537653239961,0.05934455270150576,1035,-1.7422549517521584,1.6744036670462177
QQQ,2024,qsize_put_local_log_bid_depth_change_5m,1142,1129,0.011383537653239961,0.0,1129,-3.3447078268851014,2.8552685924805026
QQQ,2024,qsize_put_local_log_ask_depth_change_5m,1142,1129,0.011383537653239961,0.0,1129,-2.9565490479829517,3.706658322350612
QQQ,2024,qsize_put_relative_qimb_change_5m,1142,1129,0.011383537653239961,0.04074402125775022,1059,-1.2673848909923895,1.930700687057059
QQQ,2024,qsize_put_local_qimb_change_15m,1142,1129,0.011383537653239961,0.05225863596102746,1049,-1.5448538011695907,1.557200123342584
QQQ,2024,qsize_put_local_log_bid_depth_change_15m,1142,1129,0.011383537653239961,0.0,1129,-3.004070243671827,2.323080686709086
QQQ,2024,qsize_put_local_log_ask_depth_change_15m,1142,1129,0.011383537653239961,0.0,1129,-2.725443899725872,2.804365951853847
QQQ,2024,qsize_put_relative_qimb_change_15m,1142,1129,0.011383537653239961,0.043401240035429584,1061,-1.1054269289724503,1.3177017457014617
QQQ,2024,qsize_call_local_signable_fraction,1142,1130,0.010507880910682998,0.0,38,0.38461538461538464,1.0
QQQ,2024,qsize_call_local_signable_fraction_change_1m,1142,1130,0.010507880910682998,0.9929203539823008,6,-0.23076923076923084,0.06666666666666665
QQQ,2024,qsize_call_local_signable_fraction_change_5m,1142,1130,0.010507880910682998,0.9610619469026549,14,-0.46153846153846156,0.07692307692307687
QQQ,2024,qsize_call_local_signable_fraction_change_15m,1142,1130,0.010507880910682998,0.9070796460176991,28,-0.46153846153846156,0.13333333333333341
QQQ,2024,qsize_put_local_signable_fraction,1142,1129,0.011383537653239961,0.0,11,0.6666666666666666,1.0
QQQ,2024,qsize_put_local_signable_fraction_change_1m,1142,1129,0.011383537653239961,0.9991142604074402,2,-0.07692307692307698,0.0
QQQ,2024,qsize_put_local_signable_fraction_change_5m,1142,1129,0.011383537653239961,0.9920283436669619,7,-0.15384615384615385,0.07692307692307687
QQQ,2024,qsize_put_local_signable_fraction_change_15m,1142,1129,0.011383537653239961,0.9875996457041629,11,-0.20000000000000007,0.15384615384615385
QQQ,2024,qsize_call_valid,1142,1142,0.0,0.010507880910683012,2,0.0,1.0
QQQ,2024,qsize_put_valid,1142,1142,0.0,0.01138353765323993,2,0.0,1.0
QQQ,2024,qsize_both_valid,1142,1142,0.0,0.01138353765323993,2,0.0,1.0
QQQ,2024,qsize_call_shared_local_contracts,1142,1142,0.0,0.010507880910683012,15,0.0,26.0
QQQ,2024,qsize_put_shared_local_contracts,1142,1142,0.0,0.010507880910683012,15,0.0,26.0
QQQ,2025,qsize_call_local_qimb,870,860,0.011494252873563204,0.17790697674418604,640,-0.7290132547864506,0.9354838709677419
QQQ,2025,qsize_call_local_log_bid_depth,870,860,0.011494252873563204,0.0,828,4.962844630259907,9.793449447327191
QQQ,2025,qsize_call_local_log_ask_depth,870,860,0.011494252873563204,0.0,840,5.288267030694535,10.32094710549266
QQQ,2025,qsize_call_relative_qimb,870,860,0.011494252873563204,0.14186046511627906,697,-1.297924297924298,1.3035714285714286
QQQ,2025,qsize_call_local_qimb_change_1m,870,860,0.011494252873563204,0.03953488372093023,810,-1.072044647387113,0.8237715461795729
QQQ,2025,qsize_call_local_log_bid_depth_change_1m,870,860,0.011494252873563204,0.0,860,-1.7066534595979723,1.8165746383477792
QQQ,2025,qsize_call_local_log_ask_depth_change_1m,870,860,0.011494252873563204,0.0,860,-1.3780975939157125,2.1050541175365627
QQQ,2025,qsize_call_relative_qimb_change_1m,870,860,0.011494252873563204,0.029069767441860465,827,-1.4108019639934535,1.0400108873162766
QQQ,2025,qsize_call_local_qimb_change_5m,870,860,0.011494252873563204,0.044186046511627906,814,-0.8623465881197839,1.1959880726484142
QQQ,2025,qsize_call_local_log_bid_depth_change_5m,870,860,0.011494252873563204,0.0,860,-2.2187473143519583,1.7106110283943519
QQQ,2025,qsize_call_local_log_ask_depth_change_5m,870,860,0.011494252873563204,0.0,860,-2.8891585001506916,1.7635071888667921
QQQ,2025,qsize_call_relative_qimb_change_5m,870,860,0.011494252873563204,0.031395348837209305,828,-1.1560615929983389,1.4088345864661656
QQQ,2025,qsize_call_local_qimb_change_15m,870,860,0.011494252873563204,0.04302325581395349,811,-0.8969277829498603,0.9144736842105263
QQQ,2025,qsize_call_local_log_bid_depth_change_15m,870,860,0.011494252873563204,0.0011627906976744186,860,-2.6866590111208914,2.6932845124950893
QQQ,2025,qsize_call_local_log_ask_depth_change_15m,870,860,0.011494252873563204,0.0,860,-2.7276539636560218,3.150291033370589
QQQ,2025,qsize_call_relative_qimb_change_15m,870,860,0.011494252873563204,0.030232558139534883,827,-1.0103668261563,1.2487191078963231
QQQ,2025,qsize_put_local_qimb,870,860,0.011494252873563204,0.2186046511627907,569,-0.6951219512195121,0.7070063694267515
QQQ,2025,qsize_put_local_log_bid_depth,870,860,0.011494252873563204,0.0,833,5.308267697401205,10.149057736411894
QQQ,2025,qsize_put_local_log_ask_depth,870,860,0.011494252873563204,0.0,833,5.627621113690637,10.432261143602751
QQQ,2025,qsize_put_relative_qimb,870,860,0.011494252873563204,0.17674418604651163,648,-0.7851656791748958,0.9239598278335724
QQQ,2025,qsize_put_local_qimb_change_1m,870,860,0.011494252873563204,0.06162790697674419,779,-0.9150360453141091,0.8765151515151515
QQQ,2025,qsize_put_local_log_bid_depth_change_1m,870,860,0.011494252873563204,0.0,860,-2.09661987821492,1.9069385865740225
QQQ,2025,qsize_put_local_log_ask_depth_change_1m,870,860,0.011494252873563204,0.0,860,-2.3359442529613306,1.6906013195413072
QQQ,2025,qsize_put_relative_qimb_change_1m,870,860,0.011494252873563204,0.047674418604651166,798,-0.9150360453141091,0.7979154603358425
QQQ,2025,qsize_put_local_qimb_change_5m,870,860,0.011494252873563204,0.07093023255813953,768,-1.1403508771929824,0.9260504201680672
QQQ,2025,qsize_put_local_log_bid_depth_change_5m,870,860,0.011494252873563204,0.0011627906976744186,860,-2.4867987979400388,1.5446240987965112
QQQ,2025,qsize_put_local_log_ask_depth_change_5m,870,860,0.011494252873563204,0.0011627906976744186,860,-2.819536118748763,2.066380842309588
QQQ,2025,qsize_put_relative_qimb_change_5m,870,860,0.011494252873563204,0.046511627906976744,801,-1.324909272925081,1.0932217821323917
QQQ,2025,qsize_put_local_qimb_change_15m,870,860,0.011494252873563204,0.056976744186046514,773,-0.8807912545549192,1.0041741204531902
QQQ,2025,qsize_put_local_log_bid_depth_change_15m,870,860,0.011494252873563204,0.0,860,-3.0539291641056483,2.644467622343506
QQQ,2025,qsize_put_local_log_ask_depth_change_15m,870,860,0.011494252873563204,0.0011627906976744186,860,-3.518575428807531,2.8895422265337896
QQQ,2025,qsize_put_relative_qimb_change_15m,870,860,0.011494252873563204,0.037209302325581395,808,-0.999128160418483,0.8946667467475109
QQQ,2025,qsize_call_local_signable_fraction,870,860,0.011494252873563204,0.0,25,0.5789473684210527,1.0
QQQ,2025,qsize_call_local_signable_fraction_change_1m,870,860,0.011494252873563204,0.9941860465116279,4,-0.05882352941176472,0.05882352941176472
QQQ,2025,qsize_call_local_signable_fraction_change_5m,870,860,0.011494252873563204,0.9604651162790697,10,-0.06666666666666665,0.05882352941176472
QQQ,2025,qsize_call_local_signable_fraction_change_15m,870,860,0.011494252873563204,0.9046511627906977,19,-0.19999999999999996,0.13333333333333341
QQQ,2025,qsize_put_local_signable_fraction,870,860,0.011494252873563204,0.0,4,0.5789473684210527,1.0
QQQ,2025,qsize_put_local_signable_fraction_change_1m,870,860,0.011494252873563204,1.0,1,0.0,0.0
QQQ,2025,qsize_put_local_signable_fraction_change_5m,870,860,0.011494252873563204,0.9976744186046511,2,-0.3157894736842105,0.0
QQQ,2025,qsize_put_local_signable_fraction_change_15m,870,860,0.011494252873563204,0.9965116279069768,4,-0.42105263157894735,0.0
QQQ,2025,qsize_call_valid,870,870,0.0,0.011494252873563218,2,0.0,1.0
QQQ,2025,qsize_put_valid,870,870,0.0,0.011494252873563218,2,0.0,1.0
QQQ,2025,qsize_both_valid,870,870,0.0,0.011494252873563218,2,0.0,1.0
QQQ,2025,qsize_call_shared_local_contracts,870,870,0.0,0.011494252873563218,10,0.0,23.0
QQQ,2025,qsize_put_shared_local_contracts,870,870,0.0,0.011494252873563218,10,0.0,23.0
SPXW,2022,qsize_call_local_qimb,320,316,0.012499999999999956,0.4272151898734177,162,-0.6,0.6
SPXW,2022,qsize_call_local_log_bid_depth,320,316,0.012499999999999956,0.0,307,5.6131281063880705,8.96610085736724
SPXW,2022,qsize_call_local_log_ask_depth,320,316,0.012499999999999956,0.0,306,5.802118375377063,9.152605321324945
SPXW,2022,qsize_call_relative_qimb,320,316,0.012499999999999956,0.38924050632911394,176,-0.9230769230769231,0.9230769230769231
SPXW,2022,qsize_call_local_qimb_change_1m,320,316,0.012499999999999956,0.24050632911392406,230,-0.5692181295358072,0.965079365079365
SPXW,2022,qsize_call_local_log_bid_depth_change_1m,320,316,0.012499999999999956,0.0,316,-1.7539489534929418,1.7635885922613586
SPXW,2022,qsize_call_local_log_ask_depth_change_1m,320,316,0.012499999999999956,0.0,316,-2.0025409216790395,1.1717470247352786
SPXW,2022,qsize_call_relative_qimb_change_1m,320,316,0.012499999999999956,0.21835443037974683,241,-1.2586211660679745,1.0312111555100447
SPXW,2022,qsize_call_local_qimb_change_5m,320,316,0.012499999999999956,0.1962025316455696,240,-0.7878787878787878,0.6337078651685393
SPXW,2022,qsize_call_local_log_bid_depth_change_5m,320,316,0.012499999999999956,0.0,316,-1.8768427924467304,1.6327852764310915
SPXW,2022,qsize_call_local_log_ask_depth_change_5m,320,316,0.012499999999999956,0.0,316,-2.0654552997050963,1.3838583063220096
SPXW,2022,qsize_call_relative_qimb_change_5m,320,316,0.012499999999999956,0.17405063291139242,250,-0.9230769230769231,1.1073519531624916
SPXW,2022,qsize_call_local_qimb_change_15m,320,316,0.012499999999999956,0.20569620253164558,239,-0.7222222222222222,0.7526881720430108
SPXW,2022,qsize_call_local_log_bid_depth_change_15m,320,316,0.012499999999999956,0.0031645569620253164,316,-1.403405044733101,1.731557574777983
SPXW,2022,qsize_call_local_log_ask_depth_change_15m,320,316,0.012499999999999956,0.0,316,-1.8108988094387524,1.675799588133187
SPXW,2022,qsize_call_relative_qimb_change_15m,320,316,0.012499999999999956,0.18354430379746836,249,-1.1038592613060698,0.8693356908310179
SPXW,2022,qsize_put_local_qimb,320,316,0.012499999999999956,0.43670886075949367,158,-0.7931034482758621,0.4690265486725664
SPXW,2022,qsize_put_local_log_bid_depth,320,316,0.012499999999999956,0.0,306,5.529429087511423,9.090880931938855
SPXW,2022,qsize_put_local_log_ask_depth,320,316,0.012499999999999956,0.0,305,5.720311776607412,9.071997422354437
SPXW,2022,qsize_put_relative_qimb,320,316,0.012499999999999956,0.43037974683544306,168,-0.8884216428371181,1.0176737299898213
SPXW,2022,qsize_put_local_qimb_change_1m,320,316,0.012499999999999956,0.22784810126582278,223,-0.9854111405835544,0.5946021174014613
SPXW,2022,qsize_put_local_log_bid_depth_change_1m,320,316,0.012499999999999956,0.0,316,-2.194575569164642,1.4654843720885964
SPXW,2022,qsize_put_local_log_ask_depth_change_1m,320,316,0.012499999999999956,0.0,316,-2.090851608417867,1.6832641547648572
SPXW,2022,qsize_put_relative_qimb_change_1m,320,316,0.012499999999999956,0.22151898734177214,236,-0.9583841135565274,1.4099848267474333
SPXW,2022,qsize_put_local_qimb_change_5m,320,316,0.012499999999999956,0.2120253164556962,240,-0.768713204373423,0.49728416237850204
SPXW,2022,qsize_put_local_log_bid_depth_change_5m,320,316,0.012499999999999956,0.0031645569620253164,316,-2.066460830207115,1.2990705571512358
SPXW,2022,qsize_put_local_log_ask_depth_change_5m,320,316,0.012499999999999956,0.0,316,-2.0010368360105373,1.7954100599837126
SPXW,2022,qsize_put_relative_qimb_change_5m,320,316,0.012499999999999956,0.19936708860759494,249,-1.051686948959567,0.9623188405797101
SPXW,2022,qsize_put_local_qimb_change_15m,320,316,0.012499999999999956,0.23417721518987342,227,-0.7596422428620572,0.6690158570349862
SPXW,2022,qsize_put_local_log_bid_depth_change_15m,320,316,0.012499999999999956,0.0,316,-1.9894483515276962,2.1577502451040846
SPXW,2022,qsize_put_local_log_ask_depth_change_15m,320,316,0.012499999999999956,0.0,316,-1.9424075185041119,1.5905099025485816
SPXW,2022,qsize_put_relative_qimb_change_15m,320,316,0.012499999999999956,0.23734177215189872,232,-0.8884216428371181,1.050041702732581
SPXW,2022,qsize_call_local_signable_fraction,320,316,0.012499999999999956,0.0,10,0.6,1.0
SPXW,2022,qsize_call_local_signable_fraction_change_1m,320,316,0.012499999999999956,0.9683544303797469,5,-0.040000000000000036,0.04347826086956519
SPXW,2022,qsize_call_local_signable_fraction_change_5m,320,316,0.012499999999999956,0.8575949367088608,8,-0.0434782608695653,0.04347826086956519
SPXW,2022,qsize_call_local_signable_fraction_change_15m,320,316,0.012499999999999956,0.8417721518987342,11,-0.12,0.08000000000000007
SPXW,2022,qsize_put_local_signable_fraction,320,316,0.012499999999999956,0.0,8,0.56,1.0
SPXW,2022,qsize_put_local_signable_fraction_change_1m,320,316,0.012499999999999956,1.0,1,0.0,0.0
SPXW,2022,qsize_put_local_signable_fraction_change_5m,320,316,0.012499999999999956,0.9778481012658228,6,-0.07999999999999996,0.07999999999999996
SPXW,2022,qsize_put_local_signable_fraction_change_15m,320,316,0.012499999999999956,0.9778481012658228,5,-0.07999999999999996,0.07999999999999996
SPXW,2022,qsize_call_valid,320,320,0.0,0.0125,2,0.0,1.0
SPXW,2022,qsize_put_valid,320,320,0.0,0.0125,2,0.0,1.0
SPXW,2022,qsize_both_valid,320,320,0.0,0.0125,2,0.0,1.0
SPXW,2022,qsize_call_shared_local_contracts,320,320,0.0,0.0125,4,0.0,25.0
SPXW,2022,qsize_put_shared_local_contracts,320,320,0.0,0.0125,4,0.0,25.0
SPXW,2023,qsize_call_local_qimb,1067,1058,0.008434864104967188,0.19659735349716445,746,-0.8482738967594854,0.9285714285714286
SPXW,2023,qsize_call_local_log_bid_depth,1067,1058,0.008434864104967188,0.0,1001,4.553876891600541,9.794174792595427
SPXW,2023,qsize_call_local_log_ask_depth,1067,1058,0.008434864104967188,0.0,1011,4.736198448394496,9.95868571300089
SPXW,2023,qsize_call_relative_qimb,1067,1058,0.008434864104967188,0.17107750472589792,795,-1.2432867883995704,1.3897435897435897
SPXW,2023,qsize_call_local_qimb_change_1m,1067,1058,0.008434864104967188,0.06143667296786389,968,-0.8914433587090965,1.0756294804777426
SPXW,2023,qsize_call_local_log_bid_depth_change_1m,1067,1058,0.008434864104967188,0.0,1058,-2.148707599891611,2.0179287414588023
SPXW,2023,qsize_call_local_log_ask_depth_change_1m,1067,1058,0.008434864104967188,0.0,1058,-1.6941209996641389,1.565732978355447
SPXW,2023,qsize_call_relative_qimb_change_1m,1067,1058,0.008434864104967188,0.048204158790170135,994,-1.8621149648314335,1.8131466756063443
SPXW,2023,qsize_call_local_qimb_change_5m,1067,1058,0.008434864104967188,0.05671077504725898,985,-0.9896103896103896,1.2012987012987013
SPXW,2023,qsize_call_local_log_bid_depth_change_5m,1067,1058,0.008434864104967188,0.0,1058,-2.592107576113847,1.6742920403282753
SPXW,2023,qsize_call_local_log_ask_depth_change_5m,1067,1058,0.008434864104967188,0.0,1058,-2.2990701508866014,1.6892106781435192
SPXW,2023,qsize_call_relative_qimb_change_5m,1067,1058,0.008434864104967188,0.043478260869565216,1001,-1.8091915435418828,2.1671616653603554
SPXW,2023,qsize_call_local_qimb_change_15m,1067,1058,0.008434864104967188,0.04725897920604915,994,-1.306122448979592,1.2053081026910721
SPXW,2023,qsize_call_local_log_bid_depth_change_15m,1067,1058,0.008434864104967188,0.0,1058,-2.5201372841718,2.38552314459604
SPXW,2023,qsize_call_local_log_ask_depth_change_15m,1067,1058,0.008434864104967188,0.0,1058,-2.5972710506305656,1.9549525452337617
SPXW,2023,qsize_call_relative_qimb_change_15m,1067,1058,0.008434864104967188,0.03969754253308128,1003,-2.047683909566878,1.9697092192847712
SPXW,2023,qsize_put_local_qimb,1067,1058,0.008434864104967188,0.23440453686200377,665,-0.9534883720930233,0.9047619047619048
SPXW,2023,qsize_put_local_log_bid_depth,1067,1058,0.008434864104967188,0.0,1010,5.099866427824199,10.039765170828677
SPXW,2023,qsize_put_local_log_ask_depth,1067,1058,0.008434864104967188,0.0,1010,4.804021044733257,10.142976782386423
SPXW,2023,qsize_put_relative_qimb,1067,1058,0.008434864104967188,0.19754253308128544,730,-1.4153846153846155,1.3243171572527181
SPXW,2023,qsize_put_local_qimb_change_1m,1067,1058,0.008434864104967188,0.07277882797731569,940,-1.2606060606060605,1.1056910569105691
SPXW,2023,qsize_put_local_log_bid_depth_change_1m,1067,1058,0.008434864104967188,0.0,1058,-1.40994855201778,1.2692378056988733
SPXW,2023,qsize_put_local_log_ask_depth_change_1m,1067,1058,0.008434864104967188,0.0,1058,-1.9494168738645232,1.7582117835419622
SPXW,2023,qsize_put_relative_qimb_change_1m,1067,1058,0.008434864104967188,0.062381852551984876,962,-1.9586752385259847,1.9415276263254881
SPXW,2023,qsize_put_local_qimb_change_5m,1067,1058,0.008434864104967188,0.07750472589792061,945,-1.0761904761904761,0.9911816578483246
SPXW,2023,qsize_put_local_log_bid_depth_change_5m,1067,1058,0.008434864104967188,0.0,1058,-2.1781309185206394,2.012920859338273
SPXW,2023,qsize_put_local_log_ask_depth_change_5m,1067,1058,0.008434864104967188,0.000945179584120983,1058,-2.208094249573123,2.159236079603991
SPXW,2023,qsize_put_relative_qimb_change_5m,1067,1058,0.008434864104967188,0.0661625708884688,962,-1.950565401871815,2.1210842936870336
SPXW,2023,qsize_put_local_qimb_change_15m,1067,1058,0.008434864104967188,0.07088846880907372,939,-1.1106442577030813,1.4
SPXW,2023,qsize_put_local_log_bid_depth_change_15m,1067,1058,0.008434864104967188,0.0,1058,-2.4793015395718774,2.7478892565557524
SPXW,2023,qsize_put_local_log_ask_depth_change_15m,1067,1058,0.008434864104967188,0.0,1058,-2.8551503229328015,2.1083003701418157
SPXW,2023,qsize_put_relative_qimb_change_15m,1067,1058,0.008434864104967188,0.054820415879017016,963,-2.0458848270100543,1.7939433573476238
SPXW,2023,qsize_call_local_signable_fraction,1067,1058,0.008434864104967188,0.0,33,0.48148148148148145,1.0
SPXW,2023,qsize_call_local_signable_fraction_change_1m,1067,1058,0.008434864104967188,0.8582230623818525,19,-0.08000000000000007,0.07999999999999996
SPXW,2023,qsize_call_local_signable_fraction_change_5m,1067,1058,0.008434864104967188,0.722117202268431,27,-0.10344827586206895,0.11111111111111105
SPXW,2023,qsize_call_local_signable_fraction_change_15m,1067,1058,0.008434864104967188,0.6351606805293005,29,-0.12,0.12
SPXW,2023,qsize_put_local_signable_fraction,1067,1058,0.008434864104967188,0.0,22,0.5185185185185185,1.0
SPXW,2023,qsize_put_local_signable_fraction_change_1m,1067,1058,0.008434864104967188,0.9697542533081286,8,-0.04347826086956519,0.03703703703703709
SPXW,2023,qsize_put_local_signable_fraction_change_5m,1067,1058,0.008434864104967188,0.9376181474480151,14,-0.10344827586206906,0.06896551724137934
SPXW,2023,qsize_put_local_signable_fraction_change_15m,1067,1058,0.008434864104967188,0.9272211720226843,16,-0.11111111111111105,0.07407407407407407
SPXW,2023,qsize_call_valid,1067,1067,0.0,0.008434864104967198,2,0.0,1.0
SPXW,2023,qsize_put_valid,1067,1067,0.0,0.008434864104967198,2,0.0,1.0
SPXW,2023,qsize_both_valid,1067,1067,0.0,0.008434864104967198,2,0.0,1.0
SPXW,2023,qsize_call_shared_local_contracts,1067,1067,0.0,0.008434864104967198,6,0.0,29.0
SPXW,2023,qsize_put_shared_local_contracts,1067,1067,0.0,0.008434864104967198,6,0.0,29.0
SPXW,2024,qsize_call_local_qimb,1156,1148,0.00692041522491349,0.4764808362369338,483,-0.6666666666666666,0.841304347826087
SPXW,2024,qsize_call_local_log_bid_depth,1156,1148,0.00692041522491349,0.0,1112,5.948034989180646,9.96571089571626
SPXW,2024,qsize_call_local_log_ask_depth,1156,1148,0.00692041522491349,0.0,1093,6.18826412308259,10.016057021139623
SPXW,2024,qsize_call_relative_qimb,1156,1148,0.00692041522491349,0.4181184668989547,547,-1.240213730721069,1.2239422274016094
SPXW,2024,qsize_call_local_qimb_change_1m,1156,1148,0.00692041522491349,0.27177700348432055,749,-0.705198570964491,0.8148254745866503
SPXW,2024,qsize_call_local_log_bid_depth_change_1m,1156,1148,0.00692041522491349,0.0,1148,-1.0660443860102502,1.1434780442069767
SPXW,2024,qsize_call_local_log_ask_depth_change_1m,1156,1148,0.00692041522491349,0.0017421602787456446,1147,-1.2782598916511922,0.896614171129821
SPXW,2024,qsize_call_relative_qimb_change_1m,1156,1148,0.00692041522491349,0.2264808362369338,794,-1.7876641947185323,1.9718624011438932
SPXW,2024,qsize_call_local_qimb_change_5m,1156,1148,0.00692041522491349,0.289198606271777,735,-0.8,0.9208612461141031
SPXW,2024,qsize_call_local_log_bid_depth_change_5m,1156,1148,0.00692041522491349,0.0,1148,-1.213890396367006,1.4322697208809405
SPXW,2024,qsize_call_local_log_ask_depth_change_5m,1156,1148,0.00692041522491349,0.0,1148,-1.2122775485053037,1.2298888889055437
SPXW,2024,qsize_call_relative_qimb_change_5m,1156,1148,0.00692041522491349,0.23867595818815332,794,-1.7749197239871557,2.2937293729372934
SPXW,2024,qsize_call_local_qimb_change_15m,1156,1148,0.00692041522491349,0.2865853658536585,724,-1.0003491807681977,1.5217859407874208
SPXW,2024,qsize_call_local_log_bid_depth_change_15m,1156,1148,0.00692041522491349,0.0,1148,-1.1848496118997627,1.345882082406555
SPXW,2024,qsize_call_local_log_ask_depth_change_15m,1156,1148,0.00692041522491349,0.0,1148,-1.371285210484138,1.1157354862731168
SPXW,2024,qsize_call_relative_qimb_change_15m,1156,1148,0.00692041522491349,0.23693379790940766,783,-1.9790557436736358,1.706959706959707
SPXW,2024,qsize_put_local_qimb,1156,1148,0.00692041522491349,0.6141114982578397,367,-0.6441988950276243,0.6666666666666666
SPXW,2024,qsize_put_local_log_bid_depth,1156,1148,0.00692041522491349,0.0,1114,6.07993319509559,10.455387938873837
SPXW,2024,qsize_put_local_log_ask_depth,1156,1148,0.00692041522491349,0.0,1101,6.0014148779611505,10.369640025590375
SPXW,2024,qsize_put_relative_qimb,1156,1148,0.00692041522491349,0.5548780487804879,442,-1.0947368421052632,1.2188413271445762
SPXW,2024,qsize_put_local_qimb_change_1m,1156,1148,0.00692041522491349,0.45034843205574915,566,-0.8012684989429175,0.6781609195402298
SPXW,2024,qsize_put_local_log_bid_depth_change_1m,1156,1148,0.00692041522491349,0.0008710801393728223,1147,-1.0256911037572634,1.177470863580429
SPXW,2024,qsize_put_local_log_ask_depth_change_1m,1156,1148,0.00692041522491349,0.0,1148,-1.533881824482938,1.5347143662381644
SPXW,2024,qsize_put_relative_qimb_change_1m,1156,1148,0.00692041522491349,0.3780487804878049,659,-1.7916666666666665,1.938300132601583
SPXW,2024,qsize_put_local_qimb_change_5m,1156,1148,0.00692041522491349,0.40853658536585363,609,-0.8285714285714286,0.8809523809523809
SPXW,2024,qsize_put_local_log_bid_depth_change_5m,1156,1148,0.00692041522491349,0.0,1148,-1.6911968882955364,1.3007201463609084
SPXW,2024,qsize_put_local_log_ask_depth_change_5m,1156,1148,0.00692041522491349,0.0008710801393728223,1148,-1.7954654648223718,2.276883075995328
SPXW,2024,qsize_put_relative_qimb_change_5m,1156,1148,0.00692041522491349,0.3554006968641115,691,-2.136987923470671,1.7403968262711738
SPXW,2024,qsize_put_local_qimb_change_15m,1156,1148,0.00692041522491349,0.42160278745644597,591,-0.717948717948718,0.8745016025017521
SPXW,2024,qsize_put_local_log_bid_depth_change_15m,1156,1148,0.00692041522491349,0.0008710801393728223,1148,-1.3873433489429239,1.6480832230377507
SPXW,2024,qsize_put_local_log_ask_depth_change_15m,1156,1148,0.00692041522491349,0.0008710801393728223,1148,-1.5848814291915696,1.7362620792159875
SPXW,2024,qsize_put_relative_qimb_change_15m,1156,1148,0.00692041522491349,0.35714285714285715,677,-1.8951587310330786,1.902804416567311
SPXW,2024,qsize_call_local_signable_fraction,1156,1148,0.00692041522491349,0.0,59,0.5833333333333334,1.0
SPXW,2024,qsize_call_local_signable_fraction_change_1m,1156,1148,0.00692041522491349,0.8614982578397212,26,-0.06896551724137934,0.06896551724137934
SPXW,2024,qsize_call_local_signable_fraction_change_5m,1156,1148,0.00692041522491349,0.6968641114982579,41,-0.06896551724137934,0.10344827586206906
SPXW,2024,qsize_call_local_signable_fraction_change_15m,1156,1148,0.00692041522491349,0.5749128919860628,50,-0.10344827586206906,0.13793103448275867
SPXW,2024,qsize_put_local_signable_fraction,1156,1148,0.00692041522491349,0.0,31,0.6216216216216216,1.0
SPXW,2024,qsize_put_local_signable_fraction_change_1m,1156,1148,0.00692041522491349,0.9773519163763066,14,-0.03448275862068961,0.06451612903225801
SPXW,2024,qsize_put_local_signable_fraction_change_5m,1156,1148,0.00692041522491349,0.9337979094076655,28,-0.08333333333333326,0.06896551724137934
SPXW,2024,qsize_put_local_signable_fraction_change_15m,1156,1148,0.00692041522491349,0.9172473867595818,37,-0.11111111111111105,0.09090909090909094
SPXW,2024,qsize_call_valid,1156,1156,0.0,0.006920415224913495,2,0.0,1.0
SPXW,2024,qsize_put_valid,1156,1156,0.0,0.006920415224913495,2,0.0,1.0
SPXW,2024,qsize_both_valid,1156,1156,0.0,0.006920415224913495,2,0.0,1.0
SPXW,2024,qsize_call_shared_local_contracts,1156,1156,0.0,0.006920415224913495,9,0.0,37.0
SPXW,2024,qsize_put_shared_local_contracts,1156,1156,0.0,0.006920415224913495,9,0.0,37.0
SPXW,2025,qsize_call_local_qimb,989,981,0.008088978766430777,0.4322120285423038,415,-0.6366183256427158,0.6
SPXW,2025,qsize_call_local_log_bid_depth,989,981,0.008088978766430777,0.0,937,5.147494476813453,9.857967037234319
SPXW,2025,qsize_call_local_log_ask_depth,989,981,0.008088978766430777,0.0,923,5.407171771460119,9.46583494017472
SPXW,2025,qsize_call_relative_qimb,989,981,0.008088978766430777,0.3904179408766565,469,-0.9047619047619048,1.1111111111111112
SPXW,2025,qsize_call_local_qimb_change_1m,989,981,0.008088978766430777,0.2222222222222222,658,-0.8328338328338328,0.6666666666666666
SPXW,2025,qsize_call_local_log_bid_depth_change_1m,989,981,0.008088978766430777,0.0,981,-1.0204309911267524,1.8648480459558927
SPXW,2025,qsize_call_local_log_ask_depth_change_1m,989,981,0.008088978766430777,0.0010193679918450561,981,-0.9824102810090451,0.9625714844381612
SPXW,2025,qsize_call_relative_qimb_change_1m,989,981,0.008088978766430777,0.18450560652395515,699,-2.2348414975746396,1.2888144375949255
SPXW,2025,qsize_call_local_qimb_change_5m,989,981,0.008088978766430777,0.22018348623853212,667,-0.9100020518648294,0.8333333333333333
SPXW,2025,qsize_call_local_log_bid_depth_change_5m,989,981,0.008088978766430777,0.0,981,-1.7384805378174297,1.97478179689862
SPXW,2025,qsize_call_local_log_ask_depth_change_5m,989,981,0.008088978766430777,0.0010193679918450561,981,-1.72910241619019,1.2823365255488257
SPXW,2025,qsize_call_relative_qimb_change_5m,989,981,0.008088978766430777,0.18552497451580022,716,-1.0666666666666667,1.425592515468974
SPXW,2025,qsize_call_local_qimb_change_15m,989,981,0.008088978766430777,0.2069317023445464,663,-0.6668690241311277,0.6766183256427158
SPXW,2025,qsize_call_local_log_bid_depth_change_15m,989,981,0.008088978766430777,0.0010193679918450561,981,-1.6237259525571117,1.5703687667412591
SPXW,2025,qsize_call_local_log_ask_depth_change_15m,989,981,0.008088978766430777,0.0,981,-1.8576212669911678,1.184668731145095
SPXW,2025,qsize_call_relative_qimb_change_15m,989,981,0.008088978766430777,0.16106014271151886,714,-1.1465677179962894,1.5547112462006079
SPXW,2025,qsize_put_local_qimb,989,981,0.008088978766430777,0.5494393476044852,338,-0.6,0.6046511627906976
SPXW,2025,qsize_put_local_log_bid_depth,989,981,0.008088978766430777,0.0,936,5.298317366548036,9.666181687409415
SPXW,2025,qsize_put_local_log_ask_depth,989,981,0.008088978766430777,0.0,937,5.159055299214529,9.455793210210228
SPXW,2025,qsize_put_relative_qimb,989,981,0.008088978766430777,0.509683995922528,394,-0.616461366181411,1.0332225913621262
SPXW,2025,qsize_put_local_qimb_change_1m,989,981,0.008088978766430777,0.33537206931702346,561,-0.6566461427019197,0.9271028037383178
SPXW,2025,qsize_put_local_log_bid_depth_change_1m,989,981,0.008088978766430777,0.0020387359836901123,980,-1.5857485040931483,1.4439600029696997
SPXW,2025,qsize_put_local_log_ask_depth_change_1m,989,981,0.008088978766430777,0.0010193679918450561,981,-1.0458652618467381,1.8297666951907345
SPXW,2025,qsize_put_relative_qimb_change_1m,989,981,0.008088978766430777,0.30988786952089703,605,-0.912912912912913,0.9271028037383178
SPXW,2025,qsize_put_local_qimb_change_5m,989,981,0.008088978766430777,0.3312945973496432,562,-0.9333333333333333,0.6046511627906976
SPXW,2025,qsize_put_local_log_bid_depth_change_5m,989,981,0.008088978766430777,0.0,981,-1.7402983386998248,1.7470092734294402
SPXW,2025,qsize_put_local_log_ask_depth_change_5m,989,981,0.008088978766430777,0.0,981,-1.716661642996975,1.9473550272145
SPXW,2025,qsize_put_relative_qimb_change_5m,989,981,0.008088978766430777,0.29357798165137616,614,-1.221420257880968,1.0332225913621262
SPXW,2025,qsize_put_local_qimb_change_15m,989,981,0.008088978766430777,0.3312945973496432,558,-0.6666666666666666,0.6046511627906976
SPXW,2025,qsize_put_local_log_bid_depth_change_15m,989,981,0.008088978766430777,0.0,981,-2.3605963853505116,1.7895495235772518
SPXW,2025,qsize_put_local_log_ask_depth_change_15m,989,981,0.008088978766430777,0.0,981,-2.0715885093320185,1.873872809184034
SPXW,2025,qsize_put_relative_qimb_change_15m,989,981,0.008088978766430777,0.29561671763506625,615,-1.2363467544526041,1.0332225913621262
SPXW,2025,qsize_call_local_signable_fraction,989,981,0.008088978766430777,0.0,51,0.6216216216216216,1.0
SPXW,2025,qsize_call_local_signable_fraction_change_1m,989,981,0.008088978766430777,0.8593272171253823,21,-0.05405405405405406,0.05405405405405406
SPXW,2025,qsize_call_local_signable_fraction_change_5m,989,981,0.008088978766430777,0.6972477064220184,33,-0.10256410256410253,0.08108108108108103
SPXW,2025,qsize_call_local_signable_fraction_change_15m,989,981,0.008088978766430777,0.6044852191641182,43,-0.1282051282051282,0.10810810810810811
SPXW,2025,qsize_put_local_signable_fraction,989,981,0.008088978766430777,0.0,10,0.5365853658536586,1.0
SPXW,2025,qsize_put_local_signable_fraction_change_1m,989,981,0.008088978766430777,0.9969418960244648,3,0.0,0.05128205128205132
SPXW,2025,qsize_put_local_signable_fraction_change_5m,989,981,0.008088978766430777,0.9857288481141692,9,-0.08108108108108103,0.04878048780487809
SPXW,2025,qsize_put_local_signable_fraction_change_15m,989,981,0.008088978766430777,0.9867482161060143,12,-0.2702702702702703,0.05128205128205132
SPXW,2025,qsize_call_valid,989,989,0.0,0.008088978766430738,2,0.0,1.0
SPXW,2025,qsize_put_valid,989,989,0.0,0.008088978766430738,2,0.0,1.0
SPXW,2025,qsize_both_valid,989,989,0.0,0.008088978766430738,2,0.0,1.0
SPXW,2025,qsize_call_shared_local_contracts,989,989,0.0,0.008088978766430738,11,0.0,41.0
SPXW,2025,qsize_put_shared_local_contracts,989,989,0.0,0.008088978766430738,11,0.0,41.0
SPY,2022,qsize_call_local_qimb,258,257,0.003875968992248069,0.22957198443579765,187,-0.8598726114649682,0.8571428571428571
SPY,2022,qsize_call_local_log_bid_depth,258,257,0.003875968992248069,0.0,256,6.343880434126331,10.561007555452923
SPY,2022,qsize_call_local_log_ask_depth,258,257,0.003875968992248069,0.0,256,6.439350371100098,10.771197098403393
SPY,2022,qsize_call_relative_qimb,258,257,0.003875968992248069,0.19844357976653695,195,-0.9158716814698393,1.6296296296296298
SPY,2022,qsize_call_local_qimb_change_1m,258,257,0.003875968992248069,0.10505836575875487,226,-1.1518461091614833,1.2549975621647977
SPY,2022,qsize_call_local_log_bid_depth_change_1m,258,257,0.003875968992248069,0.0,257,-2.100526987564254,2.3226940459167595
SPY,2022,qsize_call_local_log_ask_depth_change_1m,258,257,0.003875968992248069,0.0,257,-1.6029914759277801,1.6119792098627723
SPY,2022,qsize_call_relative_qimb_change_1m,258,257,0.003875968992248069,0.0933852140077821,230,-1.1518461091614833,1.2549975621647977
SPY,2022,qsize_call_local_qimb_change_5m,258,257,0.003875968992248069,0.07782101167315175,233,-1.0430179494980225,1.0849420849420848
SPY,2022,qsize_call_local_log_bid_depth_change_5m,258,257,0.003875968992248069,0.0,257,-1.8818172465392413,2.025926156241564
SPY,2022,qsize_call_local_log_ask_depth_change_5m,258,257,0.003875968992248069,0.0,257,-1.979284960723236,1.901963772503338
SPY,2022,qsize_call_relative_qimb_change_5m,258,257,0.003875968992248069,0.058365758754863814,238,-1.113637679136869,1.1978679283801776
SPY,2022,qsize_call_local_qimb_change_15m,258,257,0.003875968992248069,0.08171206225680934,232,-1.157188705149843,1.4478632478632478
SPY,2022,qsize_call_local_log_bid_depth_change_15m,258,257,0.003875968992248069,0.0,257,-1.6111928586407345,2.042615045710039
SPY,2022,qsize_call_local_log_ask_depth_change_15m,258,257,0.003875968992248069,0.0,257,-2.3168436290480727,2.257923139752668
SPY,2022,qsize_call_relative_qimb_change_15m,258,257,0.003875968992248069,0.0622568093385214,238,-1.157188705149843,1.6296296296296298
SPY,2022,qsize_put_local_qimb,258,257,0.003875968992248069,0.26459143968871596,176,-0.9038461538461539,0.980749539217694
SPY,2022,qsize_put_local_log_bid_depth,258,257,0.003875968992248069,0.0,256,6.665683717782408,10.768169150677053
SPY,2022,qsize_put_local_log_ask_depth,258,257,0.003875968992248069,0.0,253,6.658011045870748,11.104671471534129
SPY,2022,qsize_put_relative_qimb,258,257,0.003875968992248069,0.2490272373540856,185,-0.9687369786221411,1.0963031811377266
SPY,2022,qsize_put_local_qimb_change_1m,258,257,0.003875968992248069,0.13618677042801555,214,-0.9445233589542474,1.0284313725490195
SPY,2022,qsize_put_local_log_bid_depth_change_1m,258,257,0.003875968992248069,0.0,257,-1.7655157604668537,1.3747004647837695
SPY,2022,qsize_put_local_log_ask_depth_change_1m,258,257,0.003875968992248069,0.0,257,-2.0441514496684965,2.652106044567427
SPY,2022,qsize_put_relative_qimb_change_1m,258,257,0.003875968992248069,0.11673151750972763,221,-0.9445233589542474,1.3729161534039582
SPY,2022,qsize_put_local_qimb_change_5m,258,257,0.003875968992248069,0.11284046692607004,223,-1.396928327645051,1.4530642094287436
SPY,2022,qsize_put_local_log_bid_depth_change_5m,258,257,0.003875968992248069,0.0,257,-2.040475573146453,1.6250116108685182
SPY,2022,qsize_put_local_log_ask_depth_change_5m,258,257,0.003875968992248069,0.0,257,-2.2647736149116637,2.348905990383976
SPY,2022,qsize_put_relative_qimb_change_5m,258,257,0.003875968992248069,0.10505836575875487,225,-1.396928327645051,1.6108090364372047
SPY,2022,qsize_put_local_qimb_change_15m,258,257,0.003875968992248069,0.08949416342412451,224,-1.3136004568382982,1.3213247863358097
SPY,2022,qsize_put_local_log_bid_depth_change_15m,258,257,0.003875968992248069,0.0,257,-2.6683604514148165,2.2356488234748833
SPY,2022,qsize_put_local_log_ask_depth_change_15m,258,257,0.003875968992248069,0.0,257,-2.3121918915854094,2.0470912816930618
SPY,2022,qsize_put_relative_qimb_change_15m,258,257,0.003875968992248069,0.0622568093385214,233,-1.3832869137787034,1.576423828244938
SPY,2022,qsize_call_local_signable_fraction,258,257,0.003875968992248069,0.0,7,0.6923076923076923,1.0
SPY,2022,qsize_call_local_signable_fraction_change_1m,258,257,0.003875968992248069,1.0,1,0.0,0.0
SPY,2022,qsize_call_local_signable_fraction_change_5m,258,257,0.003875968992248069,0.9844357976653697,4,-0.15384615384615385,0.09090909090909094
SPY,2022,qsize_call_local_signable_fraction_change_15m,258,257,0.003875968992248069,0.9688715953307393,5,-0.15384615384615385,0.09090909090909094
SPY,2022,qsize_put_local_signable_fraction,258,257,0.003875968992248069,0.0,4,0.7692307692307693,1.0
SPY,2022,qsize_put_local_signable_fraction_change_1m,258,257,0.003875968992248069,1.0,1,0.0,0.0
SPY,2022,qsize_put_local_signable_fraction_change_5m,258,257,0.003875968992248069,0.9961089494163424,2,-0.07692307692307687,0.0
SPY,2022,qsize_put_local_signable_fraction_change_15m,258,257,0.003875968992248069,0.9883268482490273,3,-0.07692307692307698,0.0
SPY,2022,qsize_call_valid,258,258,0.0,0.003875968992248062,2,0.0,1.0
SPY,2022,qsize_put_valid,258,258,0.0,0.003875968992248062,2,0.0,1.0
SPY,2022,qsize_both_valid,258,258,0.0,0.003875968992248062,2,0.0,1.0
SPY,2022,qsize_call_shared_local_contracts,258,258,0.0,0.003875968992248062,8,0.0,15.0
SPY,2022,qsize_put_shared_local_contracts,258,258,0.0,0.003875968992248062,8,0.0,15.0
SPY,2023,qsize_call_local_qimb,1218,1212,0.0049261083743842304,0.2747524752475248,777,-0.8872684598931286,0.9695606394180147
SPY,2023,qsize_call_local_log_bid_depth,1218,1212,0.0049261083743842304,0.0,1202,7.244941546337007,11.233462853342674
SPY,2023,qsize_call_local_log_ask_depth,1218,1212,0.0049261083743842304,0.0,1207,7.362645270417825,11.643471154816872
SPY,2023,qsize_call_relative_qimb,1218,1212,0.0049261083743842304,0.24834983498349836,807,-1.3559196519485328,1.1120743819253862
SPY,2023,qsize_call_local_qimb_change_1m,1218,1212,0.0049261083743842304,0.10891089108910891,1038,-1.5571271326362135,1.6612528405934754
SPY,2023,qsize_call_local_log_bid_depth_change_1m,1218,1212,0.0049261083743842304,0.0008250825082508251,1212,-1.907306397408794,2.257118812339197
SPY,2023,qsize_call_local_log_ask_depth_change_1m,1218,1212,0.0049261083743842304,0.0008250825082508251,1212,-1.2140896660330736,2.2863121684317536
SPY,2023,qsize_call_relative_qimb_change_1m,1218,1212,0.0049261083743842304,0.09323432343234324,1058,-2.1248639292726983,2.0537165452195736
SPY,2023,qsize_call_local_qimb_change_5m,1218,1212,0.0049261083743842304,0.10396039603960396,1030,-1.2325099396636714,1.7636926946732312
SPY,2023,qsize_call_local_log_bid_depth_change_5m,1218,1212,0.0049261083743842304,0.0008250825082508251,1212,-2.5467413300351103,2.5601951649828205
SPY,2023,qsize_call_local_log_ask_depth_change_5m,1218,1212,0.0049261083743842304,0.0008250825082508251,1212,-1.7692478099623994,1.7380243635370514
SPY,2023,qsize_call_relative_qimb_change_5m,1218,1212,0.0049261083743842304,0.09075907590759076,1054,-1.9017387534756445,2.039762077121881
SPY,2023,qsize_call_local_qimb_change_15m,1218,1212,0.0049261083743842304,0.08828382838283828,1053,-1.117549403783761,1.3029437340932768
SPY,2023,qsize_call_local_log_bid_depth_change_15m,1218,1212,0.0049261083743842304,0.0,1212,-3.0450934493812314,2.1534013107951253
SPY,2023,qsize_call_local_log_ask_depth_change_15m,1218,1212,0.0049261083743842304,0.0,1212,-2.188580999194766,3.4016974037323706
SPY,2023,qsize_call_relative_qimb_change_15m,1218,1212,0.0049261083743842304,0.07673267326732673,1077,-2.058588920603838,2.1002559559248493
SPY,2023,qsize_put_local_qimb,1218,1211,0.005747126436781658,0.28819157720891825,734,-0.9581486952240276,0.9417024320457796
SPY,2023,qsize_put_local_log_bid_depth,1218,1211,0.005747126436781658,0.0,1202,6.3835066348840055,11.468064073058205
SPY,2023,qsize_put_local_log_ask_depth,1218,1211,0.005747126436781658,0.0,1205,5.87493073085203,11.85638750163666
SPY,2023,qsize_put_relative_qimb,1218,1211,0.005747126436781658,0.26011560693641617,767,-1.4051294077516736,1.285416990215872
SPY,2023,qsize_put_local_qimb_change_1m,1218,1211,0.005747126436781658,0.12303881090008258,993,-1.146841682591156,1.2476999012833168
SPY,2023,qsize_put_local_log_bid_depth_change_1m,1218,1211,0.005747126436781658,0.0008257638315441783,1211,-2.836347674980402,3.6109179126442243
SPY,2023,qsize_put_local_log_ask_depth_change_1m,1218,1211,0.005747126436781658,0.0008257638315441783,1211,-3.0245271755019356,3.842633229788336
SPY,2023,qsize_put_relative_qimb_change_1m,1218,1211,0.005747126436781658,0.10982658959537572,1021,-2.07335388004533,1.794871794871795
SPY,2023,qsize_put_local_qimb_change_5m,1218,1211,0.005747126436781658,0.11147811725846409,1021,-1.3105328333803004,1.3525508629280467
SPY,2023,qsize_put_local_log_bid_depth_change_5m,1218,1211,0.005747126436781658,0.0008257638315441783,1211,-2.383060080162652,4.497782926513828
SPY,2023,qsize_put_local_log_ask_depth_change_5m,1218,1211,0.005747126436781658,0.0008257638315441783,1211,-3.146788282181669,3.3274460216964625
SPY,2023,qsize_put_relative_qimb_change_5m,1218,1211,0.005747126436781658,0.09248554913294797,1042,-2.1061528016929536,2.0106291087317896
SPY,2023,qsize_put_local_qimb_change_15m,1218,1211,0.005747126436781658,0.09744013212221304,1025,-1.543482429056255,1.835796433282638
SPY,2023,qsize_put_local_log_bid_depth_change_15m,1218,1211,0.005747126436781658,0.0,1211,-2.344162143531787,3.162530636787051
SPY,2023,qsize_put_local_log_ask_depth_change_15m,1218,1211,0.005747126436781658,0.0,1211,-2.4251471747109576,3.843728064337549
SPY,2023,qsize_put_relative_qimb_change_15m,1218,1211,0.005747126436781658,0.08009909165978531,1052,-2.0194259759911057,1.8698883914639612
SPY,2023,qsize_call_local_signable_fraction,1218,1212,0.0049261083743842304,0.0,18,0.6666666666666666,1.0
SPY,2023,qsize_call_local_signable_fraction_change_1m,1218,1212,0.0049261083743842304,0.9867986798679867,9,-0.07692307692307698,0.4615384615384615
SPY,2023,qsize_call_local_signable_fraction_change_5m,1218,1212,0.0049261083743842304,0.9702970297029703,11,-0.15384615384615385,0.23076923076923073
SPY,2023,qsize_call_local_signable_fraction_change_15m,1218,1212,0.0049261083743842304,0.9158415841584159,14,-0.15384615384615385,0.23076923076923073
SPY,2023,qsize_put_local_signable_fraction,1218,1211,0.005747126436781658,0.0,4,0.5384615384615384,1.0
SPY,2023,qsize_put_local_signable_fraction_change_1m,1218,1211,0.005747126436781658,0.9991742361684558,2,0.0,0.30769230769230765
SPY,2023,qsize_put_local_signable_fraction_change_5m,1218,1211,0.005747126436781658,0.9975227085053675,4,-0.46153846153846156,0.15384615384615385
SPY,2023,qsize_put_local_signable_fraction_change_15m,1218,1211,0.005747126436781658,0.9942196531791907,6,-0.46153846153846156,0.46153846153846156
SPY,2023,qsize_call_valid,1218,1218,0.0,0.0049261083743842365,2,0.0,1.0
SPY,2023,qsize_put_valid,1218,1218,0.0,0.005747126436781609,2,0.0,1.0
SPY,2023,qsize_both_valid,1218,1218,0.0,0.005747126436781609,2,0.0,1.0
SPY,2023,qsize_call_shared_local_contracts,1218,1218,0.0,0.0049261083743842365,7,0.0,16.0
SPY,2023,qsize_put_shared_local_contracts,1218,1218,0.0,0.0049261083743842365,7,0.0,16.0
SPY,2024,qsize_call_local_qimb,1295,1285,0.007722007722007707,0.25214007782101167,904,-0.8863636363636364,0.948051948051948
SPY,2024,qsize_call_local_log_bid_depth,1295,1285,0.007722007722007707,0.0,1256,6.317164686747284,11.077980051539555
SPY,2024,qsize_call_local_log_ask_depth,1295,1285,0.007722007722007707,0.0,1270,6.52649485957079,11.474517221673908
SPY,2024,qsize_call_relative_qimb,1295,1285,0.007722007722007707,0.18132295719844357,1002,-1.4688608276845339,1.1033401449972038
SPY,2024,qsize_call_local_qimb_change_1m,1295,1285,0.007722007722007707,0.09416342412451362,1139,-1.4773167717279265,1.160462888523064
SPY,2024,qsize_call_local_log_bid_depth_change_1m,1295,1285,0.007722007722007707,0.0,1285,-1.4500815352662606,1.9060310559522033
SPY,2024,qsize_call_local_log_ask_depth_change_1m,1295,1285,0.007722007722007707,0.0,1285,-1.2651223986492202,1.6513204066239844
SPY,2024,qsize_call_relative_qimb_change_1m,1295,1285,0.007722007722007707,0.05603112840466926,1188,-1.4773167717279265,1.56392049286011
SPY,2024,qsize_call_local_qimb_change_5m,1295,1285,0.007722007722007707,0.09571984435797666,1141,-1.3904661425750575,1.323077846347733
SPY,2024,qsize_call_local_log_bid_depth_change_5m,1295,1285,0.007722007722007707,0.0,1285,-1.599853845488047,2.128447307463712
SPY,2024,qsize_call_local_log_ask_depth_change_5m,1295,1285,0.007722007722007707,0.0,1285,-1.8447696587370075,2.2199735663955966
SPY,2024,qsize_call_relative_qimb_change_5m,1295,1285,0.007722007722007707,0.052140077821011675,1198,-2.0795205878417202,2.3652738587405526
SPY,2024,qsize_call_local_qimb_change_15m,1295,1285,0.007722007722007707,0.0669260700389105,1170,-1.334675358588402,1.0995188655355788
SPY,2024,qsize_call_local_log_bid_depth_change_15m,1295,1285,0.007722007722007707,0.0,1285,-1.8538136297174344,2.0064146011920156
SPY,2024,qsize_call_local_log_ask_depth_change_15m,1295,1285,0.007722007722007707,0.0,1285,-2.018701183855562,2.3206563313783235
SPY,2024,qsize_call_relative_qimb_change_15m,1295,1285,0.007722007722007707,0.036575875486381325,1220,-2.0345268272375967,1.67431985117849
SPY,2024,qsize_put_local_qimb,1295,1285,0.007722007722007707,0.1992217898832685,916,-0.9169715285509782,0.8668390433096316
SPY,2024,qsize_put_local_log_bid_depth,1295,1285,0.007722007722007707,0.0,1272,5.4116460518550396,11.328533766911674
SPY,2024,qsize_put_local_log_ask_depth,1295,1285,0.007722007722007707,0.0,1270,6.541029999189903,11.811851585517472
SPY,2024,qsize_put_relative_qimb,1295,1285,0.007722007722007707,0.19299610894941635,982,-1.2137519776255126,0.8867757200527051
SPY,2024,qsize_put_local_qimb_change_1m,1295,1285,0.007722007722007707,0.08793774319066149,1150,-1.0966041421452004,1.0851259422687993
SPY,2024,qsize_put_local_log_bid_depth_change_1m,1295,1285,0.007722007722007707,0.0,1285,-1.8505029295023538,1.7785216721469315
SPY,2024,qsize_put_local_log_ask_depth_change_1m,1295,1285,0.007722007722007707,0.0,1285,-1.7856151676946634,1.7144609478389876
SPY,2024,qsize_put_relative_qimb_change_1m,1295,1285,0.007722007722007707,0.07392996108949416,1170,-1.0966041421452004,1.3931807076432547
SPY,2024,qsize_put_local_qimb_change_5m,1295,1285,0.007722007722007707,0.07003891050583658,1164,-1.1406069919323856,1.1472128750853325
SPY,2024,qsize_put_local_log_bid_depth_change_5m,1295,1285,0.007722007722007707,0.0,1285,-2.078403267010132,2.667121363267574
SPY,2024,qsize_put_local_log_ask_depth_change_5m,1295,1285,0.007722007722007707,0.0,1285,-2.7699091875408115,2.9291546377975513
SPY,2024,qsize_put_relative_qimb_change_5m,1295,1285,0.007722007722007707,0.058365758754863814,1185,-1.2003546437225843,1.2722577442880376
SPY,2024,qsize_put_local_qimb_change_15m,1295,1285,0.007722007722007707,0.05992217898832685,1171,-1.17874858276644,1.1391757077437124
SPY,2024,qsize_put_local_log_bid_depth_change_15m,1295,1285,0.007722007722007707,0.0,1285,-2.1611160045978792,2.4484820239367195
SPY,2024,qsize_put_local_log_ask_depth_change_15m,1295,1285,0.007722007722007707,0.0,1285,-2.716234518306985,3.0569286273253953
SPY,2024,qsize_put_relative_qimb_change_15m,1295,1285,0.007722007722007707,0.0490272373540856,1193,-1.1773272894387772,1.0503012449580718
SPY,2024,qsize_call_local_signable_fraction,1295,1285,0.007722007722007707,0.0,32,0.631578947368421,1.0
SPY,2024,qsize_call_local_signable_fraction_change_1m,1295,1285,0.007722007722007707,0.9859922178988327,8,-0.06666666666666665,0.06666666666666676
SPY,2024,qsize_call_local_signable_fraction_change_5m,1295,1285,0.007722007722007707,0.9494163424124513,14,-0.06666666666666676,0.11764705882352944
SPY,2024,qsize_call_local_signable_fraction_change_15m,1295,1285,0.007722007722007707,0.8708171206225681,19,-0.1333333333333333,0.17647058823529416
SPY,2024,qsize_put_local_signable_fraction,1295,1285,0.007722007722007707,0.0,11,0.6470588235294118,1.0
SPY,2024,qsize_put_local_signable_fraction_change_1m,1295,1285,0.007722007722007707,0.998443579766537,3,-0.05882352941176472,0.05882352941176472
SPY,2024,qsize_put_local_signable_fraction_change_5m,1295,1285,0.007722007722007707,0.9922178988326849,6,-0.06666666666666665,0.06666666666666665
SPY,2024,qsize_put_local_signable_fraction_change_15m,1295,1285,0.007722007722007707,0.9797665369649805,12,-0.17647058823529405,0.11764705882352944
SPY,2024,qsize_call_valid,1295,1295,0.0,0.007722007722007722,2,0.0,1.0
SPY,2024,qsize_put_valid,1295,1295,0.0,0.007722007722007722,2,0.0,1.0
SPY,2024,qsize_both_valid,1295,1295,0.0,0.007722007722007722,2,0.0,1.0
SPY,2024,qsize_call_shared_local_contracts,1295,1295,0.0,0.007722007722007722,12,0.0,21.0
SPY,2024,qsize_put_shared_local_contracts,1295,1295,0.0,0.007722007722007722,12,0.0,21.0
SPY,2025,qsize_call_local_qimb,1284,1274,0.007788161993769416,0.18053375196232338,957,-0.8243243243243243,0.72289972899729
SPY,2025,qsize_call_local_log_bid_depth,1284,1274,0.007788161993769416,0.0,1258,5.634789603169249,11.239816684367907
SPY,2025,qsize_call_local_log_ask_depth,1284,1274,0.007788161993769416,0.0,1260,5.552959584921617,11.802650449255891
SPY,2025,qsize_call_relative_qimb,1284,1274,0.007788161993769416,0.12244897959183673,1035,-1.542319749216301,0.855667417628837
SPY,2025,qsize_call_local_qimb_change_1m,1284,1274,0.007788161993769416,0.05259026687598116,1176,-1.0379545036482924,1.478670391692748
SPY,2025,qsize_call_local_log_bid_depth_change_1m,1284,1274,0.007788161993769416,0.0,1274,-2.2925387798365957,1.896316090420724
SPY,2025,qsize_call_local_log_ask_depth_change_1m,1284,1274,0.007788161993769416,0.0,1274,-1.915715313722389,1.485728258108078
SPY,2025,qsize_call_relative_qimb_change_1m,1284,1274,0.007788161993769416,0.027472527472527472,1223,-1.1670866681589356,1.5202020202020203
SPY,2025,qsize_call_local_qimb_change_5m,1284,1274,0.007788161993769416,0.044740973312401885,1201,-1.1007644240460206,1.2750197005516155
SPY,2025,qsize_call_local_log_bid_depth_change_5m,1284,1274,0.007788161993769416,0.0,1274,-2.610022657392843,3.0368122992974556
SPY,2025,qsize_call_local_log_ask_depth_change_5m,1284,1274,0.007788161993769416,0.0,1274,-3.388437691168992,1.9066661120148716
SPY,2025,qsize_call_relative_qimb_change_5m,1284,1274,0.007788161993769416,0.022762951334379906,1235,-1.4465982719777126,1.5672107829181445
SPY,2025,qsize_call_local_qimb_change_15m,1284,1274,0.007788161993769416,0.05416012558869702,1191,-1.2808510638297872,1.0400105988341282
SPY,2025,qsize_call_local_log_bid_depth_change_15m,1284,1274,0.007788161993769416,0.0,1274,-2.791972678834524,2.0024268205428104
SPY,2025,qsize_call_local_log_ask_depth_change_15m,1284,1274,0.007788161993769416,0.0,1274,-3.374097004003355,2.071636038225634
SPY,2025,qsize_call_relative_qimb_change_15m,1284,1274,0.007788161993769416,0.026687598116169546,1226,-2.1501996741693965,1.6717322644740955
SPY,2025,qsize_put_local_qimb,1284,1274,0.007788161993769416,0.18288854003139718,869,-0.730567777079405,0.8297872340425532
SPY,2025,qsize_put_local_log_bid_depth,1284,1274,0.007788161993769416,0.0,1259,5.517452896464707,11.398468142992403
SPY,2025,qsize_put_local_log_ask_depth,1284,1274,0.007788161993769416,0.0,1265,4.969813299576001,11.69544700176685
SPY,2025,qsize_put_relative_qimb,1284,1274,0.007788161993769416,0.1130298273155416,1039,-1.0181818181818183,0.8297872340425532
SPY,2025,qsize_put_local_qimb_change_1m,1284,1274,0.007788161993769416,0.0565149136577708,1154,-0.7804423128164135,1.104297037964122
SPY,2025,qsize_put_local_log_bid_depth_change_1m,1284,1274,0.007788161993769416,0.0,1274,-2.394701301970432,1.3645045877742632
SPY,2025,qsize_put_local_log_ask_depth_change_1m,1284,1274,0.007788161993769416,0.0,1274,-2.9553151345128423,2.3316668860031804
SPY,2025,qsize_put_relative_qimb_change_1m,1284,1274,0.007788161993769416,0.02511773940345369,1207,-1.8041055718475074,1.3192505522100362
SPY,2025,qsize_put_local_qimb_change_5m,1284,1274,0.007788161993769416,0.0423861852433281,1174,-0.8810916179337231,1.2940074906367043
SPY,2025,qsize_put_local_log_bid_depth_change_5m,1284,1274,0.007788161993769416,0.0,1274,-3.950590964512135,2.379186486580892
SPY,2025,qsize_put_local_log_ask_depth_change_5m,1284,1274,0.007788161993769416,0.0,1274,-4.87876223050135,2.184802057337663
SPY,2025,qsize_put_relative_qimb_change_5m,1284,1274,0.007788161993769416,0.016483516483516484,1227,-1.239285631084786,1.4514819670476056
SPY,2025,qsize_put_local_qimb_change_15m,1284,1274,0.007788161993769416,0.05337519623233909,1152,-0.8569872340425532,1.0314735336194563
SPY,2025,qsize_put_local_log_bid_depth_change_15m,1284,1274,0.007788161993769416,0.0,1274,-4.008747535683114,2.4226250949761257
SPY,2025,qsize_put_local_log_ask_depth_change_15m,1284,1274,0.007788161993769416,0.0,1274,-4.712301063454831,2.947905125844981
SPY,2025,qsize_put_relative_qimb_change_15m,1284,1274,0.007788161993769416,0.029827315541601257,1208,-1.313832623540383,1.4087640068790859
SPY,2025,qsize_call_local_signable_fraction,1284,1274,0.007788161993769416,0.0,22,0.6190476190476191,1.0
SPY,2025,qsize_call_local_signable_fraction_change_1m,1284,1274,0.007788161993769416,0.9929356357927787,5,-0.26315789473684215,0.0
SPY,2025,qsize_call_local_signable_fraction_change_5m,1284,1274,0.007788161993769416,0.9678178963893249,14,-0.368421052631579,0.09523809523809523
SPY,2025,qsize_call_local_signable_fraction_change_15m,1284,1274,0.007788161993769416,0.9097331240188383,17,-0.368421052631579,0.11764705882352933
SPY,2025,qsize_put_local_signable_fraction,1284,1274,0.007788161993769416,0.0,5,0.3684210526315789,1.0
SPY,2025,qsize_put_local_signable_fraction_change_1m,1284,1274,0.007788161993769416,0.9992150706436421,2,-0.3684210526315789,0.0
SPY,2025,qsize_put_local_signable_fraction_change_5m,1284,1274,0.007788161993769416,0.9992150706436421,2,-0.631578947368421,0.0
SPY,2025,qsize_put_local_signable_fraction_change_15m,1284,1274,0.007788161993769416,0.9960753532182104,5,-0.631578947368421,0.0
SPY,2025,qsize_call_valid,1284,1284,0.0,0.00778816199376947,2,0.0,1.0
SPY,2025,qsize_put_valid,1284,1284,0.0,0.00778816199376947,2,0.0,1.0
SPY,2025,qsize_both_valid,1284,1284,0.0,0.00778816199376947,2,0.0,1.0
SPY,2025,qsize_call_shared_local_contracts,1284,1284,0.0,0.006230529595015576,10,0.0,23.0
SPY,2025,qsize_put_shared_local_contracts,1284,1284,0.0,0.006230529595015576,10,0.0,23.0
