cell_id,family,fold,ticker,horizon,valid_pair,auc_delta,average_precision_delta,log_loss_delta,brier_delta,balanced_accuracy_delta,spearman_delta,ece_delta,bootstrap_requested,bootstrap_valid,bootstrap_auc_delta_p025,bootstrap_auc_delta_median,bootstrap_auc_delta_p975,bootstrap_favorable_share
lr_2024_SPXW_30m,lr,2024,SPXW,30,True,0.011239515771237718,0.01707023336646435,-0.01162498654950983,-0.005182023177006806,0.009147951746139027,0.01787075350380432,-0.013244813324106819,1000,1000,-0.026308970099667664,0.012782338506732493,0.04908566595754884,0.74
lr_2024_SPXW_60m,lr,2024,SPXW,60,True,0.002648469697993372,0.011356269812228426,0.009094377970281453,0.004355867524245938,0.004999662184987486,0.004409612322806539,0.016210143282330447,1000,1000,-0.039103542590488094,0.0034559969886089337,0.04613784541321276,0.562
lr_2024_SPXW_120m,lr,2024,SPXW,120,True,0.03477208017631972,0.032701586540215766,0.016520668889391743,0.007075830185021059,0.02455139665332906,0.059161096762899726,0.022387644219435066,1000,1000,-0.01840834697602115,0.03445388484499223,0.08950915502930304,0.886
lr_2024_SPXW_180m,lr,2024,SPXW,180,True,0.0676404790103961,0.053119485839698166,0.012868849168703567,0.004380677252527054,0.05314844058428747,0.11508471798091273,0.01637153975324694,1000,1000,0.004472334430243544,0.0676161751328897,0.1328377473926254,0.985
lr_2024_QQQ_30m,lr,2024,QQQ,30,True,-0.015105386416861766,-0.03742022843298687,0.03153028574811101,0.013113985871763462,0.008865144418423121,-0.02511404540954877,0.012380538551216957,1000,1000,-0.047947536342415976,-0.013993156355412928,0.0207012796553817,0.211
lr_2024_QQQ_60m,lr,2024,QQQ,60,True,0.0036569148936169693,-0.004250873199647398,0.020154014176765878,0.008100964503836683,0.011480496453900702,0.006148679009898947,0.01132671835763055,1000,1000,-0.03155956456124344,0.004736863250819984,0.04004460907361807,0.584
lr_2024_QQQ_120m,lr,2024,QQQ,120,True,-0.01454063809967393,-0.02106145676914878,0.026986045919578205,0.01123061873993636,-0.010043083372147155,-0.02469782346986162,0.017685328028842012,1000,1000,-0.0393767798739485,-0.015840013146471793,0.009848847619634367,0.126
lr_2024_QQQ_180m,lr,2024,QQQ,180,True,-0.036417050691244346,-0.03755314597981069,0.038948703539114726,0.017085104482475133,-0.024619815668202705,-0.062151938616563956,0.02563138765834852,1000,1000,-0.0721015938558656,-0.03747310080650129,0.0007046586169305743,0.028
lr_2024_SPY_30m,lr,2024,SPY,30,True,-0.017722827491465032,-0.0021961547299791384,0.008420230513539129,0.003590576370064602,-0.024945253737027495,-0.028800640590533444,-0.0013860317544209244,1000,1000,-0.04497568398144167,-0.017978661885913516,0.00972276073147351,0.093
lr_2024_SPY_60m,lr,2024,SPY,60,True,-0.020929935375515685,-0.01274077139569546,0.016378061362361862,0.006879581879875751,-0.008598342400233716,-0.03462930788272386,0.01275566334634376,1000,1000,-0.047518326585327585,-0.020698820677485574,0.005382241606319935,0.059
lr_2024_SPY_120m,lr,2024,SPY,120,True,0.0051046786343020845,-0.0048080975050205366,0.024452266567770886,0.010040288027956756,-0.022460585990929427,0.008662027877749567,0.021681660423994567,1000,1000,-0.023125243193666007,0.005588665331155707,0.03450236931358571,0.637
lr_2024_SPY_180m,lr,2024,SPY,180,True,-0.01559068950373299,-0.017778860416307773,0.02665487476146622,0.011337250979174263,-0.005958797460773768,-0.026752444555942487,0.02067090566983551,1000,1000,-0.04323442112059284,-0.01502654823885774,0.01605527298850577,0.157
lr_2025_SPXW_30m,lr,2025,SPXW,30,True,-0.01872348275225988,-0.0021201920765966387,0.018706680139344956,0.008577630950586917,-0.031232706142778177,-0.029949286530851993,0.012641859003346329,1000,1000,-0.05574158485273494,-0.018999326903966884,0.020955363923072397,0.164
lr_2025_SPXW_60m,lr,2025,SPXW,60,True,-0.03156078901972548,-0.015799411747544845,0.018176243511130674,0.008072571606944384,-0.013035325883147153,-0.05286240543591386,0.004742781653744352,1000,1000,-0.06654846381890643,-0.03158741723516223,0.0016112742435682747,0.037
lr_2025_SPXW_120m,lr,2025,SPXW,120,True,-0.005451991524415001,0.003584111269010537,0.0028844339595276436,0.0014097291480694163,0.029057448277504005,-0.00923096006618955,0.009792859586730526,1000,1000,-0.04967940222993765,-0.006808626767896231,0.03794633191595811,0.395
lr_2025_SPXW_180m,lr,2025,SPXW,180,True,-0.06750517139479906,-0.05859799310702268,0.027190816520952787,0.012487818250456556,-0.030400413711583862,-0.11431332087695092,0.02278098920187893,1000,1000,-0.1292927973666317,-0.06573456904018737,-0.002005920662736228,0.024
lr_2025_QQQ_30m,lr,2025,QQQ,30,True,-0.020636206325245765,-0.022836941432495317,-0.003856015855910111,-0.0021151658170846244,0.0019421228968005133,-0.03421214581698401,-0.012640031719982514,1000,1000,-0.046376979447922184,-0.020132261687055064,0.0027608942582180826,0.051
lr_2025_QQQ_60m,lr,2025,QQQ,60,True,-0.020187618260800066,-0.01120304446012943,0.0036356601894282914,0.0014455154922465296,-0.002938197905284712,-0.03464296540421742,-0.021344166755201135,1000,1000,-0.050600572341647686,-0.018969039875075366,0.012690307347791896,0.116
lr_2025_QQQ_120m,lr,2025,QQQ,120,True,-0.006105390672319855,-0.0036101635550185307,-0.0012653870563412717,-0.0007610785791560271,-0.00663234403391888,-0.010495054656993547,-0.0033788177673620967,1000,1000,-0.03663039968507199,-0.006181381087363824,0.01957666308218797,0.319
lr_2025_QQQ_180m,lr,2025,QQQ,180,True,-0.01377374133252951,-0.009722928584409596,0.0038235297992395,0.001675871464203449,0.029601296352125495,-0.02379218426435889,0.034417151993908435,1000,1000,-0.050516882683928246,-0.013568591134744012,0.021494126388830852,0.239
lr_2025_SPY_30m,lr,2025,SPY,30,True,-0.02024555903866254,-0.0259319646554948,0.021209476347257894,0.009837961491478059,-0.0024599442702890606,-0.032111048601371095,0.013619327877144954,1000,1000,-0.041610951588486385,-0.020851464326913538,0.0008615635488202044,0.03
lr_2025_SPY_60m,lr,2025,SPY,60,True,-0.011731644849174772,-0.007692708848217489,0.010292439068360304,0.004603605751811429,-0.017721969265794058,-0.019483815412297323,0.002804864588887651,1000,1000,-0.04005132951703373,-0.011330591575147375,0.01342454239181817,0.223
lr_2025_SPY_120m,lr,2025,SPY,120,True,-0.0042502951593861305,-0.012298881121505012,0.005815177920240444,0.002426243649190557,-0.009287682014954557,-0.0073150238283983815,-0.0028882598777852236,1000,1000,-0.036005662401703005,-0.004254757688457067,0.027607443180902212,0.4
lr_2025_SPY_180m,lr,2025,SPY,180,True,-0.017519577490438865,0.0034432055777954274,0.00928029050713075,0.004215685847650891,-0.04161810234929886,-0.030062793828058515,0.01025724332636363,1000,1000,-0.05810969105012638,-0.01877180399101741,0.022740668090715364,0.208
lgbm_sensitivity_2024_SPXW_30m,lgbm_sensitivity,2024,SPXW,30,True,0.02222550863034245,0.021077132038780477,-0.012660228696824372,-0.006155296599457433,0.04514820526905117,0.03533840730451532,-0.004795149291788481,1000,1000,-0.01973126656997721,0.023020824625944514,0.0641192376723975,0.845
lgbm_sensitivity_2024_SPXW_60m,lgbm_sensitivity,2024,SPXW,60,True,-0.01298560908046753,-0.003605371051608408,5.450691666031293e-05,-0.00013876227969034094,0.014181474224714608,-0.021620599194985102,-0.007873951345773733,1000,1000,-0.060804248015913734,-0.0132763358435119,0.03836846264945024,0.297
lgbm_sensitivity_2024_SPXW_120m,lgbm_sensitivity,2024,SPXW,120,True,0.04689879584172829,0.02580026755637138,-0.01670476207629834,-0.008221708171993969,0.02739389123792768,0.07979344878956934,-0.018061048268767546,1000,1000,0.0014147200552713482,0.04617525120765498,0.08956642057944018,0.977
lgbm_sensitivity_2024_SPXW_180m,lgbm_sensitivity,2024,SPXW,180,True,0.07237794446637724,0.06338900531776431,-0.007375110526920747,-0.004126101538533766,0.035580339518357595,0.1231451262441673,0.01766647141953849,1000,1000,0.005982521996355,0.0720051105548602,0.13961690034103816,0.983
lgbm_sensitivity_2024_QQQ_30m,lgbm_sensitivity,2024,QQQ,30,True,-0.033177205308352886,-0.03166479941799866,0.008873074722399066,0.004248778978026835,-0.026063622170179546,-0.05516004805714844,-0.015547288529592265,1000,1000,-0.07241099945940527,-0.03225102715884437,0.0076029370191731255,0.045
lgbm_sensitivity_2024_QQQ_60m,lgbm_sensitivity,2024,QQQ,60,True,-0.021217494089834532,0.006689154781671369,0.0006470203045252365,0.00036403520173750037,-0.03864509456264775,-0.035674759831171216,-0.009402945535656335,1000,1000,-0.059525273961416526,-0.021396430642827535,0.018219613015122836,0.14
lgbm_sensitivity_2024_QQQ_120m,lgbm_sensitivity,2024,QQQ,120,True,-0.014067594317652476,-0.011861976281148545,-0.004109073448018918,-0.0014707418192004829,-0.02512226362366099,-0.023894340724345597,-0.023412591592065504,1000,1000,-0.048356065231162586,-0.014890854432208889,0.016735849700794055,0.191
lgbm_sensitivity_2024_QQQ_180m,lgbm_sensitivity,2024,QQQ,180,True,-0.0452419354838709,-0.03530026236299977,0.014498336964284042,0.0072632776293774515,-0.02033410138248859,-0.07721311703487713,0.027370117419542386,1000,1000,-0.07967126542658781,-0.046061158490371595,-0.009112438666037493,0.007
lgbm_sensitivity_2024_SPY_30m,lgbm_sensitivity,2024,SPY,30,True,-0.04514356442377021,-0.01962255970477217,0.017261679988110568,0.007630218115689119,-0.026754260687422704,-0.07336095634687681,-0.003952254408192593,1000,1000,-0.08018922542204572,-0.04488726257204362,-0.01068147257437746,0.007
lgbm_sensitivity_2024_SPY_60m,lgbm_sensitivity,2024,SPY,60,True,-0.043073861769323596,-0.03760592549176217,0.0074886085320483575,0.003635427122820445,-0.03078334367811897,-0.0712672062357496,-0.0013479485171836725,1000,1000,-0.07655475749891252,-0.04388669061844963,-0.008458144991789871,0.012
lgbm_sensitivity_2024_SPY_120m,lgbm_sensitivity,2024,SPY,120,True,-0.010746002971184776,-0.015246709051041751,0.006825830672885447,0.0028931755473862175,-0.009414205404414955,-0.01823467919905742,0.00944550927323054,1000,1000,-0.05033206803335835,-0.010006733397501577,0.027350717289097524,0.278
lgbm_sensitivity_2024_SPY_180m,lgbm_sensitivity,2024,SPY,180,True,0.04742084880424813,0.013550239657338814,-0.012794747777959858,-0.006513937613211229,0.012471553479458664,0.0813705916038942,-0.018902842691788296,1000,1000,-0.0013100402242775418,0.047494860699290514,0.09478395893199233,0.969
lgbm_sensitivity_2025_SPXW_30m,lgbm_sensitivity,2025,SPXW,30,True,-0.028431101272827886,-0.025011166849712996,0.02842031419613389,0.011023522451054035,-0.010399372809444696,-0.045477180163227326,0.013147522736595169,1000,1000,-0.06969235732738828,-0.027819891623596493,0.014308090190011216,0.083
lgbm_sensitivity_2025_SPXW_60m,lgbm_sensitivity,2025,SPXW,60,True,-0.020700517512937777,-0.0011866040007061929,0.006949296989161136,0.003209279510935109,0.0033075826895672122,-0.03467211002925913,0.025622799522259848,1000,1000,-0.06421830227367115,-0.021192267969163847,0.023999752540472017,0.183
lgbm_sensitivity_2025_SPXW_120m,lgbm_sensitivity,2025,SPXW,120,True,0.006059091017308282,0.0021078482126806186,-0.005212226373846218,-0.0025889496301720882,0.006029331238244895,0.010258861732948613,-0.013037411685866265,1000,1000,-0.03638427384677013,0.007316447993313102,0.04803518416316111,0.626
lgbm_sensitivity_2025_SPXW_180m,lgbm_sensitivity,2025,SPXW,180,True,-0.037418735224586275,-0.003379873716393811,0.015458754855846468,0.007443001227598889,-0.01388888888888895,-0.06336492150388578,0.030378929737607946,1000,1000,-0.10306239650089347,-0.037057205585803776,0.03222140077716429,0.136
lgbm_sensitivity_2025_QQQ_30m,lgbm_sensitivity,2025,QQQ,30,True,-0.04092264644158894,-0.05253387920811303,0.009776079672008442,0.0036312395173150602,-0.03834542174441291,-0.067844424755714,-0.031997580218323496,1000,1000,-0.0781137254333587,-0.04146583887732558,-0.0026002121473520626,0.018
lgbm_sensitivity_2025_QQQ_60m,lgbm_sensitivity,2025,QQQ,60,True,-0.02398528902273267,-0.05399852956848106,0.015267025008813384,0.00698129463391739,-0.03697065799642896,-0.04115995889609991,0.018452186697177034,1000,1000,-0.0674372850323193,-0.023262569340589123,0.02063678117487814,0.157
lgbm_sensitivity_2025_QQQ_120m,lgbm_sensitivity,2025,QQQ,120,True,-0.02971532404603261,-0.018154512048098148,0.012815079513078143,0.005361721971725464,0.006850393700787438,-0.05108009736826419,0.015580431084098414,1000,1000,-0.0723907147383279,-0.028830268421538296,0.015160697247913196,0.09
lgbm_sensitivity_2025_QQQ_180m,lgbm_sensitivity,2025,QQQ,180,True,-0.021555622550497477,-0.019383332391425645,0.009211827023239305,0.004230660330964642,-0.019464124208622202,-0.03723428016200628,0.01930840624372633,1000,1000,-0.07008455345862473,-0.022538323443363484,0.027725117249542904,0.194
lgbm_sensitivity_2025_SPY_30m,lgbm_sensitivity,2025,SPY,30,True,-0.019189742250087183,-0.0493030596228613,0.0033800492874869192,0.0008040888714018757,-0.01561955764541978,-0.030436440152805055,-0.019463038989980044,1000,1000,-0.04860130481842211,-0.019467290087656186,0.009309543381131886,0.085
lgbm_sensitivity_2025_SPY_60m,lgbm_sensitivity,2025,SPY,60,True,-0.015822424587364936,-0.02032149994408794,0.004722690204494229,0.0017069805807481409,0.004055207740466749,-0.026277747408701757,-0.007993272065167478,1000,1000,-0.05354530548766691,-0.015803317171791176,0.02141528346035974,0.208
lgbm_sensitivity_2025_SPY_120m,lgbm_sensitivity,2025,SPY,120,True,-0.013889141161868568,0.004602672591163648,0.0032358157547364153,0.001541120330855572,-0.015399751763388148,-0.02390408071559247,0.006059240839159687,1000,1000,-0.05199816965654398,-0.014580986660953199,0.02754670542520205,0.229
lgbm_sensitivity_2025_SPY_180m,lgbm_sensitivity,2025,SPY,180,True,-0.024722272810052792,-0.002371201188928751,0.007537822254126136,0.003178620170540797,-0.018812602440356985,-0.04242228962743186,0.020068697234139163,1000,1000,-0.07103584978921569,-0.023902713085605876,0.01921738347930967,0.146
